episode,reward,moving_average_100
1,-200.0,-200.0
2,-200.0,-200.0
3,-200.0,-200.0
4,-200.0,-200.0
5,-200.0,-200.0
6,-200.0,-200.0
7,-200.0,-200.0
8,-200.0,-200.0
9,-200.0,-200.0
10,-200.0,-200.0
11,-200.0,-200.0
12,-200.0,-200.0
13,-200.0,-200.0
14,-200.0,-200.0
15,-200.0,-200.0
16,-200.0,-200.0
17,-200.0,-200.0
18,-200.0,-200.0
19,-200.0,-200.0
20,-200.0,-200.0
21,-200.0,-200.0
22,-200.0,-200.0
23,-200.0,-200.0
24,-200.0,-200.0
25,-200.0,-200.0
26,-200.0,-200.0
27,-200.0,-200.0
28,-200.0,-200.0
29,-200.0,-200.0
30,-200.0,-200.0
31,-200.0,-200.0
32,-200.0,-200.0
33,-200.0,-200.0
34,-200.0,-200.0
35,-200.0,-200.0
36,-200.0,-200.0
37,-200.0,-200.0
38,-200.0,-200.0
39,-200.0,-200.0
40,-200.0,-200.0
41,-200.0,-200.0
42,-200.0,-200.0
43,-200.0,-200.0
44,-200.0,-200.0
45,-200.0,-200.0
46,-200.0,-200.0
47,-200.0,-200.0
48,-200.0,-200.0
49,-200.0,-200.0
50,-200.0,-200.0
51,-200.0,-200.0
52,-200.0,-200.0
53,-200.0,-200.0
54,-200.0,-200.0
55,-200.0,-200.0
56,-200.0,-200.0
57,-200.0,-200.0
58,-200.0,-200.0
59,-200.0,-200.0
60,-200.0,-200.0
61,-200.0,-200.0
62,-200.0,-200.0
63,-200.0,-200.0
64,-200.0,-200.0
65,-200.0,-200.0
66,-200.0,-200.0
67,-200.0,-200.0
68,-200.0,-200.0
69,-200.0,-200.0
70,-200.0,-200.0
71,-200.0,-200.0
72,-200.0,-200.0
73,-200.0,-200.0
74,-200.0,-200.0
75,-200.0,-200.0
76,-200.0,-200.0
77,-200.0,-200.0
78,-200.0,-200.0
79,-200.0,-200.0
80,-200.0,-200.0
81,-200.0,-200.0
82,-200.0,-200.0
83,-200.0,-200.0
84,-200.0,-200.0
85,-200.0,-200.0
86,-200.0,-200.0
87,-200.0,-200.0
88,-200.0,-200.0
89,-200.0,-200.0
90,-200.0,-200.0
91,-200.0,-200.0
92,-200.0,-200.0
93,-200.0,-200.0
94,-200.0,-200.0
95,-200.0,-200.0
96,-200.0,-200.0
97,-200.0,-200.0
98,-200.0,-200.0
99,-200.0,-200.0
100,-200.0,-200.0
101,-200.0,-200.0
102,-200.0,-200.0
103,-200.0,-200.0
104,-200.0,-200.0
105,-200.0,-200.0
106,-200.0,-200.0
107,-200.0,-200.0
108,-200.0,-200.0
109,-200.0,-200.0
110,-200.0,-200.0
111,-200.0,-200.0
112,-200.0,-200.0
113,-200.0,-200.0
114,-200.0,-200.0
115,-200.0,-200.0
116,-200.0,-200.0
117,-200.0,-200.0
118,-200.0,-200.0
119,-200.0,-200.0
120,-200.0,-200.0
121,-200.0,-200.0
122,-200.0,-200.0
123,-200.0,-200.0
124,-200.0,-200.0
125,-200.0,-200.0
126,-200.0,-200.0
127,-200.0,-200.0
128,-200.0,-200.0
129,-200.0,-200.0
130,-200.0,-200.0
131,-200.0,-200.0
132,-200.0,-200.0
133,-200.0,-200.0
134,-200.0,-200.0
135,-200.0,-200.0
136,-200.0,-200.0
137,-200.0,-200.0
138,-200.0,-200.0
139,-200.0,-200.0
140,-200.0,-200.0
141,-200.0,-200.0
142,-200.0,-200.0
143,-200.0,-200.0
144,-200.0,-200.0
145,-200.0,-200.0
146,-200.0,-200.0
147,-200.0,-200.0
148,-200.0,-200.0
149,-200.0,-200.0
150,-200.0,-200.0
151,-200.0,-200.0
152,-200.0,-200.0
153,-200.0,-200.0
154,-200.0,-200.0
155,-200.0,-200.0
156,-200.0,-200.0
157,-200.0,-200.0
158,-200.0,-200.0
159,-200.0,-200.0
160,-200.0,-200.0
161,-200.0,-200.0
162,-200.0,-200.0
163,-200.0,-200.0
164,-200.0,-200.0
165,-200.0,-200.0
166,-200.0,-200.0
167,-200.0,-200.0
168,-200.0,-200.0
169,-200.0,-200.0
170,-200.0,-200.0
171,-200.0,-200.0
172,-200.0,-200.0
173,-200.0,-200.0
174,-200.0,-200.0
175,-200.0,-200.0
176,-200.0,-200.0
177,-200.0,-200.0
178,-200.0,-200.0
179,-200.0,-200.0
180,-200.0,-200.0
181,-200.0,-200.0
182,-200.0,-200.0
183,-200.0,-200.0
184,-200.0,-200.0
185,-200.0,-200.0
186,-200.0,-200.0
187,-200.0,-200.0
188,-200.0,-200.0
189,-200.0,-200.0
190,-200.0,-200.0
191,-200.0,-200.0
192,-200.0,-200.0
193,-200.0,-200.0
194,-200.0,-200.0
195,-200.0,-200.0
196,-200.0,-200.0
197,-200.0,-200.0
198,-200.0,-200.0
199,-200.0,-200.0
200,-200.0,-200.0
201,-200.0,-200.0
202,-200.0,-200.0
203,-200.0,-200.0
204,-200.0,-200.0
205,-200.0,-200.0
206,-200.0,-200.0
207,-200.0,-200.0
208,-200.0,-200.0
209,-200.0,-200.0
210,-200.0,-200.0
211,-200.0,-200.0
212,-200.0,-200.0
213,-200.0,-200.0
214,-200.0,-200.0
215,-200.0,-200.0
216,-200.0,-200.0
217,-200.0,-200.0
218,-200.0,-200.0
219,-200.0,-200.0
220,-200.0,-200.0
221,-200.0,-200.0
222,-200.0,-200.0
223,-200.0,-200.0
224,-200.0,-200.0
225,-200.0,-200.0
226,-200.0,-200.0
227,-200.0,-200.0
228,-200.0,-200.0
229,-200.0,-200.0
230,-200.0,-200.0
231,-200.0,-200.0
232,-200.0,-200.0
233,-200.0,-200.0
234,-200.0,-200.0
235,-200.0,-200.0
236,-200.0,-200.0
237,-200.0,-200.0
238,-200.0,-200.0
239,-200.0,-200.0
240,-200.0,-200.0
241,-200.0,-200.0
242,-200.0,-200.0
243,-200.0,-200.0
244,-200.0,-200.0
245,-200.0,-200.0
246,-200.0,-200.0
247,-200.0,-200.0
248,-200.0,-200.0
249,-200.0,-200.0
250,-200.0,-200.0
251,-200.0,-200.0
252,-200.0,-200.0
253,-200.0,-200.0
254,-200.0,-200.0
255,-200.0,-200.0
256,-200.0,-200.0
257,-200.0,-200.0
258,-200.0,-200.0
259,-200.0,-200.0
260,-200.0,-200.0
261,-200.0,-200.0
262,-200.0,-200.0
263,-200.0,-200.0
264,-200.0,-200.0
265,-200.0,-200.0
266,-200.0,-200.0
267,-200.0,-200.0
268,-200.0,-200.0
269,-200.0,-200.0
270,-200.0,-200.0
271,-200.0,-200.0
272,-200.0,-200.0
273,-200.0,-200.0
274,-200.0,-200.0
275,-200.0,-200.0
276,-200.0,-200.0
277,-200.0,-200.0
278,-200.0,-200.0
279,-200.0,-200.0
280,-200.0,-200.0
281,-200.0,-200.0
282,-200.0,-200.0
283,-200.0,-200.0
284,-200.0,-200.0
285,-200.0,-200.0
286,-200.0,-200.0
287,-200.0,-200.0
288,-200.0,-200.0
289,-200.0,-200.0
290,-200.0,-200.0
291,-200.0,-200.0
292,-200.0,-200.0
293,-200.0,-200.0
294,-200.0,-200.0
295,-200.0,-200.0
296,-200.0,-200.0
297,-200.0,-200.0
298,-200.0,-200.0
299,-200.0,-200.0
300,-200.0,-200.0
301,-200.0,-200.0
302,-200.0,-200.0
303,-200.0,-200.0
304,-200.0,-200.0
305,-200.0,-200.0
306,-200.0,-200.0
307,-200.0,-200.0
308,-200.0,-200.0
309,-200.0,-200.0
310,-200.0,-200.0
311,-200.0,-200.0
312,-200.0,-200.0
313,-200.0,-200.0
314,-200.0,-200.0
315,-200.0,-200.0
316,-200.0,-200.0
317,-200.0,-200.0
318,-200.0,-200.0
319,-200.0,-200.0
320,-200.0,-200.0
321,-200.0,-200.0
322,-200.0,-200.0
323,-200.0,-200.0
324,-200.0,-200.0
325,-200.0,-200.0
326,-200.0,-200.0
327,-200.0,-200.0
328,-200.0,-200.0
329,-200.0,-200.0
330,-200.0,-200.0
331,-200.0,-200.0
332,-200.0,-200.0
333,-200.0,-200.0
334,-200.0,-200.0
335,-200.0,-200.0
336,-200.0,-200.0
337,-200.0,-200.0
338,-200.0,-200.0
339,-200.0,-200.0
340,-200.0,-200.0
341,-200.0,-200.0
342,-200.0,-200.0
343,-200.0,-200.0
344,-200.0,-200.0
345,-200.0,-200.0
346,-200.0,-200.0
347,-200.0,-200.0
348,-200.0,-200.0
349,-200.0,-200.0
350,-200.0,-200.0
351,-200.0,-200.0
352,-200.0,-200.0
353,-200.0,-200.0
354,-200.0,-200.0
355,-200.0,-200.0
356,-200.0,-200.0
357,-200.0,-200.0
358,-200.0,-200.0
359,-200.0,-200.0
360,-200.0,-200.0
361,-200.0,-200.0
362,-200.0,-200.0
363,-200.0,-200.0
364,-200.0,-200.0
365,-200.0,-200.0
366,-200.0,-200.0
367,-200.0,-200.0
368,-200.0,-200.0
369,-200.0,-200.0
370,-200.0,-200.0
371,-200.0,-200.0
372,-200.0,-200.0
373,-200.0,-200.0
374,-200.0,-200.0
375,-200.0,-200.0
376,-200.0,-200.0
377,-200.0,-200.0
378,-200.0,-200.0
379,-200.0,-200.0
380,-200.0,-200.0
381,-200.0,-200.0
382,-200.0,-200.0
383,-200.0,-200.0
384,-200.0,-200.0
385,-200.0,-200.0
386,-200.0,-200.0
387,-200.0,-200.0
388,-200.0,-200.0
389,-200.0,-200.0
390,-200.0,-200.0
391,-200.0,-200.0
392,-200.0,-200.0
393,-200.0,-200.0
394,-200.0,-200.0
395,-200.0,-200.0
396,-200.0,-200.0
397,-200.0,-200.0
398,-200.0,-200.0
399,-200.0,-200.0
400,-200.0,-200.0
401,-200.0,-200.0
402,-200.0,-200.0
403,-200.0,-200.0
404,-200.0,-200.0
405,-200.0,-200.0
406,-200.0,-200.0
407,-200.0,-200.0
408,-200.0,-200.0
409,-200.0,-200.0
410,-200.0,-200.0
411,-200.0,-200.0
412,-200.0,-200.0
413,-200.0,-200.0
414,-200.0,-200.0
415,-200.0,-200.0
416,-200.0,-200.0
417,-200.0,-200.0
418,-200.0,-200.0
419,-200.0,-200.0
420,-200.0,-200.0
421,-200.0,-200.0
422,-200.0,-200.0
423,-200.0,-200.0
424,-200.0,-200.0
425,-200.0,-200.0
426,-200.0,-200.0
427,-200.0,-200.0
428,-200.0,-200.0
429,-200.0,-200.0
430,-200.0,-200.0
431,-200.0,-200.0
432,-200.0,-200.0
433,-200.0,-200.0
434,-200.0,-200.0
435,-200.0,-200.0
436,-200.0,-200.0
437,-200.0,-200.0
438,-200.0,-200.0
439,-200.0,-200.0
440,-200.0,-200.0
441,-200.0,-200.0
442,-200.0,-200.0
443,-200.0,-200.0
444,-200.0,-200.0
445,-200.0,-200.0
446,-200.0,-200.0
447,-200.0,-200.0
448,-200.0,-200.0
449,-200.0,-200.0
450,-200.0,-200.0
451,-200.0,-200.0
452,-200.0,-200.0
453,-200.0,-200.0
454,-200.0,-200.0
455,-200.0,-200.0
456,-200.0,-200.0
457,-200.0,-200.0
458,-200.0,-200.0
459,-200.0,-200.0
460,-200.0,-200.0
461,-200.0,-200.0
462,-200.0,-200.0
463,-200.0,-200.0
464,-200.0,-200.0
465,-200.0,-200.0
466,-200.0,-200.0
467,-200.0,-200.0
468,-200.0,-200.0
469,-200.0,-200.0
470,-200.0,-200.0
471,-200.0,-200.0
472,-200.0,-200.0
473,-200.0,-200.0
474,-200.0,-200.0
475,-200.0,-200.0
476,-200.0,-200.0
477,-200.0,-200.0
478,-200.0,-200.0
479,-200.0,-200.0
480,-200.0,-200.0
481,-200.0,-200.0
482,-200.0,-200.0
483,-200.0,-200.0
484,-200.0,-200.0
485,-200.0,-200.0
486,-200.0,-200.0
487,-200.0,-200.0
488,-200.0,-200.0
489,-200.0,-200.0
490,-200.0,-200.0
491,-200.0,-200.0
492,-200.0,-200.0
493,-200.0,-200.0
494,-200.0,-200.0
495,-200.0,-200.0
496,-200.0,-200.0
497,-200.0,-200.0
498,-200.0,-200.0
499,-200.0,-200.0
500,-200.0,-200.0
501,-200.0,-200.0
502,-200.0,-200.0
503,-200.0,-200.0
504,-200.0,-200.0
505,-200.0,-200.0
506,-200.0,-200.0
507,-200.0,-200.0
508,-200.0,-200.0
509,-200.0,-200.0
510,-200.0,-200.0
511,-200.0,-200.0
512,-200.0,-200.0
513,-200.0,-200.0
514,-200.0,-200.0
515,-200.0,-200.0
516,-200.0,-200.0
517,-200.0,-200.0
518,-200.0,-200.0
519,-200.0,-200.0
520,-200.0,-200.0
521,-200.0,-200.0
522,-200.0,-200.0
523,-200.0,-200.0
524,-200.0,-200.0
525,-200.0,-200.0
526,-200.0,-200.0
527,-200.0,-200.0
528,-200.0,-200.0
529,-200.0,-200.0
530,-200.0,-200.0
531,-200.0,-200.0
532,-200.0,-200.0
533,-200.0,-200.0
534,-200.0,-200.0
535,-200.0,-200.0
536,-200.0,-200.0
537,-200.0,-200.0
538,-200.0,-200.0
539,-200.0,-200.0
540,-200.0,-200.0
541,-200.0,-200.0
542,-200.0,-200.0
543,-200.0,-200.0
544,-200.0,-200.0
545,-200.0,-200.0
546,-200.0,-200.0
547,-200.0,-200.0
548,-200.0,-200.0
549,-200.0,-200.0
550,-200.0,-200.0
551,-200.0,-200.0
552,-200.0,-200.0
553,-200.0,-200.0
554,-200.0,-200.0
555,-200.0,-200.0
556,-200.0,-200.0
557,-200.0,-200.0
558,-200.0,-200.0
559,-200.0,-200.0
560,-200.0,-200.0
561,-200.0,-200.0
562,-200.0,-200.0
563,-200.0,-200.0
564,-200.0,-200.0
565,-200.0,-200.0
566,-200.0,-200.0
567,-200.0,-200.0
568,-200.0,-200.0
569,-200.0,-200.0
570,-200.0,-200.0
571,-200.0,-200.0
572,-200.0,-200.0
573,-200.0,-200.0
574,-200.0,-200.0
575,-200.0,-200.0
576,-200.0,-200.0
577,-200.0,-200.0
578,-200.0,-200.0
579,-200.0,-200.0
580,-200.0,-200.0
581,-200.0,-200.0
582,-200.0,-200.0
583,-200.0,-200.0
584,-200.0,-200.0
585,-200.0,-200.0
586,-200.0,-200.0
587,-200.0,-200.0
588,-200.0,-200.0
589,-200.0,-200.0
590,-200.0,-200.0
591,-200.0,-200.0
592,-200.0,-200.0
593,-200.0,-200.0
594,-200.0,-200.0
595,-200.0,-200.0
596,-200.0,-200.0
597,-200.0,-200.0
598,-200.0,-200.0
599,-200.0,-200.0
600,-200.0,-200.0
601,-200.0,-200.0
602,-200.0,-200.0
603,-200.0,-200.0
604,-200.0,-200.0
605,-200.0,-200.0
606,-200.0,-200.0
607,-200.0,-200.0
608,-200.0,-200.0
609,-200.0,-200.0
610,-200.0,-200.0
611,-200.0,-200.0
612,-200.0,-200.0
613,-200.0,-200.0
614,-200.0,-200.0
615,-200.0,-200.0
616,-200.0,-200.0
617,-200.0,-200.0
618,-200.0,-200.0
619,-200.0,-200.0
620,-200.0,-200.0
621,-200.0,-200.0
622,-200.0,-200.0
623,-200.0,-200.0
624,-200.0,-200.0
625,-200.0,-200.0
626,-200.0,-200.0
627,-200.0,-200.0
628,-200.0,-200.0
629,-200.0,-200.0
630,-200.0,-200.0
631,-200.0,-200.0
632,-200.0,-200.0
633,-200.0,-200.0
634,-200.0,-200.0
635,-200.0,-200.0
636,-200.0,-200.0
637,-200.0,-200.0
638,-200.0,-200.0
639,-200.0,-200.0
640,-200.0,-200.0
641,-200.0,-200.0
642,-200.0,-200.0
643,-200.0,-200.0
644,-200.0,-200.0
645,-200.0,-200.0
646,-200.0,-200.0
647,-200.0,-200.0
648,-200.0,-200.0
649,-200.0,-200.0
650,-200.0,-200.0
651,-200.0,-200.0
652,-200.0,-200.0
653,-200.0,-200.0
654,-200.0,-200.0
655,-200.0,-200.0
656,-200.0,-200.0
657,-200.0,-200.0
658,-200.0,-200.0
659,-200.0,-200.0
660,-200.0,-200.0
661,-200.0,-200.0
662,-200.0,-200.0
663,-200.0,-200.0
664,-200.0,-200.0
665,-200.0,-200.0
666,-200.0,-200.0
667,-200.0,-200.0
668,-200.0,-200.0
669,-200.0,-200.0
670,-200.0,-200.0
671,-200.0,-200.0
672,-200.0,-200.0
673,-200.0,-200.0
674,-200.0,-200.0
675,-200.0,-200.0
676,-200.0,-200.0
677,-200.0,-200.0
678,-200.0,-200.0
679,-200.0,-200.0
680,-200.0,-200.0
681,-200.0,-200.0
682,-200.0,-200.0
683,-200.0,-200.0
684,-200.0,-200.0
685,-200.0,-200.0
686,-200.0,-200.0
687,-200.0,-200.0
688,-200.0,-200.0
689,-200.0,-200.0
690,-200.0,-200.0
691,-200.0,-200.0
692,-200.0,-200.0
693,-200.0,-200.0
694,-200.0,-200.0
695,-200.0,-200.0
696,-200.0,-200.0
697,-200.0,-200.0
698,-200.0,-200.0
699,-200.0,-200.0
700,-200.0,-200.0
701,-200.0,-200.0
702,-200.0,-200.0
703,-200.0,-200.0
704,-200.0,-200.0
705,-200.0,-200.0
706,-200.0,-200.0
707,-200.0,-200.0
708,-200.0,-200.0
709,-200.0,-200.0
710,-200.0,-200.0
711,-200.0,-200.0
712,-200.0,-200.0
713,-200.0,-200.0
714,-200.0,-200.0
715,-200.0,-200.0
716,-200.0,-200.0
717,-200.0,-200.0
718,-200.0,-200.0
719,-200.0,-200.0
720,-200.0,-200.0
721,-200.0,-200.0
722,-200.0,-200.0
723,-200.0,-200.0
724,-200.0,-200.0
725,-200.0,-200.0
726,-200.0,-200.0
727,-200.0,-200.0
728,-200.0,-200.0
729,-200.0,-200.0
730,-200.0,-200.0
731,-200.0,-200.0
732,-200.0,-200.0
733,-200.0,-200.0
734,-200.0,-200.0
735,-200.0,-200.0
736,-200.0,-200.0
737,-200.0,-200.0
738,-200.0,-200.0
739,-200.0,-200.0
740,-200.0,-200.0
741,-200.0,-200.0
742,-200.0,-200.0
743,-200.0,-200.0
744,-200.0,-200.0
745,-200.0,-200.0
746,-200.0,-200.0
747,-200.0,-200.0
748,-200.0,-200.0
749,-200.0,-200.0
750,-200.0,-200.0
751,-200.0,-200.0
752,-200.0,-200.0
753,-200.0,-200.0
754,-200.0,-200.0
755,-200.0,-200.0
756,-200.0,-200.0
757,-200.0,-200.0
758,-200.0,-200.0
759,-200.0,-200.0
760,-200.0,-200.0
761,-200.0,-200.0
762,-200.0,-200.0
763,-200.0,-200.0
764,-200.0,-200.0
765,-200.0,-200.0
766,-200.0,-200.0
767,-200.0,-200.0
768,-200.0,-200.0
769,-200.0,-200.0
770,-200.0,-200.0
771,-200.0,-200.0
772,-200.0,-200.0
773,-200.0,-200.0
774,-200.0,-200.0
775,-200.0,-200.0
776,-200.0,-200.0
777,-200.0,-200.0
778,-200.0,-200.0
779,-200.0,-200.0
780,-200.0,-200.0
781,-200.0,-200.0
782,-200.0,-200.0
783,-200.0,-200.0
784,-200.0,-200.0
785,-200.0,-200.0
786,-200.0,-200.0
787,-200.0,-200.0
788,-200.0,-200.0
789,-200.0,-200.0
790,-200.0,-200.0
791,-200.0,-200.0
792,-200.0,-200.0
793,-200.0,-200.0
794,-200.0,-200.0
795,-200.0,-200.0
796,-200.0,-200.0
797,-200.0,-200.0
798,-200.0,-200.0
799,-200.0,-200.0
800,-200.0,-200.0
801,-200.0,-200.0
802,-200.0,-200.0
803,-200.0,-200.0
804,-200.0,-200.0
805,-200.0,-200.0
806,-200.0,-200.0
807,-200.0,-200.0
808,-200.0,-200.0
809,-200.0,-200.0
810,-200.0,-200.0
811,-200.0,-200.0
812,-200.0,-200.0
813,-200.0,-200.0
814,-200.0,-200.0
815,-200.0,-200.0
816,-200.0,-200.0
817,-200.0,-200.0
818,-200.0,-200.0
819,-200.0,-200.0
820,-200.0,-200.0
821,-200.0,-200.0
822,-200.0,-200.0
823,-200.0,-200.0
824,-200.0,-200.0
825,-200.0,-200.0
826,-200.0,-200.0
827,-200.0,-200.0
828,-200.0,-200.0
829,-200.0,-200.0
830,-200.0,-200.0
831,-200.0,-200.0
832,-200.0,-200.0
833,-200.0,-200.0
834,-200.0,-200.0
835,-200.0,-200.0
836,-200.0,-200.0
837,-200.0,-200.0
838,-200.0,-200.0
839,-200.0,-200.0
840,-200.0,-200.0
841,-200.0,-200.0
842,-200.0,-200.0
843,-200.0,-200.0
844,-200.0,-200.0
845,-200.0,-200.0
846,-200.0,-200.0
847,-200.0,-200.0
848,-200.0,-200.0
849,-200.0,-200.0
850,-200.0,-200.0
851,-200.0,-200.0
852,-200.0,-200.0
853,-200.0,-200.0
854,-200.0,-200.0
855,-200.0,-200.0
856,-200.0,-200.0
857,-200.0,-200.0
858,-200.0,-200.0
859,-200.0,-200.0
860,-200.0,-200.0
861,-200.0,-200.0
862,-200.0,-200.0
863,-200.0,-200.0
864,-200.0,-200.0
865,-200.0,-200.0
866,-200.0,-200.0
867,-200.0,-200.0
868,-200.0,-200.0
869,-200.0,-200.0
870,-200.0,-200.0
871,-200.0,-200.0
872,-200.0,-200.0
873,-200.0,-200.0
874,-200.0,-200.0
875,-200.0,-200.0
876,-200.0,-200.0
877,-200.0,-200.0
878,-200.0,-200.0
879,-200.0,-200.0
880,-200.0,-200.0
881,-200.0,-200.0
882,-200.0,-200.0
883,-200.0,-200.0
884,-200.0,-200.0
885,-200.0,-200.0
886,-200.0,-200.0
887,-200.0,-200.0
888,-200.0,-200.0
889,-200.0,-200.0
890,-200.0,-200.0
891,-200.0,-200.0
892,-200.0,-200.0
893,-200.0,-200.0
894,-200.0,-200.0
895,-200.0,-200.0
896,-200.0,-200.0
897,-200.0,-200.0
898,-200.0,-200.0
899,-200.0,-200.0
900,-200.0,-200.0
901,-200.0,-200.0
902,-200.0,-200.0
903,-200.0,-200.0
904,-200.0,-200.0
905,-200.0,-200.0
906,-200.0,-200.0
907,-200.0,-200.0
908,-200.0,-200.0
909,-200.0,-200.0
910,-200.0,-200.0
911,-200.0,-200.0
912,-200.0,-200.0
913,-200.0,-200.0
914,-200.0,-200.0
915,-200.0,-200.0
916,-200.0,-200.0
917,-200.0,-200.0
918,-200.0,-200.0
919,-200.0,-200.0
920,-200.0,-200.0
921,-200.0,-200.0
922,-200.0,-200.0
923,-200.0,-200.0
924,-200.0,-200.0
925,-200.0,-200.0
926,-200.0,-200.0
927,-200.0,-200.0
928,-200.0,-200.0
929,-200.0,-200.0
930,-200.0,-200.0
931,-200.0,-200.0
932,-200.0,-200.0
933,-200.0,-200.0
934,-200.0,-200.0
935,-200.0,-200.0
936,-200.0,-200.0
937,-200.0,-200.0
938,-200.0,-200.0
939,-200.0,-200.0
940,-200.0,-200.0
941,-200.0,-200.0
942,-200.0,-200.0
943,-200.0,-200.0
944,-200.0,-200.0
945,-200.0,-200.0
946,-200.0,-200.0
947,-200.0,-200.0
948,-200.0,-200.0
949,-200.0,-200.0
950,-200.0,-200.0
951,-200.0,-200.0
952,-200.0,-200.0
953,-200.0,-200.0
954,-200.0,-200.0
955,-200.0,-200.0
956,-200.0,-200.0
957,-200.0,-200.0
958,-200.0,-200.0
959,-200.0,-200.0
960,-200.0,-200.0
961,-200.0,-200.0
962,-200.0,-200.0
963,-200.0,-200.0
964,-200.0,-200.0
965,-200.0,-200.0
966,-200.0,-200.0
967,-200.0,-200.0
968,-200.0,-200.0
969,-200.0,-200.0
970,-200.0,-200.0
971,-200.0,-200.0
972,-200.0,-200.0
973,-200.0,-200.0
974,-200.0,-200.0
975,-200.0,-200.0
976,-200.0,-200.0
977,-200.0,-200.0
978,-200.0,-200.0
979,-200.0,-200.0
980,-200.0,-200.0
981,-200.0,-200.0
982,-200.0,-200.0
983,-200.0,-200.0
984,-200.0,-200.0
985,-200.0,-200.0
986,-200.0,-200.0
987,-200.0,-200.0
988,-200.0,-200.0
989,-200.0,-200.0
990,-200.0,-200.0
991,-200.0,-200.0
992,-200.0,-200.0
993,-200.0,-200.0
994,-200.0,-200.0
995,-200.0,-200.0
996,-200.0,-200.0
997,-200.0,-200.0
998,-200.0,-200.0
999,-200.0,-200.0
1000,-200.0,-200.0
1001,-200.0,-200.0
1002,-200.0,-200.0
1003,-200.0,-200.0
1004,-200.0,-200.0
1005,-200.0,-200.0
1006,-200.0,-200.0
1007,-200.0,-200.0
1008,-200.0,-200.0
1009,-200.0,-200.0
1010,-200.0,-200.0
1011,-200.0,-200.0
1012,-200.0,-200.0
1013,-200.0,-200.0
1014,-200.0,-200.0
1015,-200.0,-200.0
1016,-200.0,-200.0
1017,-200.0,-200.0
1018,-200.0,-200.0
1019,-200.0,-200.0
1020,-200.0,-200.0
1021,-200.0,-200.0
1022,-200.0,-200.0
1023,-200.0,-200.0
1024,-200.0,-200.0
1025,-200.0,-200.0
1026,-200.0,-200.0
1027,-200.0,-200.0
1028,-200.0,-200.0
1029,-200.0,-200.0
1030,-200.0,-200.0
1031,-200.0,-200.0
1032,-200.0,-200.0
1033,-200.0,-200.0
1034,-200.0,-200.0
1035,-200.0,-200.0
1036,-200.0,-200.0
1037,-200.0,-200.0
1038,-200.0,-200.0
1039,-200.0,-200.0
1040,-200.0,-200.0
1041,-200.0,-200.0
1042,-200.0,-200.0
1043,-200.0,-200.0
1044,-200.0,-200.0
1045,-200.0,-200.0
1046,-200.0,-200.0
1047,-200.0,-200.0
1048,-200.0,-200.0
1049,-200.0,-200.0
1050,-200.0,-200.0
1051,-200.0,-200.0
1052,-200.0,-200.0
1053,-200.0,-200.0
1054,-200.0,-200.0
1055,-200.0,-200.0
1056,-200.0,-200.0
1057,-200.0,-200.0
1058,-200.0,-200.0
1059,-200.0,-200.0
1060,-200.0,-200.0
1061,-200.0,-200.0
1062,-200.0,-200.0
1063,-200.0,-200.0
1064,-200.0,-200.0
1065,-200.0,-200.0
1066,-200.0,-200.0
1067,-200.0,-200.0
1068,-200.0,-200.0
1069,-200.0,-200.0
1070,-200.0,-200.0
1071,-200.0,-200.0
1072,-200.0,-200.0
1073,-200.0,-200.0
1074,-200.0,-200.0
1075,-200.0,-200.0
1076,-200.0,-200.0
1077,-200.0,-200.0
1078,-200.0,-200.0
1079,-200.0,-200.0
1080,-200.0,-200.0
1081,-200.0,-200.0
1082,-200.0,-200.0
1083,-200.0,-200.0
1084,-200.0,-200.0
1085,-200.0,-200.0
1086,-200.0,-200.0
1087,-200.0,-200.0
1088,-200.0,-200.0
1089,-200.0,-200.0
1090,-200.0,-200.0
1091,-200.0,-200.0
1092,-200.0,-200.0
1093,-200.0,-200.0
1094,-200.0,-200.0
1095,-200.0,-200.0
1096,-200.0,-200.0
1097,-200.0,-200.0
1098,-200.0,-200.0
1099,-200.0,-200.0
1100,-200.0,-200.0
1101,-200.0,-200.0
1102,-200.0,-200.0
1103,-200.0,-200.0
1104,-200.0,-200.0
1105,-200.0,-200.0
1106,-200.0,-200.0
1107,-200.0,-200.0
1108,-200.0,-200.0
1109,-200.0,-200.0
1110,-200.0,-200.0
1111,-200.0,-200.0
1112,-200.0,-200.0
1113,-200.0,-200.0
1114,-200.0,-200.0
1115,-200.0,-200.0
1116,-200.0,-200.0
1117,-200.0,-200.0
1118,-200.0,-200.0
1119,-200.0,-200.0
1120,-200.0,-200.0
1121,-200.0,-200.0
1122,-200.0,-200.0
1123,-200.0,-200.0
1124,-200.0,-200.0
1125,-200.0,-200.0
1126,-200.0,-200.0
1127,-200.0,-200.0
1128,-200.0,-200.0
1129,-200.0,-200.0
1130,-200.0,-200.0
1131,-200.0,-200.0
1132,-200.0,-200.0
1133,-200.0,-200.0
1134,-200.0,-200.0
1135,-200.0,-200.0
1136,-200.0,-200.0
1137,-200.0,-200.0
1138,-200.0,-200.0
1139,-200.0,-200.0
1140,-200.0,-200.0
1141,-200.0,-200.0
1142,-200.0,-200.0
1143,-200.0,-200.0
1144,-200.0,-200.0
1145,-200.0,-200.0
1146,-200.0,-200.0
1147,-200.0,-200.0
1148,-200.0,-200.0
1149,-200.0,-200.0
1150,-200.0,-200.0
1151,-200.0,-200.0
1152,-200.0,-200.0
1153,-200.0,-200.0
1154,-200.0,-200.0
1155,-200.0,-200.0
1156,-200.0,-200.0
1157,-200.0,-200.0
1158,-200.0,-200.0
1159,-200.0,-200.0
1160,-200.0,-200.0
1161,-200.0,-200.0
1162,-200.0,-200.0
1163,-200.0,-200.0
1164,-200.0,-200.0
1165,-200.0,-200.0
1166,-200.0,-200.0
1167,-200.0,-200.0
1168,-200.0,-200.0
1169,-200.0,-200.0
1170,-200.0,-200.0
1171,-200.0,-200.0
1172,-200.0,-200.0
1173,-200.0,-200.0
1174,-200.0,-200.0
1175,-200.0,-200.0
1176,-200.0,-200.0
1177,-200.0,-200.0
1178,-200.0,-200.0
1179,-200.0,-200.0
1180,-200.0,-200.0
1181,-200.0,-200.0
1182,-200.0,-200.0
1183,-200.0,-200.0
1184,-200.0,-200.0
1185,-200.0,-200.0
1186,-200.0,-200.0
1187,-200.0,-200.0
1188,-200.0,-200.0
1189,-200.0,-200.0
1190,-200.0,-200.0
1191,-200.0,-200.0
1192,-200.0,-200.0
1193,-200.0,-200.0
1194,-200.0,-200.0
1195,-200.0,-200.0
1196,-200.0,-200.0
1197,-200.0,-200.0
1198,-200.0,-200.0
1199,-200.0,-200.0
1200,-200.0,-200.0
1201,-200.0,-200.0
1202,-200.0,-200.0
1203,-200.0,-200.0
1204,-200.0,-200.0
1205,-200.0,-200.0
1206,-200.0,-200.0
1207,-200.0,-200.0
1208,-200.0,-200.0
1209,-200.0,-200.0
1210,-200.0,-200.0
1211,-200.0,-200.0
1212,-200.0,-200.0
1213,-200.0,-200.0
1214,-200.0,-200.0
1215,-200.0,-200.0
1216,-200.0,-200.0
1217,-200.0,-200.0
1218,-200.0,-200.0
1219,-200.0,-200.0
1220,-200.0,-200.0
1221,-200.0,-200.0
1222,-200.0,-200.0
1223,-200.0,-200.0
1224,-200.0,-200.0
1225,-200.0,-200.0
1226,-200.0,-200.0
1227,-200.0,-200.0
1228,-200.0,-200.0
1229,-200.0,-200.0
1230,-200.0,-200.0
1231,-200.0,-200.0
1232,-200.0,-200.0
1233,-200.0,-200.0
1234,-200.0,-200.0
1235,-200.0,-200.0
1236,-200.0,-200.0
1237,-200.0,-200.0
1238,-200.0,-200.0
1239,-200.0,-200.0
1240,-200.0,-200.0
1241,-200.0,-200.0
1242,-200.0,-200.0
1243,-200.0,-200.0
1244,-200.0,-200.0
1245,-200.0,-200.0
1246,-200.0,-200.0
1247,-200.0,-200.0
1248,-200.0,-200.0
1249,-200.0,-200.0
1250,-200.0,-200.0
1251,-200.0,-200.0
1252,-200.0,-200.0
1253,-200.0,-200.0
1254,-200.0,-200.0
1255,-200.0,-200.0
1256,-200.0,-200.0
1257,-200.0,-200.0
1258,-200.0,-200.0
1259,-200.0,-200.0
1260,-200.0,-200.0
1261,-200.0,-200.0
1262,-200.0,-200.0
1263,-200.0,-200.0
1264,-200.0,-200.0
1265,-200.0,-200.0
1266,-200.0,-200.0
1267,-200.0,-200.0
1268,-200.0,-200.0
1269,-200.0,-200.0
1270,-200.0,-200.0
1271,-200.0,-200.0
1272,-200.0,-200.0
1273,-200.0,-200.0
1274,-200.0,-200.0
1275,-200.0,-200.0
1276,-200.0,-200.0
1277,-200.0,-200.0
1278,-200.0,-200.0
1279,-200.0,-200.0
1280,-200.0,-200.0
1281,-200.0,-200.0
1282,-200.0,-200.0
1283,-200.0,-200.0
1284,-200.0,-200.0
1285,-200.0,-200.0
1286,-200.0,-200.0
1287,-200.0,-200.0
1288,-200.0,-200.0
1289,-200.0,-200.0
1290,-200.0,-200.0
1291,-200.0,-200.0
1292,-200.0,-200.0
1293,-200.0,-200.0
1294,-200.0,-200.0
1295,-200.0,-200.0
1296,-200.0,-200.0
1297,-200.0,-200.0
1298,-200.0,-200.0
1299,-200.0,-200.0
1300,-200.0,-200.0
1301,-200.0,-200.0
1302,-200.0,-200.0
1303,-200.0,-200.0
1304,-200.0,-200.0
1305,-200.0,-200.0
1306,-200.0,-200.0
1307,-200.0,-200.0
1308,-200.0,-200.0
1309,-200.0,-200.0
1310,-200.0,-200.0
1311,-200.0,-200.0
1312,-200.0,-200.0
1313,-200.0,-200.0
1314,-200.0,-200.0
1315,-200.0,-200.0
1316,-200.0,-200.0
1317,-200.0,-200.0
1318,-200.0,-200.0
1319,-200.0,-200.0
1320,-200.0,-200.0
1321,-200.0,-200.0
1322,-200.0,-200.0
1323,-200.0,-200.0
1324,-200.0,-200.0
1325,-200.0,-200.0
1326,-200.0,-200.0
1327,-200.0,-200.0
1328,-200.0,-200.0
1329,-200.0,-200.0
1330,-200.0,-200.0
1331,-200.0,-200.0
1332,-200.0,-200.0
1333,-200.0,-200.0
1334,-200.0,-200.0
1335,-200.0,-200.0
1336,-200.0,-200.0
1337,-200.0,-200.0
1338,-200.0,-200.0
1339,-200.0,-200.0
1340,-200.0,-200.0
1341,-200.0,-200.0
1342,-200.0,-200.0
1343,-200.0,-200.0
1344,-200.0,-200.0
1345,-200.0,-200.0
1346,-200.0,-200.0
1347,-200.0,-200.0
1348,-200.0,-200.0
1349,-200.0,-200.0
1350,-200.0,-200.0
1351,-200.0,-200.0
1352,-200.0,-200.0
1353,-200.0,-200.0
1354,-200.0,-200.0
1355,-200.0,-200.0
1356,-200.0,-200.0
1357,-200.0,-200.0
1358,-200.0,-200.0
1359,-200.0,-200.0
1360,-200.0,-200.0
1361,-200.0,-200.0
1362,-200.0,-200.0
1363,-200.0,-200.0
1364,-200.0,-200.0
1365,-200.0,-200.0
1366,-200.0,-200.0
1367,-200.0,-200.0
1368,-200.0,-200.0
1369,-200.0,-200.0
1370,-200.0,-200.0
1371,-200.0,-200.0
1372,-200.0,-200.0
1373,-200.0,-200.0
1374,-200.0,-200.0
1375,-200.0,-200.0
1376,-200.0,-200.0
1377,-200.0,-200.0
1378,-200.0,-200.0
1379,-200.0,-200.0
1380,-200.0,-200.0
1381,-200.0,-200.0
1382,-200.0,-200.0
1383,-200.0,-200.0
1384,-200.0,-200.0
1385,-200.0,-200.0
1386,-200.0,-200.0
1387,-200.0,-200.0
1388,-200.0,-200.0
1389,-200.0,-200.0
1390,-200.0,-200.0
1391,-200.0,-200.0
1392,-200.0,-200.0
1393,-200.0,-200.0
1394,-200.0,-200.0
1395,-200.0,-200.0
1396,-200.0,-200.0
1397,-200.0,-200.0
1398,-200.0,-200.0
1399,-200.0,-200.0
1400,-200.0,-200.0
1401,-200.0,-200.0
1402,-200.0,-200.0
1403,-200.0,-200.0
1404,-200.0,-200.0
1405,-200.0,-200.0
1406,-200.0,-200.0
1407,-200.0,-200.0
1408,-200.0,-200.0
1409,-200.0,-200.0
1410,-200.0,-200.0
1411,-200.0,-200.0
1412,-200.0,-200.0
1413,-200.0,-200.0
1414,-200.0,-200.0
1415,-200.0,-200.0
1416,-200.0,-200.0
1417,-200.0,-200.0
1418,-200.0,-200.0
1419,-200.0,-200.0
1420,-200.0,-200.0
1421,-200.0,-200.0
1422,-200.0,-200.0
1423,-200.0,-200.0
1424,-200.0,-200.0
1425,-200.0,-200.0
1426,-200.0,-200.0
1427,-200.0,-200.0
1428,-200.0,-200.0
1429,-200.0,-200.0
1430,-200.0,-200.0
1431,-200.0,-200.0
1432,-200.0,-200.0
1433,-200.0,-200.0
1434,-200.0,-200.0
1435,-200.0,-200.0
1436,-200.0,-200.0
1437,-200.0,-200.0
1438,-200.0,-200.0
1439,-200.0,-200.0
1440,-200.0,-200.0
1441,-200.0,-200.0
1442,-200.0,-200.0
1443,-200.0,-200.0
1444,-200.0,-200.0
1445,-200.0,-200.0
1446,-200.0,-200.0
1447,-200.0,-200.0
1448,-200.0,-200.0
1449,-200.0,-200.0
1450,-200.0,-200.0
1451,-200.0,-200.0
1452,-200.0,-200.0
1453,-200.0,-200.0
1454,-200.0,-200.0
1455,-200.0,-200.0
1456,-200.0,-200.0
1457,-200.0,-200.0
1458,-200.0,-200.0
1459,-200.0,-200.0
1460,-200.0,-200.0
1461,-200.0,-200.0
1462,-200.0,-200.0
1463,-200.0,-200.0
1464,-200.0,-200.0
1465,-200.0,-200.0
1466,-200.0,-200.0
1467,-200.0,-200.0
1468,-200.0,-200.0
1469,-200.0,-200.0
1470,-200.0,-200.0
1471,-200.0,-200.0
1472,-200.0,-200.0
1473,-200.0,-200.0
1474,-200.0,-200.0
1475,-200.0,-200.0
1476,-200.0,-200.0
1477,-200.0,-200.0
1478,-200.0,-200.0
1479,-200.0,-200.0
1480,-200.0,-200.0
1481,-200.0,-200.0
1482,-200.0,-200.0
1483,-200.0,-200.0
1484,-200.0,-200.0
1485,-200.0,-200.0
1486,-200.0,-200.0
1487,-200.0,-200.0
1488,-200.0,-200.0
1489,-200.0,-200.0
1490,-200.0,-200.0
1491,-200.0,-200.0
1492,-200.0,-200.0
1493,-200.0,-200.0
1494,-200.0,-200.0
1495,-200.0,-200.0
1496,-200.0,-200.0
1497,-200.0,-200.0
1498,-200.0,-200.0
1499,-200.0,-200.0
1500,-200.0,-200.0
1501,-200.0,-200.0
1502,-200.0,-200.0
1503,-200.0,-200.0
1504,-200.0,-200.0
1505,-200.0,-200.0
1506,-200.0,-200.0
1507,-200.0,-200.0
1508,-200.0,-200.0
1509,-200.0,-200.0
1510,-200.0,-200.0
1511,-200.0,-200.0
1512,-200.0,-200.0
1513,-200.0,-200.0
1514,-200.0,-200.0
1515,-200.0,-200.0
1516,-200.0,-200.0
1517,-200.0,-200.0
1518,-200.0,-200.0
1519,-200.0,-200.0
1520,-200.0,-200.0
1521,-200.0,-200.0
1522,-200.0,-200.0
1523,-200.0,-200.0
1524,-200.0,-200.0
1525,-200.0,-200.0
1526,-200.0,-200.0
1527,-200.0,-200.0
1528,-200.0,-200.0
1529,-200.0,-200.0
1530,-200.0,-200.0
1531,-200.0,-200.0
1532,-200.0,-200.0
1533,-200.0,-200.0
1534,-200.0,-200.0
1535,-200.0,-200.0
1536,-200.0,-200.0
1537,-200.0,-200.0
1538,-200.0,-200.0
1539,-200.0,-200.0
1540,-200.0,-200.0
1541,-200.0,-200.0
1542,-200.0,-200.0
1543,-200.0,-200.0
1544,-200.0,-200.0
1545,-200.0,-200.0
1546,-200.0,-200.0
1547,-200.0,-200.0
1548,-200.0,-200.0
1549,-200.0,-200.0
1550,-200.0,-200.0
1551,-200.0,-200.0
1552,-200.0,-200.0
1553,-200.0,-200.0
1554,-200.0,-200.0
1555,-200.0,-200.0
1556,-200.0,-200.0
1557,-200.0,-200.0
1558,-200.0,-200.0
1559,-200.0,-200.0
1560,-200.0,-200.0
1561,-200.0,-200.0
1562,-200.0,-200.0
1563,-200.0,-200.0
1564,-200.0,-200.0
1565,-200.0,-200.0
1566,-200.0,-200.0
1567,-200.0,-200.0
1568,-200.0,-200.0
1569,-200.0,-200.0
1570,-200.0,-200.0
1571,-200.0,-200.0
1572,-200.0,-200.0
1573,-200.0,-200.0
1574,-200.0,-200.0
1575,-200.0,-200.0
1576,-200.0,-200.0
1577,-200.0,-200.0
1578,-200.0,-200.0
1579,-200.0,-200.0
1580,-200.0,-200.0
1581,-200.0,-200.0
1582,-200.0,-200.0
1583,-200.0,-200.0
1584,-200.0,-200.0
1585,-200.0,-200.0
1586,-200.0,-200.0
1587,-200.0,-200.0
1588,-200.0,-200.0
1589,-200.0,-200.0
1590,-200.0,-200.0
1591,-200.0,-200.0
1592,-200.0,-200.0
1593,-200.0,-200.0
1594,-200.0,-200.0
1595,-200.0,-200.0
1596,-200.0,-200.0
1597,-200.0,-200.0
1598,-200.0,-200.0
1599,-200.0,-200.0
1600,-200.0,-200.0
1601,-200.0,-200.0
1602,-200.0,-200.0
1603,-200.0,-200.0
1604,-200.0,-200.0
1605,-200.0,-200.0
1606,-200.0,-200.0
1607,-200.0,-200.0
1608,-200.0,-200.0
1609,-200.0,-200.0
1610,-200.0,-200.0
1611,-200.0,-200.0
1612,-200.0,-200.0
1613,-200.0,-200.0
1614,-200.0,-200.0
1615,-200.0,-200.0
1616,-200.0,-200.0
1617,-200.0,-200.0
1618,-200.0,-200.0
1619,-200.0,-200.0
1620,-200.0,-200.0
1621,-200.0,-200.0
1622,-200.0,-200.0
1623,-200.0,-200.0
1624,-200.0,-200.0
1625,-200.0,-200.0
1626,-200.0,-200.0
1627,-200.0,-200.0
1628,-200.0,-200.0
1629,-200.0,-200.0
1630,-200.0,-200.0
1631,-200.0,-200.0
1632,-200.0,-200.0
1633,-200.0,-200.0
1634,-200.0,-200.0
1635,-200.0,-200.0
1636,-200.0,-200.0
1637,-200.0,-200.0
1638,-200.0,-200.0
1639,-200.0,-200.0
1640,-200.0,-200.0
1641,-200.0,-200.0
1642,-200.0,-200.0
1643,-200.0,-200.0
1644,-200.0,-200.0
1645,-200.0,-200.0
1646,-200.0,-200.0
1647,-200.0,-200.0
1648,-200.0,-200.0
1649,-200.0,-200.0
1650,-200.0,-200.0
1651,-200.0,-200.0
1652,-200.0,-200.0
1653,-200.0,-200.0
1654,-200.0,-200.0
1655,-200.0,-200.0
1656,-200.0,-200.0
1657,-200.0,-200.0
1658,-200.0,-200.0
1659,-200.0,-200.0
1660,-200.0,-200.0
1661,-200.0,-200.0
1662,-200.0,-200.0
1663,-200.0,-200.0
1664,-200.0,-200.0
1665,-200.0,-200.0
1666,-200.0,-200.0
1667,-200.0,-200.0
1668,-200.0,-200.0
1669,-200.0,-200.0
1670,-200.0,-200.0
1671,-200.0,-200.0
1672,-200.0,-200.0
1673,-200.0,-200.0
1674,-200.0,-200.0
1675,-200.0,-200.0
1676,-200.0,-200.0
1677,-200.0,-200.0
1678,-200.0,-200.0
1679,-200.0,-200.0
1680,-200.0,-200.0
1681,-200.0,-200.0
1682,-200.0,-200.0
1683,-200.0,-200.0
1684,-200.0,-200.0
1685,-200.0,-200.0
1686,-200.0,-200.0
1687,-200.0,-200.0
1688,-200.0,-200.0
1689,-200.0,-200.0
1690,-200.0,-200.0
1691,-200.0,-200.0
1692,-170.0,-199.7
1693,-200.0,-199.7
1694,-200.0,-199.7
1695,-200.0,-199.7
1696,-200.0,-199.7
1697,-200.0,-199.7
1698,-200.0,-199.7
1699,-200.0,-199.7
1700,-200.0,-199.7
1701,-200.0,-199.7
1702,-200.0,-199.7
1703,-181.0,-199.51
1704,-200.0,-199.51
1705,-200.0,-199.51
1706,-185.0,-199.36
1707,-200.0,-199.36
1708,-200.0,-199.36
1709,-200.0,-199.36
1710,-200.0,-199.36
1711,-200.0,-199.36
1712,-200.0,-199.36
1713,-200.0,-199.36
1714,-200.0,-199.36
1715,-200.0,-199.36
1716,-200.0,-199.36
1717,-200.0,-199.36
1718,-200.0,-199.36
1719,-200.0,-199.36
1720,-200.0,-199.36
1721,-200.0,-199.36
1722,-200.0,-199.36
1723,-200.0,-199.36
1724,-200.0,-199.36
1725,-200.0,-199.36
1726,-200.0,-199.36
1727,-200.0,-199.36
1728,-200.0,-199.36
1729,-200.0,-199.36
1730,-200.0,-199.36
1731,-200.0,-199.36
1732,-200.0,-199.36
1733,-200.0,-199.36
1734,-200.0,-199.36
1735,-200.0,-199.36
1736,-200.0,-199.36
1737,-200.0,-199.36
1738,-200.0,-199.36
1739,-200.0,-199.36
1740,-200.0,-199.36
1741,-200.0,-199.36
1742,-200.0,-199.36
1743,-200.0,-199.36
1744,-200.0,-199.36
1745,-200.0,-199.36
1746,-200.0,-199.36
1747,-200.0,-199.36
1748,-200.0,-199.36
1749,-200.0,-199.36
1750,-200.0,-199.36
1751,-200.0,-199.36
1752,-200.0,-199.36
1753,-200.0,-199.36
1754,-200.0,-199.36
1755,-200.0,-199.36
1756,-200.0,-199.36
1757,-200.0,-199.36
1758,-200.0,-199.36
1759,-200.0,-199.36
1760,-200.0,-199.36
1761,-200.0,-199.36
1762,-200.0,-199.36
1763,-200.0,-199.36
1764,-200.0,-199.36
1765,-200.0,-199.36
1766,-200.0,-199.36
1767,-200.0,-199.36
1768,-200.0,-199.36
1769,-200.0,-199.36
1770,-200.0,-199.36
1771,-200.0,-199.36
1772,-200.0,-199.36
1773,-200.0,-199.36
1774,-200.0,-199.36
1775,-200.0,-199.36
1776,-200.0,-199.36
1777,-200.0,-199.36
1778,-200.0,-199.36
1779,-200.0,-199.36
1780,-200.0,-199.36
1781,-200.0,-199.36
1782,-200.0,-199.36
1783,-200.0,-199.36
1784,-200.0,-199.36
1785,-200.0,-199.36
1786,-200.0,-199.36
1787,-200.0,-199.36
1788,-200.0,-199.36
1789,-200.0,-199.36
1790,-200.0,-199.36
1791,-200.0,-199.36
1792,-200.0,-199.66
1793,-200.0,-199.66
1794,-200.0,-199.66
1795,-200.0,-199.66
1796,-200.0,-199.66
1797,-200.0,-199.66
1798,-200.0,-199.66
1799,-200.0,-199.66
1800,-200.0,-199.66
1801,-200.0,-199.66
1802,-200.0,-199.66
1803,-200.0,-199.85
1804,-200.0,-199.85
1805,-200.0,-199.85
1806,-200.0,-200.0
1807,-200.0,-200.0
1808,-200.0,-200.0
1809,-200.0,-200.0
1810,-200.0,-200.0
1811,-200.0,-200.0
1812,-200.0,-200.0
1813,-200.0,-200.0
1814,-200.0,-200.0
1815,-200.0,-200.0
1816,-200.0,-200.0
1817,-200.0,-200.0
1818,-200.0,-200.0
1819,-200.0,-200.0
1820,-200.0,-200.0
1821,-200.0,-200.0
1822,-200.0,-200.0
1823,-200.0,-200.0
1824,-200.0,-200.0
1825,-200.0,-200.0
1826,-200.0,-200.0
1827,-200.0,-200.0
1828,-200.0,-200.0
1829,-200.0,-200.0
1830,-200.0,-200.0
1831,-200.0,-200.0
1832,-200.0,-200.0
1833,-200.0,-200.0
1834,-200.0,-200.0
1835,-200.0,-200.0
1836,-200.0,-200.0
1837,-200.0,-200.0
1838,-200.0,-200.0
1839,-200.0,-200.0
1840,-200.0,-200.0
1841,-200.0,-200.0
1842,-200.0,-200.0
1843,-200.0,-200.0
1844,-200.0,-200.0
1845,-200.0,-200.0
1846,-200.0,-200.0
1847,-200.0,-200.0
1848,-200.0,-200.0
1849,-200.0,-200.0
1850,-200.0,-200.0
1851,-200.0,-200.0
1852,-200.0,-200.0
1853,-200.0,-200.0
1854,-200.0,-200.0
1855,-200.0,-200.0
1856,-200.0,-200.0
1857,-200.0,-200.0
1858,-200.0,-200.0
1859,-200.0,-200.0
1860,-200.0,-200.0
1861,-200.0,-200.0
1862,-200.0,-200.0
1863,-199.0,-199.99
1864,-200.0,-199.99
1865,-164.0,-199.63
1866,-200.0,-199.63
1867,-200.0,-199.63
1868,-200.0,-199.63
1869,-200.0,-199.63
1870,-200.0,-199.63
1871,-200.0,-199.63
1872,-200.0,-199.63
1873,-172.0,-199.35
1874,-200.0,-199.35
1875,-200.0,-199.35
1876,-200.0,-199.35
1877,-200.0,-199.35
1878,-200.0,-199.35
1879,-200.0,-199.35
1880,-200.0,-199.35
1881,-200.0,-199.35
1882,-200.0,-199.35
1883,-200.0,-199.35
1884,-200.0,-199.35
1885,-200.0,-199.35
1886,-200.0,-199.35
1887,-200.0,-199.35
1888,-200.0,-199.35
1889,-200.0,-199.35
1890,-200.0,-199.35
1891,-200.0,-199.35
1892,-200.0,-199.35
1893,-200.0,-199.35
1894,-200.0,-199.35
1895,-200.0,-199.35
1896,-200.0,-199.35
1897,-200.0,-199.35
1898,-200.0,-199.35
1899,-200.0,-199.35
1900,-200.0,-199.35
1901,-200.0,-199.35
1902,-200.0,-199.35
1903,-200.0,-199.35
1904,-200.0,-199.35
1905,-200.0,-199.35
1906,-200.0,-199.35
1907,-200.0,-199.35
1908,-200.0,-199.35
1909,-200.0,-199.35
1910,-200.0,-199.35
1911,-200.0,-199.35
1912,-200.0,-199.35
1913,-200.0,-199.35
1914,-200.0,-199.35
1915,-200.0,-199.35
1916,-200.0,-199.35
1917,-200.0,-199.35
1918,-200.0,-199.35
1919,-200.0,-199.35
1920,-200.0,-199.35
1921,-200.0,-199.35
1922,-200.0,-199.35
1923,-200.0,-199.35
1924,-200.0,-199.35
1925,-200.0,-199.35
1926,-200.0,-199.35
1927,-200.0,-199.35
1928,-200.0,-199.35
1929,-200.0,-199.35
1930,-200.0,-199.35
1931,-200.0,-199.35
1932,-200.0,-199.35
1933,-200.0,-199.35
1934,-200.0,-199.35
1935,-200.0,-199.35
1936,-200.0,-199.35
1937,-200.0,-199.35
1938,-200.0,-199.35
1939,-200.0,-199.35
1940,-200.0,-199.35
1941,-200.0,-199.35
1942,-200.0,-199.35
1943,-200.0,-199.35
1944,-200.0,-199.35
1945,-200.0,-199.35
1946,-200.0,-199.35
1947,-200.0,-199.35
1948,-200.0,-199.35
1949,-200.0,-199.35
1950,-200.0,-199.35
1951,-200.0,-199.35
1952,-200.0,-199.35
1953,-200.0,-199.35
1954,-200.0,-199.35
1955,-200.0,-199.35
1956,-200.0,-199.35
1957,-200.0,-199.35
1958,-200.0,-199.35
1959,-200.0,-199.35
1960,-198.0,-199.33
1961,-200.0,-199.33
1962,-200.0,-199.33
1963,-200.0,-199.34
1964,-200.0,-199.34
1965,-200.0,-199.7
1966,-200.0,-199.7
1967,-200.0,-199.7
1968,-200.0,-199.7
1969,-200.0,-199.7
1970,-200.0,-199.7
1971,-200.0,-199.7
1972,-200.0,-199.7
1973,-200.0,-199.98
1974,-200.0,-199.98
1975,-200.0,-199.98
1976,-200.0,-199.98
1977,-200.0,-199.98
1978,-200.0,-199.98
1979,-200.0,-199.98
1980,-200.0,-199.98
1981,-200.0,-199.98
1982,-200.0,-199.98
1983,-200.0,-199.98
1984,-200.0,-199.98
1985,-200.0,-199.98
1986,-200.0,-199.98
1987,-200.0,-199.98
1988,-200.0,-199.98
1989,-200.0,-199.98
1990,-200.0,-199.98
1991,-200.0,-199.98
1992,-200.0,-199.98
1993,-200.0,-199.98
1994,-191.0,-199.89
1995,-200.0,-199.89
1996,-200.0,-199.89
1997,-200.0,-199.89
1998,-169.0,-199.58
1999,-200.0,-199.58
2000,-200.0,-199.58
2001,-200.0,-199.58
2002,-200.0,-199.58
2003,-200.0,-199.58
2004,-200.0,-199.58
2005,-200.0,-199.58
2006,-200.0,-199.58
2007,-200.0,-199.58
2008,-200.0,-199.58
2009,-200.0,-199.58
2010,-200.0,-199.58
2011,-200.0,-199.58
2012,-200.0,-199.58
2013,-200.0,-199.58
2014,-200.0,-199.58
2015,-200.0,-199.58
2016,-200.0,-199.58
2017,-200.0,-199.58
2018,-200.0,-199.58
2019,-200.0,-199.58
2020,-200.0,-199.58
2021,-200.0,-199.58
2022,-200.0,-199.58
2023,-200.0,-199.58
2024,-200.0,-199.58
2025,-200.0,-199.58
2026,-200.0,-199.58
2027,-200.0,-199.58
2028,-200.0,-199.58
2029,-200.0,-199.58
2030,-200.0,-199.58
2031,-200.0,-199.58
2032,-200.0,-199.58
2033,-200.0,-199.58
2034,-200.0,-199.58
2035,-200.0,-199.58
2036,-200.0,-199.58
2037,-200.0,-199.58
2038,-200.0,-199.58
2039,-200.0,-199.58
2040,-200.0,-199.58
2041,-200.0,-199.58
2042,-192.0,-199.5
2043,-200.0,-199.5
2044,-200.0,-199.5
2045,-200.0,-199.5
2046,-200.0,-199.5
2047,-200.0,-199.5
2048,-200.0,-199.5
2049,-200.0,-199.5
2050,-200.0,-199.5
2051,-200.0,-199.5
2052,-200.0,-199.5
2053,-200.0,-199.5
2054,-200.0,-199.5
2055,-200.0,-199.5
2056,-200.0,-199.5
2057,-200.0,-199.5
2058,-188.0,-199.38
2059,-200.0,-199.38
2060,-200.0,-199.4
2061,-200.0,-199.4
2062,-200.0,-199.4
2063,-200.0,-199.4
2064,-200.0,-199.4
2065,-200.0,-199.4
2066,-200.0,-199.4
2067,-200.0,-199.4
2068,-200.0,-199.4
2069,-200.0,-199.4
2070,-200.0,-199.4
2071,-200.0,-199.4
2072,-200.0,-199.4
2073,-200.0,-199.4
2074,-200.0,-199.4
2075,-164.0,-199.04
2076,-200.0,-199.04
2077,-200.0,-199.04
2078,-200.0,-199.04
2079,-200.0,-199.04
2080,-200.0,-199.04
2081,-200.0,-199.04
2082,-200.0,-199.04
2083,-200.0,-199.04
2084,-200.0,-199.04
2085,-200.0,-199.04
2086,-200.0,-199.04
2087,-200.0,-199.04
2088,-200.0,-199.04
2089,-200.0,-199.04
2090,-200.0,-199.04
2091,-200.0,-199.04
2092,-200.0,-199.04
2093,-200.0,-199.04
2094,-200.0,-199.13
2095,-200.0,-199.13
2096,-200.0,-199.13
2097,-200.0,-199.13
2098,-200.0,-199.44
2099,-200.0,-199.44
2100,-200.0,-199.44
2101,-200.0,-199.44
2102,-200.0,-199.44
2103,-200.0,-199.44
2104,-200.0,-199.44
2105,-200.0,-199.44
2106,-200.0,-199.44
2107,-200.0,-199.44
2108,-200.0,-199.44
2109,-200.0,-199.44
2110,-200.0,-199.44
2111,-200.0,-199.44
2112,-200.0,-199.44
2113,-200.0,-199.44
2114,-200.0,-199.44
2115,-200.0,-199.44
2116,-200.0,-199.44
2117,-200.0,-199.44
2118,-200.0,-199.44
2119,-200.0,-199.44
2120,-200.0,-199.44
2121,-200.0,-199.44
2122,-200.0,-199.44
2123,-200.0,-199.44
2124,-200.0,-199.44
2125,-200.0,-199.44
2126,-200.0,-199.44
2127,-200.0,-199.44
2128,-200.0,-199.44
2129,-200.0,-199.44
2130,-200.0,-199.44
2131,-200.0,-199.44
2132,-200.0,-199.44
2133,-200.0,-199.44
2134,-200.0,-199.44
2135,-200.0,-199.44
2136,-200.0,-199.44
2137,-200.0,-199.44
2138,-200.0,-199.44
2139,-200.0,-199.44
2140,-200.0,-199.44
2141,-200.0,-199.44
2142,-200.0,-199.52
2143,-200.0,-199.52
2144,-200.0,-199.52
2145,-200.0,-199.52
2146,-200.0,-199.52
2147,-200.0,-199.52
2148,-200.0,-199.52
2149,-200.0,-199.52
2150,-200.0,-199.52
2151,-200.0,-199.52
2152,-200.0,-199.52
2153,-200.0,-199.52
2154,-200.0,-199.52
2155,-200.0,-199.52
2156,-200.0,-199.52
2157,-200.0,-199.52
2158,-200.0,-199.64
2159,-200.0,-199.64
2160,-200.0,-199.64
2161,-200.0,-199.64
2162,-200.0,-199.64
2163,-200.0,-199.64
2164,-200.0,-199.64
2165,-200.0,-199.64
2166,-200.0,-199.64
2167,-200.0,-199.64
2168,-200.0,-199.64
2169,-200.0,-199.64
2170,-200.0,-199.64
2171,-200.0,-199.64
2172,-185.0,-199.49
2173,-200.0,-199.49
2174,-200.0,-199.49
2175,-200.0,-199.85
2176,-200.0,-199.85
2177,-200.0,-199.85
2178,-200.0,-199.85
2179,-200.0,-199.85
2180,-200.0,-199.85
2181,-200.0,-199.85
2182,-200.0,-199.85
2183,-200.0,-199.85
2184,-200.0,-199.85
2185,-200.0,-199.85
2186,-200.0,-199.85
2187,-200.0,-199.85
2188,-200.0,-199.85
2189,-200.0,-199.85
2190,-200.0,-199.85
2191,-200.0,-199.85
2192,-200.0,-199.85
2193,-200.0,-199.85
2194,-200.0,-199.85
2195,-200.0,-199.85
2196,-200.0,-199.85
2197,-200.0,-199.85
2198,-200.0,-199.85
2199,-200.0,-199.85
2200,-200.0,-199.85
2201,-200.0,-199.85
2202,-200.0,-199.85
2203,-200.0,-199.85
2204,-200.0,-199.85
2205,-200.0,-199.85
2206,-200.0,-199.85
2207,-200.0,-199.85
2208,-200.0,-199.85
2209,-200.0,-199.85
2210,-200.0,-199.85
2211,-200.0,-199.85
2212,-200.0,-199.85
2213,-200.0,-199.85
2214,-200.0,-199.85
2215,-199.0,-199.84
2216,-200.0,-199.84
2217,-200.0,-199.84
2218,-200.0,-199.84
2219,-200.0,-199.84
2220,-200.0,-199.84
2221,-200.0,-199.84
2222,-200.0,-199.84
2223,-200.0,-199.84
2224,-200.0,-199.84
2225,-200.0,-199.84
2226,-200.0,-199.84
2227,-200.0,-199.84
2228,-200.0,-199.84
2229,-200.0,-199.84
2230,-200.0,-199.84
2231,-200.0,-199.84
2232,-200.0,-199.84
2233,-200.0,-199.84
2234,-200.0,-199.84
2235,-200.0,-199.84
2236,-200.0,-199.84
2237,-166.0,-199.5
2238,-200.0,-199.5
2239,-200.0,-199.5
2240,-200.0,-199.5
2241,-175.0,-199.25
2242,-200.0,-199.25
2243,-200.0,-199.25
2244,-200.0,-199.25
2245,-200.0,-199.25
2246,-200.0,-199.25
2247,-200.0,-199.25
2248,-200.0,-199.25
2249,-200.0,-199.25
2250,-200.0,-199.25
2251,-200.0,-199.25
2252,-200.0,-199.25
2253,-200.0,-199.25
2254,-200.0,-199.25
2255,-200.0,-199.25
2256,-200.0,-199.25
2257,-200.0,-199.25
2258,-200.0,-199.25
2259,-200.0,-199.25
2260,-200.0,-199.25
2261,-200.0,-199.25
2262,-200.0,-199.25
2263,-200.0,-199.25
2264,-172.0,-198.97
2265,-200.0,-198.97
2266,-200.0,-198.97
2267,-200.0,-198.97
2268,-200.0,-198.97
2269,-200.0,-198.97
2270,-200.0,-198.97
2271,-200.0,-198.97
2272,-200.0,-199.12
2273,-200.0,-199.12
2274,-200.0,-199.12
2275,-200.0,-199.12
2276,-200.0,-199.12
2277,-176.0,-198.88
2278,-200.0,-198.88
2279,-200.0,-198.88
2280,-196.0,-198.84
2281,-200.0,-198.84
2282,-200.0,-198.84
2283,-200.0,-198.84
2284,-169.0,-198.53
2285,-200.0,-198.53
2286,-155.0,-198.08
2287,-200.0,-198.08
2288,-200.0,-198.08
2289,-200.0,-198.08
2290,-200.0,-198.08
2291,-200.0,-198.08
2292,-163.0,-197.71
2293,-200.0,-197.71
2294,-200.0,-197.71
2295,-200.0,-197.71
2296,-200.0,-197.71
2297,-200.0,-197.71
2298,-200.0,-197.71
2299,-200.0,-197.71
2300,-200.0,-197.71
2301,-200.0,-197.71
2302,-200.0,-197.71
2303,-200.0,-197.71
2304,-200.0,-197.71
2305,-200.0,-197.71
2306,-200.0,-197.71
2307,-200.0,-197.71
2308,-200.0,-197.71
2309,-200.0,-197.71
2310,-200.0,-197.71
2311,-200.0,-197.71
2312,-200.0,-197.71
2313,-200.0,-197.71
2314,-200.0,-197.71
2315,-200.0,-197.72
2316,-200.0,-197.72
2317,-200.0,-197.72
2318,-200.0,-197.72
2319,-200.0,-197.72
2320,-200.0,-197.72
2321,-200.0,-197.72
2322,-200.0,-197.72
2323,-200.0,-197.72
2324,-200.0,-197.72
2325,-200.0,-197.72
2326,-200.0,-197.72
2327,-200.0,-197.72
2328,-200.0,-197.72
2329,-200.0,-197.72
2330,-200.0,-197.72
2331,-200.0,-197.72
2332,-178.0,-197.5
2333,-200.0,-197.5
2334,-200.0,-197.5
2335,-200.0,-197.5
2336,-200.0,-197.5
2337,-200.0,-197.84
2338,-200.0,-197.84
2339,-200.0,-197.84
2340,-200.0,-197.84
2341,-200.0,-198.09
2342,-200.0,-198.09
2343,-200.0,-198.09
2344,-200.0,-198.09
2345,-200.0,-198.09
2346,-200.0,-198.09
2347,-200.0,-198.09
2348,-200.0,-198.09
2349,-200.0,-198.09
2350,-200.0,-198.09
2351,-200.0,-198.09
2352,-200.0,-198.09
2353,-200.0,-198.09
2354,-200.0,-198.09
2355,-200.0,-198.09
2356,-200.0,-198.09
2357,-200.0,-198.09
2358,-200.0,-198.09
2359,-162.0,-197.71
2360,-200.0,-197.71
2361,-200.0,-197.71
2362,-200.0,-197.71
2363,-200.0,-197.71
2364,-200.0,-197.99
2365,-200.0,-197.99
2366,-200.0,-197.99
2367,-200.0,-197.99
2368,-200.0,-197.99
2369,-200.0,-197.99
2370,-200.0,-197.99
2371,-200.0,-197.99
2372,-200.0,-197.99
2373,-200.0,-197.99
2374,-200.0,-197.99
2375,-200.0,-197.99
2376,-166.0,-197.65
2377,-200.0,-197.89
2378,-200.0,-197.89
2379,-200.0,-197.89
2380,-200.0,-197.93
2381,-200.0,-197.93
2382,-200.0,-197.93
2383,-200.0,-197.93
2384,-200.0,-198.24
2385,-200.0,-198.24
2386,-200.0,-198.69
2387,-200.0,-198.69
2388,-200.0,-198.69
2389,-200.0,-198.69
2390,-200.0,-198.69
2391,-200.0,-198.69
2392,-200.0,-199.06
2393,-200.0,-199.06
2394,-200.0,-199.06
2395,-200.0,-199.06
2396,-195.0,-199.01
2397,-200.0,-199.01
2398,-200.0,-199.01
2399,-200.0,-199.01
2400,-200.0,-199.01
2401,-200.0,-199.01
2402,-200.0,-199.01
2403,-200.0,-199.01
2404,-200.0,-199.01
2405,-200.0,-199.01
2406,-177.0,-198.78
2407,-183.0,-198.61
2408,-200.0,-198.61
2409,-200.0,-198.61
2410,-200.0,-198.61
2411,-158.0,-198.19
2412,-200.0,-198.19
2413,-200.0,-198.19
2414,-200.0,-198.19
2415,-194.0,-198.13
2416,-166.0,-197.79
2417,-200.0,-197.79
2418,-200.0,-197.79
2419,-180.0,-197.59
2420,-169.0,-197.28
2421,-200.0,-197.28
2422,-157.0,-196.85
2423,-153.0,-196.38
2424,-200.0,-196.38
2425,-162.0,-196.0
2426,-200.0,-196.0
2427,-200.0,-196.0
2428,-200.0,-196.0
2429,-200.0,-196.0
2430,-200.0,-196.0
2431,-200.0,-196.0
2432,-184.0,-196.06
2433,-200.0,-196.06
2434,-200.0,-196.06
2435,-200.0,-196.06
2436,-200.0,-196.06
2437,-200.0,-196.06
2438,-200.0,-196.06
2439,-200.0,-196.06
2440,-163.0,-195.69
2441,-200.0,-195.69
2442,-200.0,-195.69
2443,-180.0,-195.49
2444,-200.0,-195.49
2445,-200.0,-195.49
2446,-181.0,-195.3
2447,-200.0,-195.3
2448,-200.0,-195.3
2449,-200.0,-195.3
2450,-200.0,-195.3
2451,-200.0,-195.3
2452,-200.0,-195.3
2453,-185.0,-195.15
2454,-200.0,-195.15
2455,-200.0,-195.15
2456,-200.0,-195.15
2457,-200.0,-195.15
2458,-200.0,-195.15
2459,-200.0,-195.53
2460,-200.0,-195.53
2461,-200.0,-195.53
2462,-200.0,-195.53
2463,-200.0,-195.53
2464,-200.0,-195.53
2465,-200.0,-195.53
2466,-200.0,-195.53
2467,-200.0,-195.53
2468,-200.0,-195.53
2469,-200.0,-195.53
2470,-200.0,-195.53
2471,-200.0,-195.53
2472,-162.0,-195.15
2473,-200.0,-195.15
2474,-200.0,-195.15
2475,-200.0,-195.15
2476,-200.0,-195.49
2477,-200.0,-195.49
2478,-200.0,-195.49
2479,-200.0,-195.49
2480,-200.0,-195.49
2481,-200.0,-195.49
2482,-200.0,-195.49
2483,-200.0,-195.49
2484,-200.0,-195.49
2485,-200.0,-195.49
2486,-200.0,-195.49
2487,-200.0,-195.49
2488,-200.0,-195.49
2489,-200.0,-195.49
2490,-200.0,-195.49
2491,-200.0,-195.49
2492,-200.0,-195.49
2493,-200.0,-195.49
2494,-200.0,-195.49
2495,-200.0,-195.49
2496,-200.0,-195.54
2497,-200.0,-195.54
2498,-200.0,-195.54
2499,-200.0,-195.54
2500,-200.0,-195.54
2501,-200.0,-195.54
2502,-200.0,-195.54
2503,-200.0,-195.54
2504,-200.0,-195.54
2505,-200.0,-195.54
2506,-200.0,-195.77
2507,-200.0,-195.94
2508,-200.0,-195.94
2509,-200.0,-195.94
2510,-200.0,-195.94
2511,-200.0,-196.36
2512,-200.0,-196.36
2513,-200.0,-196.36
2514,-200.0,-196.36
2515,-200.0,-196.42
2516,-200.0,-196.76
2517,-200.0,-196.76
2518,-200.0,-196.76
2519,-200.0,-196.96
2520,-200.0,-197.27
2521,-200.0,-197.27
2522,-200.0,-197.7
2523,-200.0,-198.17
2524,-200.0,-198.17
2525,-200.0,-198.55
2526,-200.0,-198.55
2527,-200.0,-198.55
2528,-200.0,-198.55
2529,-200.0,-198.55
2530,-200.0,-198.55
2531,-200.0,-198.55
2532,-200.0,-198.71
2533,-200.0,-198.71
2534,-200.0,-198.71
2535,-200.0,-198.71
2536,-200.0,-198.71
2537,-187.0,-198.58
2538,-200.0,-198.58
2539,-193.0,-198.51
2540,-200.0,-198.88
2541,-200.0,-198.88
2542,-195.0,-198.83
2543,-200.0,-199.03
2544,-200.0,-199.03
2545,-200.0,-199.03
2546,-200.0,-199.22
2547,-199.0,-199.21
2548,-188.0,-199.09
2549,-200.0,-199.09
2550,-189.0,-198.98
2551,-187.0,-198.85
2552,-200.0,-198.85
2553,-181.0,-198.81
2554,-197.0,-198.78
2555,-200.0,-198.78
2556,-200.0,-198.78
2557,-200.0,-198.78
2558,-200.0,-198.78
2559,-172.0,-198.5
2560,-191.0,-198.41
2561,-158.0,-197.99
2562,-200.0,-197.99
2563,-182.0,-197.81
2564,-200.0,-197.81
2565,-199.0,-197.8
2566,-195.0,-197.75
2567,-200.0,-197.75
2568,-200.0,-197.75
2569,-197.0,-197.72
2570,-200.0,-197.72
2571,-199.0,-197.71
2572,-199.0,-198.08
2573,-174.0,-197.82
2574,-200.0,-197.82
2575,-200.0,-197.82
2576,-199.0,-197.81
2577,-200.0,-197.81
2578,-200.0,-197.81
2579,-200.0,-197.81
2580,-200.0,-197.81
2581,-200.0,-197.81
2582,-200.0,-197.81
2583,-198.0,-197.79
2584,-200.0,-197.79
2585,-157.0,-197.36
2586,-200.0,-197.36
2587,-200.0,-197.36
2588,-200.0,-197.36
2589,-200.0,-197.36
2590,-196.0,-197.32
2591,-190.0,-197.22
2592,-162.0,-196.84
2593,-200.0,-196.84
2594,-161.0,-196.45
2595,-161.0,-196.06
2596,-168.0,-195.74
2597,-195.0,-195.69
2598,-165.0,-195.34
2599,-200.0,-195.34
2600,-200.0,-195.34
2601,-200.0,-195.34
2602,-200.0,-195.34
2603,-200.0,-195.34
2604,-200.0,-195.34
2605,-154.0,-194.88
2606,-200.0,-194.88
2607,-200.0,-194.88
2608,-197.0,-194.85
2609,-200.0,-194.85
2610,-200.0,-194.85
2611,-161.0,-194.46
2612,-200.0,-194.46
2613,-189.0,-194.35
2614,-160.0,-193.95
2615,-200.0,-193.95
2616,-185.0,-193.8
2617,-200.0,-193.8
2618,-200.0,-193.8
2619,-200.0,-193.8
2620,-200.0,-193.8
2621,-180.0,-193.6
2622,-200.0,-193.6
2623,-200.0,-193.6
2624,-200.0,-193.6
2625,-200.0,-193.6
2626,-200.0,-193.6
2627,-200.0,-193.6
2628,-200.0,-193.6
2629,-193.0,-193.53
2630,-158.0,-193.11
2631,-177.0,-192.88
2632,-162.0,-192.5
2633,-200.0,-192.5
2634,-200.0,-192.5
2635,-166.0,-192.16
2636,-200.0,-192.16
2637,-200.0,-192.29
2638,-180.0,-192.09
2639,-200.0,-192.16
2640,-200.0,-192.16
2641,-158.0,-191.74
2642,-159.0,-191.38
2643,-158.0,-190.96
2644,-157.0,-190.53
2645,-200.0,-190.53
2646,-200.0,-190.53
2647,-200.0,-190.54
2648,-200.0,-190.66
2649,-192.0,-190.58
2650,-200.0,-190.69
2651,-192.0,-190.74
2652,-161.0,-190.35
2653,-161.0,-190.15
2654,-186.0,-190.04
2655,-200.0,-190.04
2656,-200.0,-190.04
2657,-169.0,-189.73
2658,-200.0,-189.73
2659,-200.0,-190.01
2660,-200.0,-190.1
2661,-200.0,-190.52
2662,-200.0,-190.52
2663,-200.0,-190.7
2664,-200.0,-190.7
2665,-182.0,-190.53
2666,-185.0,-190.43
2667,-200.0,-190.43
2668,-200.0,-190.43
2669,-159.0,-190.05
2670,-200.0,-190.05
2671,-200.0,-190.06
2672,-200.0,-190.07
2673,-200.0,-190.33
2674,-200.0,-190.33
2675,-200.0,-190.33
2676,-200.0,-190.34
2677,-200.0,-190.34
2678,-200.0,-190.34
2679,-200.0,-190.34
2680,-200.0,-190.34
2681,-200.0,-190.34
2682,-200.0,-190.34
2683,-200.0,-190.36
2684,-200.0,-190.36
2685,-200.0,-190.79
2686,-200.0,-190.79
2687,-200.0,-190.79
2688,-200.0,-190.79
2689,-200.0,-190.79
2690,-200.0,-190.83
2691,-200.0,-190.93
2692,-200.0,-191.31
2693,-200.0,-191.31
2694,-200.0,-191.7
2695,-200.0,-192.09
2696,-200.0,-192.41
2697,-200.0,-192.46
2698,-200.0,-192.81
2699,-200.0,-192.81
2700,-200.0,-192.81
2701,-200.0,-192.81
2702,-200.0,-192.81
2703,-200.0,-192.81
2704,-200.0,-192.81
2705,-200.0,-193.27
2706,-200.0,-193.27
2707,-200.0,-193.27
2708,-200.0,-193.3
2709,-200.0,-193.3
2710,-200.0,-193.3
2711,-200.0,-193.69
2712,-200.0,-193.69
2713,-200.0,-193.8
2714,-200.0,-194.2
2715,-200.0,-194.2
2716,-200.0,-194.35
2717,-200.0,-194.35
2718,-200.0,-194.35
2719,-200.0,-194.35
2720,-200.0,-194.35
2721,-200.0,-194.55
2722,-200.0,-194.55
2723,-200.0,-194.55
2724,-200.0,-194.55
2725,-200.0,-194.55
2726,-200.0,-194.55
2727,-200.0,-194.55
2728,-200.0,-194.55
2729,-193.0,-194.55
2730,-200.0,-194.97
2731,-197.0,-195.17
2732,-195.0,-195.5
2733,-186.0,-195.36
2734,-200.0,-195.36
2735,-200.0,-195.7
2736,-157.0,-195.27
2737,-196.0,-195.23
2738,-162.0,-195.05
2739,-200.0,-195.05
2740,-187.0,-194.92
2741,-199.0,-195.33
2742,-163.0,-195.37
2743,-200.0,-195.79
2744,-200.0,-196.22
2745,-200.0,-196.22
2746,-198.0,-196.2
2747,-157.0,-195.77
2748,-200.0,-195.77
2749,-193.0,-195.78
2750,-184.0,-195.62
2751,-170.0,-195.4
2752,-200.0,-195.79
2753,-200.0,-196.18
2754,-200.0,-196.32
2755,-200.0,-196.32
2756,-160.0,-195.92
2757,-200.0,-196.23
2758,-191.0,-196.14
2759,-183.0,-195.97
2760,-200.0,-195.97
2761,-200.0,-195.97
2762,-160.0,-195.57
2763,-200.0,-195.57
2764,-200.0,-195.57
2765,-200.0,-195.75
2766,-197.0,-195.87
2767,-168.0,-195.55
2768,-200.0,-195.55
2769,-200.0,-195.96
2770,-200.0,-195.96
2771,-200.0,-195.96
2772,-169.0,-195.65
2773,-200.0,-195.65
2774,-200.0,-195.65
2775,-200.0,-195.65
2776,-200.0,-195.65
2777,-200.0,-195.65
2778,-200.0,-195.65
2779,-200.0,-195.65
2780,-200.0,-195.65
2781,-200.0,-195.65
2782,-200.0,-195.65
2783,-176.0,-195.41
2784,-200.0,-195.41
2785,-200.0,-195.41
2786,-200.0,-195.41
2787,-200.0,-195.41
2788,-200.0,-195.41
2789,-200.0,-195.41
2790,-188.0,-195.29
2791,-174.0,-195.03
2792,-200.0,-195.03
2793,-200.0,-195.03
2794,-200.0,-195.03
2795,-200.0,-195.03
2796,-200.0,-195.03
2797,-200.0,-195.03
2798,-200.0,-195.03
2799,-200.0,-195.03
2800,-200.0,-195.03
2801,-200.0,-195.03
2802,-200.0,-195.03
2803,-200.0,-195.03
2804,-200.0,-195.03
2805,-200.0,-195.03
2806,-200.0,-195.03
2807,-200.0,-195.03
2808,-200.0,-195.03
2809,-200.0,-195.03
2810,-200.0,-195.03
2811,-200.0,-195.03
2812,-200.0,-195.03
2813,-200.0,-195.03
2814,-200.0,-195.03
2815,-200.0,-195.03
2816,-200.0,-195.03
2817,-200.0,-195.03
2818,-200.0,-195.03
2819,-200.0,-195.03
2820,-200.0,-195.03
2821,-200.0,-195.03
2822,-200.0,-195.03
2823,-200.0,-195.03
2824,-200.0,-195.03
2825,-200.0,-195.03
2826,-200.0,-195.03
2827,-200.0,-195.03
2828,-200.0,-195.03
2829,-200.0,-195.1
2830,-200.0,-195.1
2831,-200.0,-195.13
2832,-200.0,-195.18
2833,-200.0,-195.32
2834,-200.0,-195.32
2835,-200.0,-195.32
2836,-200.0,-195.75
2837,-200.0,-195.79
2838,-200.0,-196.17
2839,-200.0,-196.17
2840,-200.0,-196.3
2841,-200.0,-196.31
2842,-200.0,-196.68
2843,-200.0,-196.68
2844,-200.0,-196.68
2845,-200.0,-196.68
2846,-200.0,-196.7
2847,-200.0,-197.13
2848,-200.0,-197.13
2849,-200.0,-197.2
2850,-200.0,-197.36
2851,-200.0,-197.66
2852,-200.0,-197.66
2853,-200.0,-197.66
2854,-200.0,-197.66
2855,-200.0,-197.66
2856,-200.0,-198.06
2857,-200.0,-198.06
2858,-200.0,-198.15
2859,-200.0,-198.32
2860,-200.0,-198.32
2861,-200.0,-198.32
2862,-200.0,-198.72
2863,-200.0,-198.72
2864,-200.0,-198.72
2865,-200.0,-198.72
2866,-200.0,-198.75
2867,-200.0,-199.07
2868,-200.0,-199.07
2869,-200.0,-199.07
2870,-200.0,-199.07
2871,-200.0,-199.07
2872,-200.0,-199.38
2873,-200.0,-199.38
2874,-200.0,-199.38
2875,-200.0,-199.38
2876,-200.0,-199.38
2877,-200.0,-199.38
2878,-200.0,-199.38
2879,-200.0,-199.38
2880,-200.0,-199.38
2881,-200.0,-199.38
2882,-200.0,-199.38
2883,-200.0,-199.62
2884,-200.0,-199.62
2885,-200.0,-199.62
2886,-200.0,-199.62
2887,-200.0,-199.62
2888,-200.0,-199.62
2889,-200.0,-199.62
2890,-200.0,-199.74
2891,-200.0,-200.0
2892,-200.0,-200.0
2893,-200.0,-200.0
2894,-200.0,-200.0
2895,-198.0,-199.98
2896,-200.0,-199.98
2897,-200.0,-199.98
2898,-200.0,-199.98
2899,-200.0,-199.98
2900,-200.0,-199.98
2901,-200.0,-199.98
2902,-200.0,-199.98
2903,-200.0,-199.98
2904,-200.0,-199.98
2905,-200.0,-199.98
2906,-200.0,-199.98
2907,-200.0,-199.98
2908,-200.0,-199.98
2909,-200.0,-199.98
2910,-200.0,-199.98
2911,-200.0,-199.98
2912,-200.0,-199.98
2913,-200.0,-199.98
2914,-200.0,-199.98
2915,-200.0,-199.98
2916,-200.0,-199.98
2917,-200.0,-199.98
2918,-200.0,-199.98
2919,-200.0,-199.98
2920,-200.0,-199.98
2921,-200.0,-199.98
2922,-200.0,-199.98
2923,-200.0,-199.98
2924,-200.0,-199.98
2925,-200.0,-199.98
2926,-200.0,-199.98
2927,-200.0,-199.98
2928,-200.0,-199.98
2929,-200.0,-199.98
2930,-200.0,-199.98
2931,-200.0,-199.98
2932,-200.0,-199.98
2933,-200.0,-199.98
2934,-200.0,-199.98
2935,-172.0,-199.7
2936,-200.0,-199.7
2937,-200.0,-199.7
2938,-163.0,-199.33
2939,-198.0,-199.31
2940,-200.0,-199.31
2941,-200.0,-199.31
2942,-200.0,-199.31
2943,-200.0,-199.31
2944,-164.0,-198.95
2945,-200.0,-198.95
2946,-200.0,-198.95
2947,-200.0,-198.95
2948,-200.0,-198.95
2949,-200.0,-198.95
2950,-200.0,-198.95
2951,-200.0,-198.95
2952,-200.0,-198.95
2953,-200.0,-198.95
2954,-196.0,-198.91
2955,-200.0,-198.91
2956,-200.0,-198.91
2957,-200.0,-198.91
2958,-200.0,-198.91
2959,-200.0,-198.91
2960,-200.0,-198.91
2961,-200.0,-198.91
2962,-200.0,-198.91
2963,-200.0,-198.91
2964,-200.0,-198.91
2965,-200.0,-198.91
2966,-200.0,-198.91
2967,-200.0,-198.91
2968,-200.0,-198.91
2969,-200.0,-198.91
2970,-200.0,-198.91
2971,-200.0,-198.91
2972,-200.0,-198.91
2973,-200.0,-198.91
2974,-200.0,-198.91
2975,-200.0,-198.91
2976,-200.0,-198.91
2977,-200.0,-198.91
2978,-200.0,-198.91
2979,-200.0,-198.91
2980,-200.0,-198.91
2981,-198.0,-198.89
2982,-200.0,-198.89
2983,-200.0,-198.89
2984,-200.0,-198.89
2985,-200.0,-198.89
2986,-169.0,-198.58
2987,-200.0,-198.58
2988,-171.0,-198.29
2989,-200.0,-198.29
2990,-157.0,-197.86
2991,-200.0,-197.86
2992,-189.0,-197.75
2993,-162.0,-197.37
2994,-174.0,-197.11
2995,-200.0,-197.13
2996,-164.0,-196.77
2997,-145.0,-196.22
2998,-200.0,-196.22
2999,-200.0,-196.22
3000,-190.0,-196.12
3001,-200.0,-196.12
3002,-175.0,-195.87
3003,-167.0,-195.54
3004,-200.0,-195.54
3005,-169.0,-195.23
3006,-200.0,-195.23
3007,-200.0,-195.23
3008,-200.0,-195.23
3009,-200.0,-195.23
3010,-171.0,-194.94
3011,-179.0,-194.73
3012,-200.0,-194.73
3013,-200.0,-194.73
3014,-200.0,-194.73
3015,-146.0,-194.19
3016,-200.0,-194.19
3017,-200.0,-194.19
3018,-200.0,-194.19
3019,-200.0,-194.19
3020,-200.0,-194.19
3021,-200.0,-194.19
3022,-200.0,-194.19
3023,-200.0,-194.19
3024,-200.0,-194.19
3025,-200.0,-194.19
3026,-200.0,-194.19
3027,-200.0,-194.19
3028,-200.0,-194.19
3029,-194.0,-194.13
3030,-186.0,-193.99
3031,-200.0,-193.99
3032,-200.0,-193.99
3033,-200.0,-193.99
3034,-200.0,-193.99
3035,-200.0,-194.27
3036,-200.0,-194.27
3037,-200.0,-194.27
3038,-200.0,-194.64
3039,-200.0,-194.66
3040,-200.0,-194.66
3041,-200.0,-194.66
3042,-200.0,-194.66
3043,-200.0,-194.66
3044,-200.0,-195.02
3045,-200.0,-195.02
3046,-200.0,-195.02
3047,-200.0,-195.02
3048,-200.0,-195.02
3049,-200.0,-195.02
3050,-200.0,-195.02
3051,-200.0,-195.02
3052,-200.0,-195.02
3053,-200.0,-195.02
3054,-200.0,-195.06
3055,-200.0,-195.06
3056,-200.0,-195.06
3057,-200.0,-195.06
3058,-200.0,-195.06
3059,-200.0,-195.06
3060,-200.0,-195.06
3061,-200.0,-195.06
3062,-200.0,-195.06
3063,-199.0,-195.05
3064,-156.0,-194.61
3065,-200.0,-194.61
3066,-200.0,-194.61
3067,-200.0,-194.61
3068,-195.0,-194.56
3069,-200.0,-194.56
3070,-200.0,-194.56
3071,-200.0,-194.56
3072,-200.0,-194.56
3073,-160.0,-194.16
3074,-199.0,-194.15
3075,-200.0,-194.15
3076,-200.0,-194.15
3077,-200.0,-194.15
3078,-200.0,-194.15
3079,-200.0,-194.15
3080,-200.0,-194.15
3081,-176.0,-193.93
3082,-192.0,-193.85
3083,-178.0,-193.63
3084,-191.0,-193.54
3085,-170.0,-193.24
3086,-192.0,-193.47
3087,-196.0,-193.43
3088,-195.0,-193.67
3089,-200.0,-193.67
3090,-159.0,-193.69
3091,-171.0,-193.4
3092,-163.0,-193.14
3093,-200.0,-193.52
3094,-200.0,-193.78
3095,-160.0,-193.38
3096,-200.0,-193.74
3097,-200.0,-194.29
3098,-200.0,-194.29
3099,-200.0,-194.29
3100,-200.0,-194.39
3101,-200.0,-194.39
3102,-200.0,-194.64
3103,-200.0,-194.97
3104,-146.0,-194.43
3105,-200.0,-194.74
3106,-200.0,-194.74
3107,-200.0,-194.74
3108,-200.0,-194.74
3109,-199.0,-194.73
3110,-200.0,-195.02
3111,-200.0,-195.23
3112,-200.0,-195.23
3113,-187.0,-195.1
3114,-200.0,-195.1
3115,-197.0,-195.61
3116,-200.0,-195.61
3117,-190.0,-195.51
3118,-195.0,-195.46
3119,-200.0,-195.46
3120,-200.0,-195.46
3121,-200.0,-195.46
3122,-193.0,-195.39
3123,-194.0,-195.33
3124,-200.0,-195.33
3125,-194.0,-195.27
3126,-200.0,-195.27
3127,-200.0,-195.27
3128,-200.0,-195.27
3129,-200.0,-195.33
3130,-200.0,-195.47
3131,-200.0,-195.47
3132,-193.0,-195.4
3133,-200.0,-195.4
3134,-200.0,-195.4
3135,-191.0,-195.31
3136,-200.0,-195.31
3137,-196.0,-195.27
3138,-200.0,-195.27
3139,-195.0,-195.22
3140,-200.0,-195.22
3141,-200.0,-195.22
3142,-200.0,-195.22
3143,-200.0,-195.22
3144,-200.0,-195.22
3145,-199.0,-195.21
3146,-200.0,-195.21
3147,-200.0,-195.21
3148,-200.0,-195.21
3149,-200.0,-195.21
3150,-200.0,-195.21
3151,-177.0,-194.98
3152,-200.0,-194.98
3153,-200.0,-194.98
3154,-192.0,-194.9
3155,-190.0,-194.8
3156,-200.0,-194.8
3157,-200.0,-194.8
3158,-190.0,-194.7
3159,-200.0,-194.7
3160,-200.0,-194.7
3161,-157.0,-194.27
3162,-164.0,-193.91
3163,-200.0,-193.92
3164,-153.0,-193.89
3165,-200.0,-193.89
3166,-189.0,-193.78
3167,-200.0,-193.78
3168,-194.0,-193.77
3169,-200.0,-193.77
3170,-200.0,-193.77
3171,-200.0,-193.77
3172,-200.0,-193.77
3173,-200.0,-194.17
3174,-176.0,-193.94
3175,-200.0,-193.94
3176,-200.0,-193.94
3177,-200.0,-193.94
3178,-157.0,-193.51
3179,-177.0,-193.28
3180,-154.0,-192.82
3181,-200.0,-193.06
3182,-200.0,-193.14
3183,-200.0,-193.36
3184,-159.0,-193.04
3185,-200.0,-193.34
3186,-155.0,-192.97
3187,-200.0,-193.01
3188,-200.0,-193.06
3189,-200.0,-193.06
3190,-200.0,-193.47
3191,-200.0,-193.76
3192,-200.0,-194.13
3193,-200.0,-194.13
3194,-200.0,-194.13
3195,-200.0,-194.53
3196,-200.0,-194.53
3197,-200.0,-194.53
3198,-200.0,-194.53
3199,-200.0,-194.53
3200,-200.0,-194.53
3201,-200.0,-194.53
3202,-200.0,-194.53
3203,-199.0,-194.52
3204,-195.0,-195.01
3205,-190.0,-194.91
3206,-186.0,-194.77
3207,-178.0,-194.55
3208,-189.0,-194.44
3209,-157.0,-194.02
3210,-159.0,-193.61
3211,-200.0,-193.61
3212,-200.0,-193.61
3213,-178.0,-193.52
3214,-157.0,-193.09
3215,-187.0,-192.99
3216,-200.0,-192.99
3217,-184.0,-192.93
3218,-162.0,-192.6
3219,-200.0,-192.6
3220,-200.0,-192.6
3221,-163.0,-192.23
3222,-200.0,-192.3
3223,-200.0,-192.36
3224,-191.0,-192.27
3225,-200.0,-192.33
3226,-200.0,-192.33
3227,-184.0,-192.17
3228,-182.0,-191.99
3229,-193.0,-191.92
3230,-175.0,-191.67
3231,-173.0,-191.4
3232,-200.0,-191.47
3233,-200.0,-191.47
3234,-200.0,-191.47
3235,-153.0,-191.09
3236,-154.0,-190.63
3237,-200.0,-190.67
3238,-200.0,-190.67
3239,-163.0,-190.35
3240,-156.0,-189.91
3241,-159.0,-189.5
3242,-168.0,-189.18
3243,-154.0,-188.72
3244,-154.0,-188.26
3245,-156.0,-187.83
3246,-181.0,-187.64
3247,-193.0,-187.57
3248,-155.0,-187.12
3249,-186.0,-186.98
3250,-161.0,-186.59
3251,-153.0,-186.35
3252,-147.0,-185.82
3253,-200.0,-185.82
3254,-184.0,-185.74
3255,-154.0,-185.38
3256,-153.0,-184.91
3257,-154.0,-184.45
3258,-191.0,-184.46
3259,-157.0,-184.03
3260,-181.0,-183.84
3261,-182.0,-184.09
3262,-182.0,-184.27
3263,-200.0,-184.27
3264,-188.0,-184.62
3265,-187.0,-184.49
3266,-190.0,-184.5
3267,-174.0,-184.24
3268,-191.0,-184.21
3269,-154.0,-183.75
3270,-170.0,-183.45
3271,-159.0,-183.04
3272,-177.0,-182.81
3273,-180.0,-182.61
3274,-156.0,-182.41
3275,-200.0,-182.41
3276,-171.0,-182.12
3277,-184.0,-181.96
3278,-200.0,-182.39
3279,-165.0,-182.27
3280,-200.0,-182.73
3281,-159.0,-182.32
3282,-149.0,-181.81
3283,-200.0,-181.81
3284,-165.0,-181.87
3285,-200.0,-181.87
3286,-200.0,-182.32
3287,-200.0,-182.32
3288,-200.0,-182.32
3289,-200.0,-182.32
3290,-200.0,-182.32
3291,-200.0,-182.32
3292,-200.0,-182.32
3293,-200.0,-182.32
3294,-200.0,-182.32
3295,-200.0,-182.32
3296,-200.0,-182.32
3297,-200.0,-182.32
3298,-200.0,-182.32
3299,-200.0,-182.32
3300,-200.0,-182.32
3301,-200.0,-182.32
3302,-200.0,-182.32
3303,-200.0,-182.33
3304,-200.0,-182.38
3305,-200.0,-182.48
3306,-200.0,-182.62
3307,-197.0,-182.81
3308,-200.0,-182.92
3309,-200.0,-183.35
3310,-200.0,-183.76
3311,-200.0,-183.76
3312,-157.0,-183.33
3313,-165.0,-183.2
3314,-200.0,-183.63
3315,-200.0,-183.76
3316,-200.0,-183.76
3317,-200.0,-183.92
3318,-200.0,-184.3
3319,-200.0,-184.3
3320,-200.0,-184.3
3321,-200.0,-184.67
3322,-200.0,-184.67
3323,-200.0,-184.67
3324,-197.0,-184.73
3325,-200.0,-184.73
3326,-197.0,-184.7
3327,-200.0,-184.86
3328,-200.0,-185.04
3329,-200.0,-185.11
3330,-200.0,-185.36
3331,-200.0,-185.63
3332,-200.0,-185.63
3333,-200.0,-185.63
3334,-200.0,-185.63
3335,-200.0,-186.1
3336,-200.0,-186.56
3337,-200.0,-186.56
3338,-168.0,-186.24
3339,-200.0,-186.61
3340,-167.0,-186.72
3341,-160.0,-186.73
3342,-200.0,-187.05
3343,-166.0,-187.17
3344,-200.0,-187.63
3345,-200.0,-188.07
3346,-200.0,-188.26
3347,-200.0,-188.33
3348,-161.0,-188.39
3349,-162.0,-188.15
3350,-148.0,-188.02
3351,-157.0,-188.06
3352,-197.0,-188.56
3353,-200.0,-188.56
3354,-199.0,-188.71
3355,-200.0,-189.17
3356,-196.0,-189.6
3357,-200.0,-190.06
3358,-160.0,-189.75
3359,-195.0,-190.13
3360,-200.0,-190.32
3361,-200.0,-190.5
3362,-164.0,-190.32
3363,-166.0,-189.98
3364,-158.0,-189.68
3365,-160.0,-189.41
3366,-168.0,-189.19
3367,-165.0,-189.1
3368,-200.0,-189.19
3369,-200.0,-189.65
3370,-200.0,-189.95
3371,-168.0,-190.04
3372,-200.0,-190.27
3373,-200.0,-190.47
3374,-200.0,-190.91
3375,-200.0,-190.91
3376,-200.0,-191.2
3377,-167.0,-191.03
3378,-200.0,-191.03
3379,-169.0,-191.07
3380,-200.0,-191.07
3381,-200.0,-191.48
3382,-200.0,-191.99
3383,-197.0,-191.96
3384,-200.0,-192.31
3385,-159.0,-191.9
3386,-177.0,-191.67
3387,-162.0,-191.29
3388,-168.0,-190.97
3389,-200.0,-190.97
3390,-193.0,-190.9
3391,-155.0,-190.45
3392,-200.0,-190.45
3393,-160.0,-190.05
3394,-165.0,-189.7
3395,-193.0,-189.63
3396,-193.0,-189.56
3397,-200.0,-189.56
3398,-164.0,-189.2
3399,-200.0,-189.2
3400,-200.0,-189.2
3401,-150.0,-188.7
3402,-158.0,-188.28
3403,-200.0,-188.28
3404,-200.0,-188.28
3405,-200.0,-188.28
3406,-195.0,-188.23
3407,-160.0,-187.86
3408,-200.0,-187.86
3409,-160.0,-187.46
3410,-151.0,-186.97
3411,-200.0,-186.97
3412,-200.0,-187.4
3413,-161.0,-187.36
3414,-162.0,-186.98
3415,-200.0,-186.98
3416,-200.0,-186.98
3417,-200.0,-186.98
3418,-200.0,-186.98
3419,-200.0,-186.98
3420,-144.0,-186.42
3421,-200.0,-186.42
3422,-200.0,-186.42
3423,-200.0,-186.42
3424,-197.0,-186.42
3425,-200.0,-186.42
3426,-200.0,-186.45
3427,-197.0,-186.42
3428,-196.0,-186.38
3429,-200.0,-186.38
3430,-200.0,-186.38
3431,-200.0,-186.38
3432,-200.0,-186.38
3433,-200.0,-186.38
3434,-200.0,-186.38
3435,-200.0,-186.38
3436,-200.0,-186.38
3437,-200.0,-186.38
3438,-193.0,-186.63
3439,-200.0,-186.63
3440,-163.0,-186.59
3441,-200.0,-186.99
3442,-200.0,-186.99
3443,-200.0,-187.33
3444,-161.0,-186.94
3445,-200.0,-186.94
3446,-184.0,-186.78
3447,-200.0,-186.78
3448,-199.0,-187.16
3449,-162.0,-187.16
3450,-161.0,-187.29
3451,-200.0,-187.72
3452,-200.0,-187.75
3453,-200.0,-187.75
3454,-165.0,-187.41
3455,-156.0,-186.97
3456,-200.0,-187.01
3457,-200.0,-187.01
3458,-200.0,-187.41
3459,-158.0,-187.04
3460,-148.0,-186.52
3461,-200.0,-186.52
3462,-200.0,-186.88
3463,-174.0,-186.96
3464,-200.0,-187.38
3465,-188.0,-187.66
3466,-193.0,-187.91
3467,-200.0,-188.26
3468,-200.0,-188.26
3469,-160.0,-187.86
3470,-189.0,-187.75
3471,-200.0,-188.07
3472,-187.0,-187.94
3473,-200.0,-187.94
3474,-200.0,-187.94
3475,-200.0,-187.94
3476,-159.0,-187.53
3477,-200.0,-187.86
3478,-155.0,-187.41
3479,-160.0,-187.32
3480,-200.0,-187.32
3481,-200.0,-187.32
3482,-164.0,-186.96
3483,-200.0,-186.99
3484,-200.0,-186.99
3485,-200.0,-187.4
3486,-161.0,-187.24
3487,-161.0,-187.23
3488,-158.0,-187.13
3489,-156.0,-186.69
3490,-150.0,-186.26
3491,-200.0,-186.71
3492,-166.0,-186.37
3493,-150.0,-186.27
3494,-200.0,-186.62
3495,-200.0,-186.69
3496,-200.0,-186.76
3497,-200.0,-186.76
3498,-200.0,-187.12
3499,-200.0,-187.12
3500,-200.0,-187.12
3501,-200.0,-187.62
3502,-200.0,-188.04
3503,-200.0,-188.04
3504,-200.0,-188.04
3505,-155.0,-187.59
3506,-200.0,-187.64
3507,-200.0,-188.04
3508,-200.0,-188.04
3509,-200.0,-188.44
3510,-183.0,-188.76
3511,-200.0,-188.76
3512,-200.0,-188.76
3513,-198.0,-189.13
3514,-200.0,-189.51
3515,-200.0,-189.51
3516,-200.0,-189.51
3517,-200.0,-189.51
3518,-200.0,-189.51
3519,-200.0,-189.51
3520,-200.0,-190.07
3521,-196.0,-190.03
3522,-200.0,-190.03
3523,-174.0,-189.77
3524,-200.0,-189.8
3525,-193.0,-189.73
3526,-200.0,-189.73
3527,-167.0,-189.43
3528,-196.0,-189.43
3529,-200.0,-189.43
3530,-193.0,-189.36
3531,-170.0,-189.06
3532,-176.0,-188.82
3533,-185.0,-188.67
3534,-200.0,-188.67
3535,-159.0,-188.26
3536,-199.0,-188.25
3537,-163.0,-187.88
3538,-200.0,-187.95
3539,-200.0,-187.95
3540,-200.0,-188.32
3541,-172.0,-188.04
3542,-200.0,-188.04
3543,-200.0,-188.04
3544,-200.0,-188.43
3545,-191.0,-188.34
3546,-182.0,-188.32
3547,-193.0,-188.25
3548,-200.0,-188.26
3549,-200.0,-188.64
3550,-200.0,-189.03
3551,-188.0,-188.91
3552,-199.0,-188.9
3553,-166.0,-188.56
3554,-200.0,-188.91
3555,-200.0,-189.35
3556,-200.0,-189.35
3557,-200.0,-189.35
3558,-194.0,-189.29
3559,-155.0,-189.26
3560,-200.0,-189.78
3561,-163.0,-189.41
3562,-200.0,-189.41
3563,-165.0,-189.32
3564,-200.0,-189.32
3565,-200.0,-189.44
3566,-200.0,-189.51
3567,-193.0,-189.44
3568,-199.0,-189.43
3569,-194.0,-189.77
3570,-164.0,-189.52
3571,-184.0,-189.36
3572,-159.0,-189.08
3573,-172.0,-188.8
3574,-200.0,-188.8
3575,-200.0,-188.8
3576,-175.0,-188.96
3577,-172.0,-188.68
3578,-200.0,-189.13
3579,-200.0,-189.53
3580,-170.0,-189.23
3581,-168.0,-188.91
3582,-200.0,-189.27
3583,-164.0,-188.91
3584,-160.0,-188.51
3585,-158.0,-188.09
3586,-159.0,-188.07
3587,-200.0,-188.46
3588,-165.0,-188.53
3589,-159.0,-188.56
3590,-200.0,-189.06
3591,-200.0,-189.06
3592,-164.0,-189.04
3593,-174.0,-189.28
3594,-200.0,-189.28
3595,-200.0,-189.28
3596,-200.0,-189.28
3597,-200.0,-189.28
3598,-160.0,-188.88
3599,-162.0,-188.5
3600,-181.0,-188.31
3601,-200.0,-188.31
3602,-200.0,-188.31
3603,-200.0,-188.31
3604,-200.0,-188.31
3605,-200.0,-188.76
3606,-196.0,-188.72
3607,-200.0,-188.72
3608,-200.0,-188.72
3609,-200.0,-188.72
3610,-200.0,-188.89
3611,-200.0,-188.89
3612,-200.0,-188.89
3613,-200.0,-188.91
3614,-158.0,-188.49
3615,-200.0,-188.49
3616,-165.0,-188.14
3617,-200.0,-188.14
3618,-157.0,-187.71
3619,-200.0,-187.71
3620,-161.0,-187.32
3621,-200.0,-187.36
3622,-161.0,-186.97
3623,-176.0,-186.99
3624,-200.0,-186.99
3625,-200.0,-187.06
3626,-200.0,-187.06
3627,-200.0,-187.39
3628,-200.0,-187.43
3629,-200.0,-187.43
3630,-200.0,-187.5
3631,-200.0,-187.8
3632,-200.0,-188.04
3633,-200.0,-188.19
3634,-200.0,-188.19
3635,-200.0,-188.6
3636,-200.0,-188.61
3637,-200.0,-188.98
3638,-200.0,-188.98
3639,-200.0,-188.98
3640,-200.0,-188.98
3641,-200.0,-189.26
3642,-200.0,-189.26
3643,-200.0,-189.26
3644,-200.0,-189.26
3645,-200.0,-189.35
3646,-200.0,-189.53
3647,-200.0,-189.6
3648,-200.0,-189.6
3649,-200.0,-189.6
3650,-200.0,-189.6
3651,-200.0,-189.72
3652,-200.0,-189.73
3653,-200.0,-190.07
3654,-200.0,-190.07
3655,-200.0,-190.07
3656,-200.0,-190.07
3657,-200.0,-190.07
3658,-200.0,-190.13
3659,-200.0,-190.58
3660,-200.0,-190.58
3661,-200.0,-190.95
3662,-200.0,-190.95
3663,-200.0,-191.3
3664,-200.0,-191.3
3665,-200.0,-191.3
3666,-200.0,-191.3
3667,-200.0,-191.37
3668,-200.0,-191.38
3669,-200.0,-191.44
3670,-200.0,-191.8
3671,-200.0,-191.96
3672,-200.0,-192.37
3673,-200.0,-192.65
3674,-200.0,-192.65
3675,-200.0,-192.65
3676,-200.0,-192.9
3677,-200.0,-193.18
3678,-200.0,-193.18
3679,-200.0,-193.18
3680,-200.0,-193.48
3681,-197.0,-193.77
3682,-200.0,-193.77
3683,-200.0,-194.13
3684,-200.0,-194.53
3685,-200.0,-194.95
3686,-200.0,-195.36
3687,-200.0,-195.36
3688,-200.0,-195.71
3689,-200.0,-196.12
3690,-200.0,-196.12
3691,-200.0,-196.12
3692,-200.0,-196.48
3693,-200.0,-196.74
3694,-200.0,-196.74
3695,-200.0,-196.74
3696,-200.0,-196.74
3697,-200.0,-196.74
3698,-200.0,-197.14
3699,-200.0,-197.52
3700,-200.0,-197.71
3701,-200.0,-197.71
3702,-200.0,-197.71
3703,-200.0,-197.71
3704,-200.0,-197.71
3705,-198.0,-197.69
3706,-200.0,-197.73
3707,-200.0,-197.73
3708,-199.0,-197.72
3709,-200.0,-197.72
3710,-200.0,-197.72
3711,-200.0,-197.72
3712,-200.0,-197.72
3713,-200.0,-197.72
3714,-200.0,-198.14
3715,-200.0,-198.14
3716,-200.0,-198.49
3717,-198.0,-198.47
3718,-200.0,-198.9
3719,-200.0,-198.9
3720,-200.0,-199.29
3721,-197.0,-199.26
3722,-200.0,-199.65
3723,-198.0,-199.87
3724,-200.0,-199.87
3725,-200.0,-199.87
3726,-200.0,-199.87
3727,-195.0,-199.82
3728,-200.0,-199.82
3729,-200.0,-199.82
3730,-192.0,-199.74
3731,-200.0,-199.74
3732,-200.0,-199.74
3733,-200.0,-199.74
3734,-200.0,-199.74
3735,-167.0,-199.41
3736,-165.0,-199.06
3737,-200.0,-199.06
3738,-200.0,-199.06
3739,-200.0,-199.06
3740,-200.0,-199.06
3741,-200.0,-199.06
3742,-200.0,-199.06
3743,-200.0,-199.06
3744,-163.0,-198.69
3745,-200.0,-198.69
3746,-193.0,-198.62
3747,-200.0,-198.62
3748,-155.0,-198.17
3749,-156.0,-197.73
3750,-163.0,-197.36
3751,-162.0,-196.98
3752,-165.0,-196.63
3753,-177.0,-196.4
3754,-176.0,-196.16
3755,-167.0,-195.83
3756,-161.0,-195.44
3757,-200.0,-195.44
3758,-164.0,-195.08
3759,-198.0,-195.06
3760,-169.0,-194.75
3761,-200.0,-194.75
3762,-170.0,-194.45
3763,-162.0,-194.07
3764,-184.0,-193.91
3765,-200.0,-193.91
3766,-200.0,-193.91
3767,-164.0,-193.55
3768,-200.0,-193.55
3769,-197.0,-193.52
3770,-200.0,-193.52
3771,-172.0,-193.24
3772,-193.0,-193.17
3773,-200.0,-193.17
3774,-200.0,-193.17
3775,-200.0,-193.17
3776,-192.0,-193.09
3777,-200.0,-193.09
3778,-159.0,-192.68
3779,-161.0,-192.29
3780,-167.0,-191.96
3781,-166.0,-191.65
3782,-195.0,-191.6
3783,-164.0,-191.24
3784,-200.0,-191.24
3785,-194.0,-191.18
3786,-168.0,-190.86
3787,-194.0,-190.8
3788,-160.0,-190.4
3789,-196.0,-190.36
3790,-191.0,-190.27
3791,-199.0,-190.26
3792,-199.0,-190.25
3793,-200.0,-190.25
3794,-167.0,-189.92
3795,-175.0,-189.67
3796,-200.0,-189.67
3797,-136.0,-189.03
3798,-174.0,-188.77
3799,-200.0,-188.77
3800,-170.0,-188.47
3801,-166.0,-188.13
3802,-157.0,-187.7
3803,-164.0,-187.34
3804,-200.0,-187.34
3805,-167.0,-187.03
3806,-125.0,-186.28
3807,-200.0,-186.28
3808,-200.0,-186.29
3809,-167.0,-185.96
3810,-159.0,-185.55
3811,-200.0,-185.55
3812,-154.0,-185.09
3813,-164.0,-184.73
3814,-162.0,-184.35
3815,-200.0,-184.35
3816,-159.0,-183.94
3817,-200.0,-183.96
3818,-165.0,-183.61
3819,-123.0,-182.84
3820,-200.0,-182.84
3821,-179.0,-182.66
3822,-161.0,-182.27
3823,-200.0,-182.29
3824,-196.0,-182.25
3825,-164.0,-181.89
3826,-196.0,-181.85
3827,-129.0,-181.19
3828,-156.0,-180.75
3829,-166.0,-180.41
3830,-200.0,-180.49
3831,-176.0,-180.25
3832,-153.0,-179.78
3833,-200.0,-179.78
3834,-168.0,-179.46
3835,-182.0,-179.61
3836,-169.0,-179.65
3837,-162.0,-179.27
3838,-200.0,-179.27
3839,-167.0,-178.94
3840,-188.0,-178.82
3841,-200.0,-178.82
3842,-200.0,-178.82
3843,-200.0,-178.82
3844,-200.0,-179.19
3845,-200.0,-179.19
3846,-183.0,-179.09
3847,-171.0,-178.8
3848,-163.0,-178.88
3849,-187.0,-179.19
3850,-167.0,-179.23
3851,-165.0,-179.26
3852,-196.0,-179.57
3853,-165.0,-179.45
3854,-200.0,-179.69
3855,-200.0,-180.02
3856,-200.0,-180.41
3857,-167.0,-180.08
3858,-127.0,-179.71
3859,-163.0,-179.36
3860,-184.0,-179.51
3861,-200.0,-179.51
3862,-156.0,-179.37
3863,-169.0,-179.44
3864,-178.0,-179.38
3865,-156.0,-178.94
3866,-182.0,-178.76
3867,-160.0,-178.72
3868,-167.0,-178.39
3869,-200.0,-178.42
3870,-200.0,-178.42
3871,-160.0,-178.3
3872,-174.0,-178.11
3873,-180.0,-177.91
3874,-200.0,-177.91
3875,-169.0,-177.6
3876,-180.0,-177.48
3877,-157.0,-177.05
3878,-170.0,-177.16
3879,-156.0,-177.11
3880,-168.0,-177.12
3881,-165.0,-177.11
3882,-154.0,-176.7
3883,-183.0,-176.89
3884,-200.0,-176.89
3885,-158.0,-176.53
3886,-154.0,-176.39
3887,-155.0,-176.0
3888,-153.0,-175.93
3889,-154.0,-175.51
3890,-200.0,-175.6
3891,-168.0,-175.29
3892,-200.0,-175.3
3893,-152.0,-174.82
3894,-148.0,-174.63
3895,-156.0,-174.44
3896,-200.0,-174.44
3897,-200.0,-175.08
3898,-200.0,-175.34
3899,-200.0,-175.34
3900,-160.0,-175.24
3901,-200.0,-175.58
3902,-160.0,-175.61
3903,-200.0,-175.97
3904,-126.0,-175.23
3905,-159.0,-175.15
3906,-157.0,-175.47
3907,-185.0,-175.32
3908,-158.0,-174.9
3909,-156.0,-174.79
3910,-168.0,-174.88
3911,-200.0,-174.88
3912,-161.0,-174.95
3913,-136.0,-174.67
3914,-200.0,-175.05
3915,-126.0,-174.31
3916,-177.0,-174.49
3917,-160.0,-174.09
3918,-186.0,-174.3
3919,-151.0,-174.58
3920,-200.0,-174.58
3921,-154.0,-174.33
3922,-167.0,-174.39
3923,-155.0,-173.94
3924,-173.0,-173.71
3925,-168.0,-173.75
3926,-165.0,-173.44
3927,-164.0,-173.79
3928,-200.0,-174.23
3929,-200.0,-174.57
3930,-200.0,-174.57
3931,-171.0,-174.52
3932,-200.0,-174.99
3933,-200.0,-174.99
3934,-200.0,-175.31
3935,-200.0,-175.49
3936,-200.0,-175.8
3937,-200.0,-176.18
3938,-159.0,-175.77
3939,-200.0,-176.1
3940,-200.0,-176.22
3941,-200.0,-176.22
3942,-200.0,-176.22
3943,-200.0,-176.22
3944,-200.0,-176.22
3945,-200.0,-176.22
3946,-158.0,-175.97
3947,-158.0,-175.84
3948,-200.0,-176.21
3949,-200.0,-176.34
3950,-200.0,-176.67
3951,-200.0,-177.02
3952,-200.0,-177.06
3953,-200.0,-177.41
3954,-200.0,-177.41
3955,-175.0,-177.16
3956,-200.0,-177.16
3957,-200.0,-177.49
3958,-200.0,-178.22
3959,-200.0,-178.59
3960,-200.0,-178.75
3961,-188.0,-178.63
3962,-200.0,-179.07
3963,-200.0,-179.38
3964,-200.0,-179.6
3965,-200.0,-180.04
3966,-200.0,-180.22
3967,-167.0,-180.29
3968,-200.0,-180.62
3969,-200.0,-180.62
3970,-200.0,-180.62
3971,-200.0,-181.02
3972,-181.0,-181.09
3973,-132.0,-180.61
3974,-175.0,-180.36
3975,-167.0,-180.34
3976,-172.0,-180.26
3977,-200.0,-180.69
3978,-182.0,-180.81
3979,-188.0,-181.13
3980,-170.0,-181.15
3981,-177.0,-181.27
3982,-200.0,-181.73
3983,-200.0,-181.9
3984,-200.0,-181.9
3985,-200.0,-182.32
3986,-188.0,-182.66
3987,-178.0,-182.89
3988,-200.0,-183.36
3989,-165.0,-183.47
3990,-200.0,-183.47
3991,-174.0,-183.53
3992,-200.0,-183.53
3993,-184.0,-183.85
3994,-200.0,-184.37
3995,-200.0,-184.81
3996,-197.0,-184.78
3997,-199.0,-184.77
3998,-163.0,-184.4
3999,-200.0,-184.4
4000,-170.0,-184.5
4001,-200.0,-184.5
4002,-186.0,-184.76
4003,-200.0,-184.76
4004,-168.0,-185.18
4005,-200.0,-185.59
4006,-164.0,-185.66
4007,-190.0,-185.71
4008,-170.0,-185.83
4009,-166.0,-185.93
4010,-182.0,-186.07
4011,-167.0,-185.74
4012,-173.0,-185.86
4013,-200.0,-186.5
4014,-183.0,-186.33
4015,-200.0,-187.07
4016,-200.0,-187.3
4017,-200.0,-187.7
4018,-172.0,-187.56
4019,-164.0,-187.69
4020,-162.0,-187.31
4021,-166.0,-187.43
4022,-172.0,-187.48
4023,-172.0,-187.65
4024,-198.0,-187.9
4025,-200.0,-188.22
4026,-200.0,-188.57
4027,-200.0,-188.93
4028,-166.0,-188.59
4029,-167.0,-188.26
4030,-162.0,-187.88
4031,-171.0,-187.88
4032,-164.0,-187.52
4033,-200.0,-187.52
4034,-200.0,-187.52
4035,-200.0,-187.52
4036,-161.0,-187.13
4037,-161.0,-186.74
4038,-164.0,-186.79
4039,-200.0,-186.79
4040,-200.0,-186.79
4041,-200.0,-186.79
4042,-200.0,-186.79
4043,-200.0,-186.79
4044,-200.0,-186.79
4045,-168.0,-186.47
4046,-159.0,-186.48
4047,-152.0,-186.42
4048,-153.0,-185.95
4049,-163.0,-185.58
4050,-167.0,-185.25
4051,-200.0,-185.25
4052,-200.0,-185.25
4053,-157.0,-184.82
4054,-200.0,-184.82
4055,-154.0,-184.61
4056,-153.0,-184.14
4057,-144.0,-183.58
4058,-142.0,-183.0
4059,-157.0,-182.57
4060,-159.0,-182.16
4061,-156.0,-181.84
4062,-191.0,-181.75
4063,-152.0,-181.27
4064,-198.0,-181.25
4065,-151.0,-180.76
4066,-158.0,-180.34
4067,-158.0,-180.25
4068,-154.0,-179.79
4069,-147.0,-179.26
4070,-200.0,-179.26
4071,-182.0,-179.08
4072,-168.0,-178.95
4073,-155.0,-179.18
4074,-200.0,-179.43
4075,-200.0,-179.76
4076,-148.0,-179.52
4077,-200.0,-179.52
4078,-200.0,-179.7
4079,-200.0,-179.82
4080,-200.0,-180.12
4081,-149.0,-179.84
4082,-160.0,-179.44
4083,-200.0,-179.44
4084,-200.0,-179.44
4085,-200.0,-179.44
4086,-153.0,-179.09
4087,-166.0,-178.97
4088,-200.0,-178.97
4089,-164.0,-178.96
4090,-200.0,-178.96
4091,-200.0,-179.22
4092,-200.0,-179.22
4093,-200.0,-179.38
4094,-200.0,-179.38
4095,-162.0,-179.0
4096,-200.0,-179.03
4097,-200.0,-179.04
4098,-200.0,-179.41
4099,-188.0,-179.29
4100,-200.0,-179.59
4101,-200.0,-179.59
4102,-190.0,-179.63
4103,-200.0,-179.63
4104,-199.0,-179.94
4105,-200.0,-179.94
4106,-200.0,-180.3
4107,-171.0,-180.11
4108,-187.0,-180.28
4109,-186.0,-180.48
4110,-200.0,-180.66
4111,-187.0,-180.86
4112,-200.0,-181.13
4113,-182.0,-180.95
4114,-176.0,-180.88
4115,-197.0,-180.85
4116,-197.0,-180.82
4117,-200.0,-180.82
4118,-181.0,-180.91
4119,-200.0,-181.27
4120,-200.0,-181.65
4121,-194.0,-181.93
4122,-176.0,-181.97
4123,-200.0,-182.25
4124,-182.0,-182.09
4125,-195.0,-182.04
4126,-200.0,-182.04
4127,-187.0,-181.91
4128,-200.0,-182.25
4129,-190.0,-182.48
4130,-185.0,-182.71
4131,-176.0,-182.76
4132,-184.0,-182.96
4133,-185.0,-182.81
4134,-200.0,-182.81
4135,-160.0,-182.41
4136,-177.0,-182.57
4137,-184.0,-182.8
4138,-186.0,-183.02
4139,-161.0,-182.63
4140,-200.0,-182.63
4141,-200.0,-182.63
4142,-182.0,-182.45
4143,-175.0,-182.2
4144,-161.0,-181.81
4145,-200.0,-182.13
4146,-148.0,-182.02
4147,-200.0,-182.5
4148,-200.0,-182.97
4149,-200.0,-183.34
4150,-156.0,-183.23
4151,-151.0,-182.74
4152,-154.0,-182.28
4153,-153.0,-182.24
4154,-200.0,-182.24
4155,-200.0,-182.7
4156,-200.0,-183.17
4157,-181.0,-183.54
4158,-200.0,-184.12
4159,-200.0,-184.55
4160,-200.0,-184.96
4161,-200.0,-185.4
4162,-200.0,-185.49
4163,-200.0,-185.97
4164,-200.0,-185.99
4165,-200.0,-186.48
4166,-200.0,-186.9
4167,-160.0,-186.92
4168,-195.0,-187.33
4169,-156.0,-187.42
4170,-196.0,-187.38
4171,-159.0,-187.15
4172,-200.0,-187.47
4173,-200.0,-187.92
4174,-200.0,-187.92
4175,-187.0,-187.79
4176,-200.0,-188.31
4177,-200.0,-188.31
4178,-151.0,-187.82
4179,-200.0,-187.82
4180,-171.0,-187.53
4181,-181.0,-187.85
4182,-161.0,-187.86
4183,-200.0,-187.86
4184,-200.0,-187.86
4185,-200.0,-187.86
4186,-200.0,-188.33
4187,-200.0,-188.67
4188,-191.0,-188.58
4189,-167.0,-188.61
4190,-200.0,-188.61
4191,-200.0,-188.61
4192,-195.0,-188.56
4193,-161.0,-188.17
4194,-200.0,-188.17
4195,-191.0,-188.46
4196,-166.0,-188.12
4197,-158.0,-187.7
4198,-167.0,-187.37
4199,-156.0,-187.05
4200,-200.0,-187.05
4201,-175.0,-186.8
4202,-169.0,-186.59
4203,-175.0,-186.34
4204,-165.0,-186.0
4205,-164.0,-185.64
4206,-192.0,-185.56
4207,-200.0,-185.85
4208,-200.0,-185.98
4209,-164.0,-185.76
4210,-200.0,-185.76
4211,-159.0,-185.48
4212,-197.0,-185.45
4213,-157.0,-185.2
4214,-160.0,-185.04
4215,-159.0,-184.66
4216,-162.0,-184.31
4217,-158.0,-183.89
4218,-160.0,-183.68
4219,-200.0,-183.68
4220,-195.0,-183.63
4221,-153.0,-183.22
4222,-200.0,-183.46
4223,-155.0,-183.01
4224,-169.0,-182.88
4225,-155.0,-182.48
4226,-187.0,-182.35
4227,-200.0,-182.48
4228,-189.0,-182.37
4229,-152.0,-181.99
4230,-163.0,-181.77
4231,-188.0,-181.89
4232,-200.0,-182.05
4233,-160.0,-181.8
4234,-192.0,-181.72
4235,-164.0,-181.76
4236,-148.0,-181.47
4237,-194.0,-181.57
4238,-167.0,-181.38
4239,-185.0,-181.62
4240,-158.0,-181.2
4241,-200.0,-181.2
4242,-152.0,-180.9
4243,-184.0,-180.99
4244,-156.0,-180.94
4245,-158.0,-180.52
4246,-157.0,-180.61
4247,-194.0,-180.55
4248,-154.0,-180.09
4249,-183.0,-179.92
4250,-162.0,-179.98
4251,-170.0,-180.17
4252,-200.0,-180.63
4253,-151.0,-180.61
4254,-193.0,-180.54
4255,-189.0,-180.43
4256,-157.0,-180.0
4257,-155.0,-179.74
4258,-180.0,-179.54
4259,-183.0,-179.37
4260,-153.0,-178.9
4261,-157.0,-178.47
4262,-183.0,-178.3
4263,-165.0,-177.95
4264,-151.0,-177.46
4265,-182.0,-177.28
4266,-151.0,-176.79
4267,-182.0,-177.01
4268,-187.0,-176.93
4269,-188.0,-177.25
4270,-158.0,-176.87
4271,-151.0,-176.79
4272,-184.0,-176.63
4273,-156.0,-176.19
4274,-162.0,-175.81
4275,-160.0,-175.54
4276,-179.0,-175.33
4277,-157.0,-174.9
4278,-158.0,-174.97
4279,-148.0,-174.45
4280,-157.0,-174.31
4281,-182.0,-174.32
4282,-184.0,-174.55
4283,-160.0,-174.15
4284,-163.0,-173.78
4285,-181.0,-173.59
4286,-152.0,-173.11
4287,-150.0,-172.61
4288,-170.0,-172.4
4289,-154.0,-172.27
4290,-146.0,-171.73
4291,-173.0,-171.46
4292,-142.0,-170.93
4293,-165.0,-170.97
4294,-149.0,-170.46
4295,-165.0,-170.2
4296,-147.0,-170.01
4297,-151.0,-169.94
4298,-171.0,-169.98
4299,-183.0,-170.25
4300,-150.0,-169.75
4301,-147.0,-169.47
4302,-148.0,-169.26
4303,-169.0,-169.2
4304,-175.0,-169.3
4305,-148.0,-169.14
4306,-160.0,-168.82
4307,-149.0,-168.31
4308,-152.0,-167.83
4309,-170.0,-167.89
4310,-161.0,-167.5
4311,-163.0,-167.54
4312,-147.0,-167.04
4313,-172.0,-167.19
4314,-143.0,-167.02
4315,-180.0,-167.23
4316,-176.0,-167.37
4317,-145.0,-167.24
4318,-200.0,-167.64
4319,-170.0,-167.34
4320,-200.0,-167.39
4321,-200.0,-167.86
4322,-200.0,-167.86
4323,-200.0,-168.31
4324,-200.0,-168.62
4325,-200.0,-169.07
4326,-200.0,-169.2
4327,-200.0,-169.2
4328,-200.0,-169.31
4329,-200.0,-169.79
4330,-200.0,-170.16
4331,-200.0,-170.28
4332,-200.0,-170.28
4333,-200.0,-170.68
4334,-200.0,-170.76
4335,-200.0,-171.12
4336,-200.0,-171.64
4337,-198.0,-171.68
4338,-200.0,-172.01
4339,-200.0,-172.16
4340,-200.0,-172.58
4341,-182.0,-172.4
4342,-195.0,-172.83
4343,-200.0,-172.99
4344,-199.0,-173.42
4345,-199.0,-173.83
4346,-161.0,-173.87
4347,-200.0,-173.93
4348,-200.0,-174.39
4349,-200.0,-174.56
4350,-193.0,-174.87
4351,-200.0,-175.17
4352,-157.0,-174.74
4353,-196.0,-175.19
4354,-200.0,-175.26
4355,-155.0,-174.92
4356,-200.0,-175.35
4357,-184.0,-175.64
4358,-200.0,-175.84
4359,-200.0,-176.01
4360,-200.0,-176.48
4361,-155.0,-176.46
4362,-196.0,-176.59
4363,-186.0,-176.8
4364,-159.0,-176.88
4365,-169.0,-176.75
4366,-156.0,-176.8
4367,-186.0,-176.84
4368,-166.0,-176.63
4369,-151.0,-176.26
4370,-165.0,-176.33
4371,-161.0,-176.43
4372,-160.0,-176.19
4373,-187.0,-176.5
4374,-158.0,-176.46
4375,-200.0,-176.86
4376,-190.0,-176.97
4377,-160.0,-177.0
4378,-153.0,-176.95
4379,-150.0,-176.97
4380,-151.0,-176.91
4381,-149.0,-176.58
4382,-157.0,-176.31
4383,-161.0,-176.32
4384,-161.0,-176.3
4385,-163.0,-176.12
4386,-151.0,-176.11
4387,-154.0,-176.15
4388,-157.0,-176.02
4389,-157.0,-176.05
4390,-170.0,-176.29
4391,-148.0,-176.04
4392,-147.0,-176.09
4393,-155.0,-175.99
4394,-194.0,-176.44
4395,-192.0,-176.71
4396,-151.0,-176.75
4397,-161.0,-176.85
4398,-198.0,-177.12
4399,-162.0,-176.91
4400,-172.0,-177.13
4401,-183.0,-177.49
4402,-185.0,-177.86
4403,-184.0,-178.01
4404,-192.0,-178.18
4405,-152.0,-178.22
4406,-158.0,-178.2
4407,-151.0,-178.22
4408,-148.0,-178.18
4409,-149.0,-177.97
4410,-151.0,-177.87
4411,-150.0,-177.74
4412,-155.0,-177.82
4413,-155.0,-177.65
4414,-156.0,-177.78
4415,-155.0,-177.53
4416,-200.0,-177.77
4417,-150.0,-177.82
4418,-200.0,-177.82
4419,-154.0,-177.66
4420,-155.0,-177.21
4421,-145.0,-176.66
4422,-153.0,-176.19
4423,-159.0,-175.78
4424,-150.0,-175.28
4425,-154.0,-174.82
4426,-151.0,-174.33
4427,-160.0,-173.93
4428,-149.0,-173.42
4429,-148.0,-172.9
4430,-162.0,-172.52
4431,-164.0,-172.16
4432,-145.0,-171.61
4433,-146.0,-171.07
4434,-200.0,-171.07
4435,-160.0,-170.67
4436,-148.0,-170.15
4437,-156.0,-169.73
4438,-158.0,-169.31
4439,-154.0,-168.85
4440,-152.0,-168.37
4441,-157.0,-168.12
4442,-157.0,-167.74
4443,-146.0,-167.2
4444,-147.0,-166.68
4445,-153.0,-166.22
4446,-138.0,-165.99
4447,-141.0,-165.4
4448,-160.0,-165.0
4449,-140.0,-164.4
4450,-142.0,-163.89
4451,-144.0,-163.33
4452,-158.0,-163.34
4453,-151.0,-162.89
4454,-141.0,-162.3
4455,-155.0,-162.3
4456,-147.0,-161.77
4457,-156.0,-161.49
4458,-153.0,-161.02
4459,-137.0,-160.39
4460,-145.0,-159.84
4461,-155.0,-159.84
4462,-143.0,-159.31
4463,-200.0,-159.45
4464,-200.0,-159.86
4465,-200.0,-160.17
4466,-153.0,-160.14
4467,-153.0,-159.81
4468,-157.0,-159.72
4469,-145.0,-159.66
4470,-150.0,-159.51
4471,-151.0,-159.41
4472,-149.0,-159.3
4473,-145.0,-158.88
4474,-150.0,-158.8
4475,-149.0,-158.29
4476,-147.0,-157.86
4477,-123.0,-157.49
4478,-153.0,-157.49
4479,-165.0,-157.64
4480,-150.0,-157.63
4481,-199.0,-158.13
4482,-149.0,-158.05
4483,-200.0,-158.44
4484,-200.0,-158.83
4485,-200.0,-159.2
4486,-200.0,-159.69
4487,-200.0,-160.15
4488,-200.0,-160.58
4489,-200.0,-161.01
4490,-196.0,-161.27
4491,-200.0,-161.79
4492,-200.0,-162.32
4493,-200.0,-162.77
4494,-200.0,-162.83
4495,-200.0,-162.91
4496,-200.0,-163.4
4497,-200.0,-163.79
4498,-200.0,-163.81
4499,-155.0,-163.74
4500,-200.0,-164.02
4501,-200.0,-164.19
4502,-200.0,-164.34
4503,-200.0,-164.5
4504,-200.0,-164.58
4505,-200.0,-165.06
4506,-200.0,-165.48
4507,-200.0,-165.97
4508,-200.0,-166.49
4509,-200.0,-167.0
4510,-193.0,-167.42
4511,-200.0,-167.92
4512,-200.0,-168.37
4513,-200.0,-168.82
4514,-200.0,-169.26
4515,-200.0,-169.71
4516,-200.0,-169.71
4517,-200.0,-170.21
4518,-193.0,-170.14
4519,-198.0,-170.58
4520,-200.0,-171.03
4521,-188.0,-171.46
4522,-200.0,-171.93
4523,-191.0,-172.25
4524,-187.0,-172.62
4525,-200.0,-173.08
4526,-200.0,-173.57
4527,-157.0,-173.54
4528,-191.0,-173.96
4529,-158.0,-174.06
4530,-156.0,-174.0
4531,-148.0,-173.84
4532,-187.0,-174.26
4533,-186.0,-174.66
4534,-173.0,-174.39
4535,-188.0,-174.67
4536,-178.0,-174.97
4537,-200.0,-175.41
4538,-200.0,-175.83
4539,-187.0,-176.16
4540,-188.0,-176.52
4541,-186.0,-176.81
4542,-200.0,-177.24
4543,-190.0,-177.68
4544,-183.0,-178.04
4545,-175.0,-178.26
4546,-188.0,-178.76
4547,-196.0,-179.31
4548,-159.0,-179.3
4549,-169.0,-179.59
4550,-192.0,-180.09
4551,-160.0,-180.25
4552,-191.0,-180.58
4553,-156.0,-180.63
4554,-200.0,-181.22
4555,-158.0,-181.25
4556,-172.0,-181.5
4557,-164.0,-181.58
4558,-156.0,-181.61
4559,-194.0,-182.18
4560,-196.0,-182.69
4561,-192.0,-183.06
4562,-166.0,-183.29
4563,-163.0,-182.92
4564,-191.0,-182.83
4565,-169.0,-182.52
4566,-198.0,-182.97
4567,-154.0,-182.98
4568,-200.0,-183.41
4569,-169.0,-183.65
4570,-161.0,-183.76
4571,-160.0,-183.85
4572,-200.0,-184.36
4573,-192.0,-184.83
4574,-194.0,-185.27
4575,-159.0,-185.37
4576,-184.0,-185.74
4577,-158.0,-186.09
4578,-184.0,-186.4
4579,-200.0,-186.75
4580,-167.0,-186.92
4581,-167.0,-186.6
4582,-184.0,-186.95
4583,-171.0,-186.66
4584,-158.0,-186.24
4585,-169.0,-185.93
4586,-169.0,-185.62
4587,-200.0,-185.62
4588,-169.0,-185.31
4589,-170.0,-185.01
4590,-200.0,-185.05
4591,-159.0,-184.64
4592,-200.0,-184.64
4593,-162.0,-184.26
4594,-160.0,-183.86
4595,-159.0,-183.45
4596,-200.0,-183.45
4597,-200.0,-183.45
4598,-153.0,-182.98
4599,-200.0,-183.43
4600,-200.0,-183.43
4601,-200.0,-183.43
4602,-158.0,-183.01
4603,-200.0,-183.01
4604,-200.0,-183.01
4605,-200.0,-183.01
4606,-170.0,-182.71
4607,-180.0,-182.51
4608,-171.0,-182.22
4609,-200.0,-182.22
4610,-159.0,-181.88
4611,-200.0,-181.88
4612,-200.0,-181.88
4613,-167.0,-181.55
4614,-200.0,-181.55
4615,-200.0,-181.55
4616,-186.0,-181.41
4617,-200.0,-181.41
4618,-200.0,-181.48
4619,-168.0,-181.18
4620,-186.0,-181.04
4621,-175.0,-180.91
4622,-200.0,-180.91
4623,-200.0,-181.0
4624,-189.0,-181.02
4625,-168.0,-180.7
4626,-160.0,-180.3
4627,-200.0,-180.73
4628,-200.0,-180.82
4629,-200.0,-181.24
4630,-200.0,-181.68
4631,-200.0,-182.2
4632,-200.0,-182.33
4633,-176.0,-182.23
4634,-200.0,-182.5
4635,-200.0,-182.62
4636,-199.0,-182.83
4637,-200.0,-182.83
4638,-200.0,-182.83
4639,-200.0,-182.96
4640,-200.0,-183.08
4641,-200.0,-183.22
4642,-200.0,-183.22
4643,-200.0,-183.32
4644,-200.0,-183.49
4645,-200.0,-183.74
4646,-200.0,-183.86
4647,-200.0,-183.9
4648,-200.0,-184.31
4649,-200.0,-184.62
4650,-200.0,-184.7
4651,-200.0,-185.1
4652,-200.0,-185.19
4653,-200.0,-185.63
4654,-200.0,-185.63
4655,-200.0,-186.05
4656,-200.0,-186.33
4657,-200.0,-186.69
4658,-200.0,-187.13
4659,-200.0,-187.19
4660,-200.0,-187.23
4661,-200.0,-187.31
4662,-200.0,-187.65
4663,-200.0,-188.02
4664,-200.0,-188.11
4665,-200.0,-188.42
4666,-198.0,-188.42
4667,-200.0,-188.88
4668,-200.0,-188.88
4669,-200.0,-189.19
4670,-122.0,-188.8
4671,-166.0,-188.86
4672,-197.0,-188.83
4673,-165.0,-188.56
4674,-200.0,-188.62
4675,-175.0,-188.78
4676,-200.0,-188.94
4677,-200.0,-189.36
4678,-200.0,-189.52
4679,-200.0,-189.52
4680,-200.0,-189.85
4681,-200.0,-190.18
4682,-199.0,-190.33
4683,-200.0,-190.62
4684,-200.0,-191.04
4685,-200.0,-191.35
4686,-200.0,-191.66
4687,-200.0,-191.66
4688,-200.0,-191.97
4689,-200.0,-192.27
4690,-185.0,-192.12
4691,-200.0,-192.53
4692,-197.0,-192.5
4693,-200.0,-192.88
4694,-200.0,-193.28
4695,-193.0,-193.62
4696,-200.0,-193.62
4697,-200.0,-193.62
4698,-196.0,-194.05
4699,-200.0,-194.05
4700,-200.0,-194.05
4701,-200.0,-194.05
4702,-196.0,-194.43
4703,-195.0,-194.38
4704,-188.0,-194.26
4705,-200.0,-194.26
4706,-200.0,-194.56
4707,-200.0,-194.76
4708,-187.0,-194.92
4709,-184.0,-194.76
4710,-200.0,-195.17
4711,-200.0,-195.17
4712,-200.0,-195.17
4713,-200.0,-195.5
4714,-191.0,-195.41
4715,-199.0,-195.4
4716,-200.0,-195.54
4717,-200.0,-195.54
4718,-184.0,-195.38
4719,-188.0,-195.58
4720,-200.0,-195.72
4721,-200.0,-195.97
4722,-192.0,-195.89
4723,-191.0,-195.8
4724,-195.0,-195.86
4725,-200.0,-196.18
4726,-178.0,-196.36
4727,-182.0,-196.18
4728,-186.0,-196.04
4729,-200.0,-196.04
4730,-183.0,-195.87
4731,-200.0,-195.87
4732,-200.0,-195.87
4733,-188.0,-195.99
4734,-200.0,-195.99
4735,-184.0,-195.83
4736,-176.0,-195.6
4737,-200.0,-195.6
4738,-200.0,-195.6
4739,-200.0,-195.6
4740,-200.0,-195.6
4741,-200.0,-195.6
4742,-200.0,-195.6
4743,-159.0,-195.19
4744,-200.0,-195.19
4745,-200.0,-195.19
4746,-200.0,-195.19
4747,-177.0,-194.96
4748,-196.0,-194.92
4749,-200.0,-194.92
4750,-200.0,-194.92
4751,-193.0,-194.85
4752,-200.0,-194.85
4753,-185.0,-194.7
4754,-200.0,-194.7
4755,-200.0,-194.7
4756,-194.0,-194.64
4757,-200.0,-194.64
4758,-191.0,-194.55
4759,-194.0,-194.49
4760,-192.0,-194.41
4761,-191.0,-194.32
4762,-200.0,-194.32
4763,-184.0,-194.16
4764,-186.0,-194.02
4765,-194.0,-193.96
4766,-188.0,-193.86
4767,-191.0,-193.77
4768,-200.0,-193.77
4769,-187.0,-193.64
4770,-156.0,-193.98
4771,-200.0,-194.32
4772,-154.0,-193.89
4773,-179.0,-194.03
4774,-155.0,-193.58
4775,-200.0,-193.83
4776,-200.0,-193.83
4777,-185.0,-193.68
4778,-168.0,-193.36
4779,-185.0,-193.21
4780,-200.0,-193.21
4781,-184.0,-193.05
4782,-186.0,-192.92
4783,-200.0,-192.92
4784,-200.0,-192.92
4785,-167.0,-192.59
4786,-182.0,-192.41
4787,-154.0,-191.95
4788,-180.0,-191.75
4789,-181.0,-191.56
4790,-186.0,-191.57
4791,-156.0,-191.13
4792,-161.0,-190.77
4793,-200.0,-190.77
4794,-200.0,-190.77
4795,-154.0,-190.38
4796,-177.0,-190.15
4797,-152.0,-189.67
4798,-200.0,-189.71
4799,-155.0,-189.26
4800,-200.0,-189.26
4801,-198.0,-189.24
4802,-172.0,-189.0
4803,-153.0,-188.58
4804,-169.0,-188.39
4805,-174.0,-188.13
4806,-176.0,-187.89
4807,-156.0,-187.45
4808,-158.0,-187.16
4809,-200.0,-187.32
4810,-158.0,-186.9
4811,-158.0,-186.48
4812,-158.0,-186.06
4813,-157.0,-185.63
4814,-159.0,-185.31
4815,-193.0,-185.25
4816,-156.0,-184.81
4817,-161.0,-184.42
4818,-161.0,-184.19
4819,-162.0,-183.93
4820,-200.0,-183.93
4821,-200.0,-183.93
4822,-151.0,-183.52
4823,-163.0,-183.24
4824,-152.0,-182.81
4825,-163.0,-182.44
4826,-157.0,-182.23
4827,-170.0,-182.11
4828,-200.0,-182.25
4829,-162.0,-181.87
4830,-200.0,-182.04
4831,-161.0,-181.65
4832,-162.0,-181.27
4833,-200.0,-181.39
4834,-200.0,-181.39
4835,-156.0,-181.11
4836,-200.0,-181.35
4837,-157.0,-180.92
4838,-200.0,-180.92
4839,-163.0,-180.55
4840,-158.0,-180.13
4841,-159.0,-179.72
4842,-158.0,-179.3
4843,-151.0,-179.22
4844,-184.0,-179.06
4845,-153.0,-178.59
4846,-159.0,-178.18
4847,-181.0,-178.22
4848,-159.0,-177.85
4849,-187.0,-177.72
4850,-158.0,-177.3
4851,-154.0,-176.91
4852,-158.0,-176.49
4853,-160.0,-176.24
4854,-200.0,-176.24
4855,-161.0,-175.85
4856,-185.0,-175.76
4857,-200.0,-175.76
4858,-156.0,-175.41
4859,-161.0,-175.08
4860,-185.0,-175.01
4861,-200.0,-175.1
4862,-200.0,-175.1
4863,-165.0,-174.91
4864,-200.0,-175.05
4865,-200.0,-175.11
4866,-200.0,-175.23
4867,-200.0,-175.32
4868,-200.0,-175.32
4869,-155.0,-175.0
4870,-189.0,-175.33
4871,-160.0,-174.93
4872,-155.0,-174.94
4873,-163.0,-174.78
4874,-151.0,-174.74
4875,-200.0,-174.74
4876,-200.0,-174.74
4877,-200.0,-174.89
4878,-200.0,-175.21
4879,-200.0,-175.36
4880,-164.0,-175.0
4881,-148.0,-174.64
4882,-150.0,-174.28
4883,-162.0,-173.9
4884,-156.0,-173.46
4885,-163.0,-173.42
4886,-165.0,-173.25
4887,-159.0,-173.3
4888,-151.0,-173.01
4889,-161.0,-172.81
4890,-198.0,-172.93
4891,-162.0,-172.99
4892,-163.0,-173.01
4893,-200.0,-173.01
4894,-161.0,-172.62
4895,-199.0,-173.07
4896,-164.0,-172.94
4897,-166.0,-173.08
4898,-200.0,-173.08
4899,-139.0,-172.92
4900,-168.0,-172.6
4901,-164.0,-172.26
4902,-162.0,-172.16
4903,-166.0,-172.29
4904,-152.0,-172.12
4905,-162.0,-172.0
4906,-154.0,-171.78
4907,-158.0,-171.8
4908,-161.0,-171.83
4909,-151.0,-171.34
4910,-155.0,-171.31
4911,-161.0,-171.34
4912,-170.0,-171.46
4913,-161.0,-171.5
4914,-160.0,-171.51
4915,-162.0,-171.2
4916,-169.0,-171.33
4917,-160.0,-171.32
4918,-136.0,-171.07
4919,-171.0,-171.16
4920,-155.0,-170.71
4921,-155.0,-170.26
4922,-163.0,-170.38
4923,-170.0,-170.45
4924,-157.0,-170.5
4925,-200.0,-170.87
4926,-200.0,-171.3
4927,-200.0,-171.6
4928,-168.0,-171.28
4929,-165.0,-171.31
4930,-199.0,-171.3
4931,-198.0,-171.67
4932,-196.0,-172.01
4933,-190.0,-171.91
4934,-193.0,-171.84
4935,-166.0,-171.94
4936,-160.0,-171.54
4937,-163.0,-171.6
4938,-158.0,-171.18
4939,-160.0,-171.15
4940,-189.0,-171.46
4941,-200.0,-171.87
4942,-161.0,-171.9
4943,-162.0,-172.01
4944,-200.0,-172.17
4945,-166.0,-172.3
4946,-159.0,-172.3
4947,-186.0,-172.35
4948,-193.0,-172.69
4949,-175.0,-172.57
4950,-175.0,-172.74
4951,-195.0,-173.15
4952,-200.0,-173.57
4953,-200.0,-173.97
4954,-200.0,-173.97
4955,-163.0,-173.99
4956,-175.0,-173.89
4957,-177.0,-173.66
4958,-200.0,-174.1
4959,-181.0,-174.3
4960,-188.0,-174.33
4961,-166.0,-173.99
4962,-156.0,-173.55
4963,-200.0,-173.9
4964,-155.0,-173.45
4965,-200.0,-173.45
4966,-200.0,-173.45
4967,-200.0,-173.45
4968,-162.0,-173.07
4969,-200.0,-173.52
4970,-186.0,-173.49
4971,-200.0,-173.89
4972,-183.0,-174.17
4973,-200.0,-174.54
4974,-200.0,-175.03
4975,-188.0,-174.91
4976,-160.0,-174.51
4977,-200.0,-174.51
4978,-200.0,-174.51
4979,-190.0,-174.41
4980,-200.0,-174.77
4981,-200.0,-175.29
4982,-200.0,-175.79
4983,-183.0,-176.0
4984,-186.0,-176.3
4985,-188.0,-176.55
4986,-182.0,-176.72
4987,-200.0,-177.13
4988,-200.0,-177.62
4989,-184.0,-177.85
4990,-190.0,-177.77
4991,-200.0,-178.15
4992,-200.0,-178.52
4993,-150.0,-178.02
4994,-200.0,-178.41
4995,-185.0,-178.27
4996,-185.0,-178.48
4997,-159.0,-178.41
4998,-187.0,-178.28
4999,-176.0,-178.65
5000,-178.0,-178.75
5001,-179.0,-178.9
5002,-180.0,-179.08
5003,-188.0,-179.3
5004,-155.0,-179.33
5005,-153.0,-179.24
5006,-157.0,-179.27
5007,-190.0,-179.59
5008,-187.0,-179.85
5009,-180.0,-180.14
5010,-194.0,-180.53
5011,-175.0,-180.67
5012,-199.0,-180.96
5013,-200.0,-181.35
5014,-200.0,-181.75
5015,-200.0,-182.13
5016,-177.0,-182.21
5017,-173.0,-182.34
5018,-200.0,-182.98
5019,-200.0,-183.27
5020,-200.0,-183.72
5021,-200.0,-184.17
5022,-162.0,-184.16
5023,-148.0,-183.94
5024,-153.0,-183.9
5025,-191.0,-183.81
5026,-193.0,-183.74
5027,-189.0,-183.63
5028,-170.0,-183.65
5029,-158.0,-183.58
5030,-171.0,-183.3
5031,-188.0,-183.2
5032,-162.0,-182.86
5033,-191.0,-182.87
5034,-200.0,-182.94
5035,-156.0,-182.84
5036,-156.0,-182.8
5037,-174.0,-182.91
5038,-169.0,-183.02
5039,-164.0,-183.06
5040,-170.0,-182.87
5041,-200.0,-182.87
5042,-162.0,-182.88
5043,-172.0,-182.98
5044,-169.0,-182.67
5045,-185.0,-182.86
5046,-166.0,-182.93
5047,-166.0,-182.73
5048,-161.0,-182.41
5049,-165.0,-182.31
5050,-200.0,-182.56
5051,-156.0,-182.17
5052,-200.0,-182.17
5053,-192.0,-182.09
5054,-167.0,-181.76
5055,-152.0,-181.65
5056,-162.0,-181.52
5057,-161.0,-181.36
5058,-164.0,-181.0
5059,-175.0,-180.94
5060,-200.0,-181.06
5061,-200.0,-181.4
5062,-166.0,-181.5
5063,-187.0,-181.37
5064,-161.0,-181.43
5065,-156.0,-180.99
5066,-200.0,-180.99
5067,-170.0,-180.69
5068,-154.0,-180.61
5069,-162.0,-180.23
5070,-159.0,-179.96
5071,-200.0,-179.96
5072,-200.0,-180.13
5073,-128.0,-179.41
5074,-144.0,-178.85
5075,-132.0,-178.29
5076,-127.0,-177.96
5077,-200.0,-177.96
5078,-132.0,-177.28
5079,-200.0,-177.38
5080,-165.0,-177.03
5081,-200.0,-177.03
5082,-149.0,-176.52
5083,-148.0,-176.17
5084,-173.0,-176.04
5085,-139.0,-175.55
5086,-174.0,-175.47
5087,-200.0,-175.47
5088,-141.0,-174.88
5089,-166.0,-174.7
5090,-172.0,-174.52
5091,-173.0,-174.25
5092,-200.0,-174.25
5093,-200.0,-174.75
5094,-200.0,-174.75
5095,-134.0,-174.24
5096,-161.0,-174.0
5097,-161.0,-174.02
5098,-163.0,-173.78
5099,-177.0,-173.79
5100,-200.0,-174.01
5101,-157.0,-173.79
5102,-158.0,-173.57
5103,-159.0,-173.28
5104,-167.0,-173.4
5105,-153.0,-173.4
5106,-133.0,-173.16
5107,-136.0,-172.62
5108,-117.0,-171.92
5109,-160.0,-171.72
5110,-156.0,-171.34
5111,-155.0,-171.14
5112,-200.0,-171.15
5113,-124.0,-170.39
5114,-176.0,-170.15
5115,-164.0,-169.79
5116,-121.0,-169.23
5117,-200.0,-169.5
5118,-166.0,-169.16
5119,-161.0,-168.77
5120,-127.0,-168.04
5121,-164.0,-167.68
5122,-155.0,-167.61
5123,-200.0,-168.13
5124,-200.0,-168.6
5125,-200.0,-168.69
5126,-200.0,-168.76
5127,-200.0,-168.87
5128,-198.0,-169.15
5129,-200.0,-169.57
5130,-200.0,-169.86
5131,-200.0,-169.98
5132,-200.0,-170.36
5133,-200.0,-170.45
5134,-200.0,-170.45
5135,-200.0,-170.89
5136,-200.0,-171.33
5137,-200.0,-171.59
5138,-200.0,-171.9
5139,-200.0,-172.26
5140,-199.0,-172.55
5141,-200.0,-172.55
5142,-200.0,-172.93
5143,-197.0,-173.18
5144,-198.0,-173.47
5145,-198.0,-173.6
5146,-198.0,-173.92
5147,-199.0,-174.25
5148,-197.0,-174.61
5149,-200.0,-174.96
5150,-200.0,-174.96
5151,-195.0,-175.35
5152,-198.0,-175.33
5153,-200.0,-175.41
5154,-200.0,-175.74
5155,-200.0,-176.22
5156,-200.0,-176.6
5157,-200.0,-176.99
5158,-200.0,-177.35
5159,-200.0,-177.6
5160,-200.0,-177.6
5161,-200.0,-177.6
5162,-200.0,-177.94
5163,-200.0,-178.07
5164,-200.0,-178.46
5165,-200.0,-178.9
5166,-200.0,-178.9
5167,-194.0,-179.14
5168,-195.0,-179.55
5169,-200.0,-179.93
5170,-200.0,-180.34
5171,-200.0,-180.34
5172,-200.0,-180.34
5173,-200.0,-181.06
5174,-194.0,-181.56
5175,-192.0,-182.16
5176,-193.0,-182.82
5177,-200.0,-182.82
5178,-193.0,-183.43
5179,-200.0,-183.43
5180,-200.0,-183.78
5181,-200.0,-183.78
5182,-200.0,-184.29
5183,-187.0,-184.68
5184,-200.0,-184.95
5185,-200.0,-185.56
5186,-200.0,-185.82
5187,-185.0,-185.67
5188,-200.0,-186.26
5189,-190.0,-186.5
5190,-189.0,-186.67
5191,-200.0,-186.94
5192,-200.0,-186.94
5193,-200.0,-186.94
5194,-184.0,-186.78
5195,-200.0,-187.44
5196,-200.0,-187.83
5197,-200.0,-188.22
5198,-157.0,-188.16
5199,-185.0,-188.24
5200,-200.0,-188.24
5201,-200.0,-188.67
5202,-200.0,-189.09
5203,-195.0,-189.45
5204,-200.0,-189.78
5205,-165.0,-189.9
5206,-190.0,-190.47
5207,-174.0,-190.85
5208,-187.0,-191.55
5209,-175.0,-191.7
5210,-187.0,-192.01
5211,-162.0,-192.08
5212,-176.0,-191.84
5213,-175.0,-192.35
5214,-169.0,-192.28
5215,-194.0,-192.58
5216,-166.0,-193.03
5217,-166.0,-192.69
5218,-162.0,-192.65
5219,-117.0,-192.21
5220,-161.0,-192.55
5221,-170.0,-192.61
5222,-126.0,-192.32
5223,-199.0,-192.31
5224,-161.0,-191.92
5225,-174.0,-191.66
5226,-162.0,-191.28
5227,-180.0,-191.08
5228,-200.0,-191.1
5229,-140.0,-190.5
5230,-183.0,-190.33
5231,-196.0,-190.29
5232,-192.0,-190.21
5233,-176.0,-189.97
5234,-188.0,-189.85
5235,-164.0,-189.49
5236,-123.0,-188.72
5237,-173.0,-188.45
5238,-155.0,-188.0
5239,-124.0,-187.24
5240,-157.0,-186.82
5241,-159.0,-186.41
5242,-125.0,-185.66
5243,-117.0,-184.86
5244,-192.0,-184.8
5245,-182.0,-184.64
5246,-186.0,-184.52
5247,-184.0,-184.37
5248,-118.0,-183.58
5249,-133.0,-182.91
5250,-166.0,-182.57
5251,-123.0,-181.85
5252,-162.0,-181.49
5253,-156.0,-181.05
5254,-182.0,-180.87
5255,-160.0,-180.47
5256,-190.0,-180.37
5257,-157.0,-179.94
5258,-172.0,-179.66
5259,-194.0,-179.6
5260,-164.0,-179.24
5261,-160.0,-178.84
5262,-150.0,-178.34
5263,-158.0,-177.92
5264,-181.0,-177.73
5265,-160.0,-177.33
5266,-159.0,-176.92
5267,-172.0,-176.7
5268,-159.0,-176.34
5269,-167.0,-176.01
5270,-155.0,-175.56
5271,-134.0,-174.9
5272,-119.0,-174.09
5273,-173.0,-173.82
5274,-156.0,-173.44
5275,-122.0,-172.74
5276,-151.0,-172.32
5277,-124.0,-171.56
5278,-171.0,-171.34
5279,-150.0,-170.84
5280,-170.0,-170.54
5281,-157.0,-170.11
5282,-154.0,-169.65
5283,-149.0,-169.27
5284,-158.0,-168.85
5285,-160.0,-168.45
5286,-161.0,-168.06
5287,-150.0,-167.71
5288,-165.0,-167.36
5289,-152.0,-166.98
5290,-153.0,-166.62
5291,-142.0,-166.04
5292,-162.0,-165.66
5293,-163.0,-165.29
5294,-151.0,-164.96
5295,-147.0,-164.43
5296,-151.0,-163.94
5297,-152.0,-163.46
5298,-152.0,-163.41
5299,-153.0,-163.09
5300,-163.0,-162.72
5301,-157.0,-162.29
5302,-150.0,-161.79
5303,-151.0,-161.35
5304,-157.0,-160.92
5305,-153.0,-160.8
5306,-152.0,-160.42
5307,-151.0,-160.19
5308,-153.0,-159.85
5309,-154.0,-159.64
5310,-147.0,-159.24
5311,-159.0,-159.21
5312,-156.0,-159.01
5313,-157.0,-158.83
5314,-150.0,-158.64
5315,-158.0,-158.28
5316,-126.0,-157.88
5317,-153.0,-157.75
5318,-157.0,-157.7
5319,-152.0,-158.05
5320,-148.0,-157.92
5321,-150.0,-157.72
5322,-145.0,-157.91
5323,-156.0,-157.48
5324,-159.0,-157.46
5325,-152.0,-157.24
5326,-150.0,-157.12
5327,-187.0,-157.19
5328,-154.0,-156.73
5329,-155.0,-156.88
5330,-144.0,-156.49
5331,-152.0,-156.05
5332,-154.0,-155.67
5333,-156.0,-155.47
5334,-148.0,-155.07
5335,-145.0,-154.88
5336,-147.0,-155.12
5337,-159.0,-154.98
5338,-148.0,-154.91
5339,-162.0,-155.29
5340,-153.0,-155.25
5341,-154.0,-155.2
5342,-164.0,-155.59
5343,-143.0,-155.85
5344,-150.0,-155.43
5345,-149.0,-155.1
5346,-145.0,-154.69
5347,-150.0,-154.35
5348,-152.0,-154.69
5349,-149.0,-154.85
5350,-144.0,-154.63
5351,-140.0,-154.8
5352,-200.0,-155.18
5353,-148.0,-155.1
5354,-161.0,-154.89
5355,-159.0,-154.88
5356,-168.0,-154.66
5357,-160.0,-154.69
5358,-165.0,-154.62
5359,-163.0,-154.31
5360,-164.0,-154.31
5361,-165.0,-154.36
5362,-200.0,-154.86
5363,-157.0,-154.85
5364,-185.0,-154.89
5365,-162.0,-154.91
5366,-200.0,-155.32
5367,-200.0,-155.6
5368,-179.0,-155.8
5369,-164.0,-155.77
5370,-159.0,-155.81
5371,-163.0,-156.1
5372,-155.0,-156.46
5373,-156.0,-156.29
5374,-199.0,-156.72
5375,-171.0,-157.21
5376,-166.0,-157.36
5377,-166.0,-157.78
5378,-167.0,-157.74
5379,-164.0,-157.88
5380,-167.0,-157.85
5381,-163.0,-157.91
5382,-157.0,-157.94
5383,-149.0,-157.94
5384,-191.0,-158.27
5385,-151.0,-158.18
5386,-121.0,-157.78
5387,-121.0,-157.49
5388,-149.0,-157.33
5389,-192.0,-157.73
5390,-200.0,-158.2
5391,-162.0,-158.4
5392,-147.0,-158.25
5393,-165.0,-158.27
5394,-197.0,-158.73
5395,-200.0,-159.26
5396,-157.0,-159.32
5397,-163.0,-159.43
5398,-152.0,-159.43
5399,-185.0,-159.75
5400,-200.0,-160.12
5401,-169.0,-160.24
5402,-200.0,-160.74
5403,-161.0,-160.84
5404,-200.0,-161.27
5405,-200.0,-161.74
5406,-200.0,-162.22
5407,-175.0,-162.46
5408,-200.0,-162.93
5409,-168.0,-163.07
5410,-200.0,-163.6
5411,-153.0,-163.54
5412,-200.0,-163.98
5413,-196.0,-164.37
5414,-185.0,-164.72
5415,-178.0,-164.92
5416,-124.0,-164.9
5417,-200.0,-165.37
5418,-134.0,-165.14
5419,-175.0,-165.37
5420,-130.0,-165.19
5421,-195.0,-165.64
5422,-124.0,-165.43
5423,-171.0,-165.58
5424,-175.0,-165.74
5425,-200.0,-166.22
5426,-186.0,-166.58
5427,-189.0,-166.6
5428,-188.0,-166.94
5429,-171.0,-167.1
5430,-130.0,-166.96
5431,-179.0,-167.23
5432,-200.0,-167.69
5433,-186.0,-167.99
5434,-154.0,-168.05
5435,-134.0,-167.94
5436,-157.0,-168.04
5437,-200.0,-168.45
5438,-185.0,-168.82
5439,-152.0,-168.72
5440,-162.0,-168.81
5441,-169.0,-168.96
5442,-192.0,-169.24
5443,-182.0,-169.63
5444,-155.0,-169.68
5445,-182.0,-170.01
5446,-162.0,-170.18
5447,-174.0,-170.42
5448,-200.0,-170.9
5449,-151.0,-170.92
5450,-152.0,-171.0
5451,-190.0,-171.5
5452,-157.0,-171.07
5453,-151.0,-171.1
5454,-181.0,-171.3
5455,-153.0,-171.24
5456,-175.0,-171.31
5457,-149.0,-171.2
5458,-154.0,-171.09
5459,-152.0,-170.98
5460,-144.0,-170.78
5461,-183.0,-170.96
5462,-159.0,-170.55
5463,-149.0,-170.47
5464,-151.0,-170.13
5465,-189.0,-170.4
5466,-175.0,-170.15
5467,-170.0,-169.85
5468,-149.0,-169.55
5469,-159.0,-169.5
5470,-170.0,-169.61
5471,-143.0,-169.41
5472,-156.0,-169.42
5473,-161.0,-169.47
5474,-173.0,-169.21
5475,-148.0,-168.98
5476,-169.0,-169.01
5477,-164.0,-168.99
5478,-193.0,-169.25
5479,-174.0,-169.35
5480,-152.0,-169.2
5481,-151.0,-169.08
5482,-166.0,-169.17
5483,-173.0,-169.41
5484,-152.0,-169.02
5485,-190.0,-169.41
5486,-148.0,-169.68
5487,-164.0,-170.11
5488,-176.0,-170.38
5489,-168.0,-170.14
5490,-150.0,-169.64
5491,-174.0,-169.76
5492,-167.0,-169.96
5493,-186.0,-170.17
5494,-167.0,-169.87
5495,-200.0,-169.87
5496,-152.0,-169.82
5497,-189.0,-170.08
5498,-200.0,-170.56
5499,-166.0,-170.37
5500,-159.0,-169.96
5501,-158.0,-169.85
5502,-153.0,-169.38
5503,-194.0,-169.71
5504,-152.0,-169.23
5505,-151.0,-168.74
5506,-169.0,-168.43
5507,-161.0,-168.29
5508,-152.0,-167.81
5509,-200.0,-168.13
5510,-173.0,-167.86
5511,-165.0,-167.98
5512,-200.0,-167.98
5513,-200.0,-168.02
5514,-160.0,-167.77
5515,-154.0,-167.53
5516,-166.0,-167.95
5517,-200.0,-167.95
5518,-200.0,-168.61
5519,-200.0,-168.86
5520,-172.0,-169.28
5521,-164.0,-168.97
5522,-158.0,-169.31
5523,-162.0,-169.22
5524,-200.0,-169.47
5525,-161.0,-169.08
5526,-191.0,-169.13
5527,-200.0,-169.24
5528,-200.0,-169.36
5529,-200.0,-169.65
5530,-178.0,-170.13
5531,-200.0,-170.34
5532,-166.0,-170.0
5533,-193.0,-170.07
5534,-199.0,-170.52
5535,-200.0,-171.18
5536,-195.0,-171.56
5537,-200.0,-171.56
5538,-160.0,-171.31
5539,-200.0,-171.79
5540,-196.0,-172.13
5541,-197.0,-172.41
5542,-200.0,-172.49
5543,-166.0,-172.33
5544,-192.0,-172.7
5545,-200.0,-172.88
5546,-160.0,-172.86
5547,-175.0,-172.87
5548,-164.0,-172.51
5549,-168.0,-172.68
5550,-200.0,-173.16
5551,-158.0,-172.84
5552,-179.0,-173.06
5553,-200.0,-173.55
5554,-188.0,-173.62
5555,-164.0,-173.73
5556,-159.0,-173.57
5557,-161.0,-173.69
5558,-156.0,-173.71
5559,-181.0,-174.0
5560,-177.0,-174.33
5561,-172.0,-174.22
5562,-153.0,-174.16
5563,-200.0,-174.67
5564,-160.0,-174.76
5565,-162.0,-174.49
5566,-200.0,-174.74
5567,-166.0,-174.7
5568,-196.0,-175.17
5569,-150.0,-175.08
5570,-200.0,-175.38
5571,-183.0,-175.78
5572,-200.0,-176.22
5573,-153.0,-176.14
5574,-156.0,-175.97
5575,-157.0,-176.06
5576,-160.0,-175.97
5577,-166.0,-175.99
5578,-159.0,-175.65
5579,-158.0,-175.49
5580,-169.0,-175.66
5581,-171.0,-175.86
5582,-200.0,-176.2
5583,-200.0,-176.47
5584,-200.0,-176.95
5585,-200.0,-177.05
5586,-174.0,-177.31
5587,-181.0,-177.48
5588,-157.0,-177.29
5589,-200.0,-177.61
5590,-200.0,-178.11
5591,-200.0,-178.37
5592,-200.0,-178.7
5593,-200.0,-178.84
5594,-200.0,-179.17
5595,-171.0,-178.88
5596,-173.0,-179.09
5597,-200.0,-179.2
5598,-200.0,-179.2
5599,-200.0,-179.54
5600,-200.0,-179.95
5601,-200.0,-180.37
5602,-200.0,-180.84
5603,-198.0,-180.88
5604,-200.0,-181.36
5605,-200.0,-181.85
5606,-200.0,-182.16
5607,-200.0,-182.55
5608,-191.0,-182.94
5609,-200.0,-182.94
5610,-186.0,-183.07
5611,-200.0,-183.42
5612,-174.0,-183.16
5613,-181.0,-182.97
5614,-192.0,-183.29
5615,-200.0,-183.75
5616,-200.0,-184.09
5617,-200.0,-184.09
5618,-200.0,-184.09
5619,-199.0,-184.08
5620,-185.0,-184.21
5621,-200.0,-184.57
5622,-200.0,-184.99
5623,-200.0,-185.37
5624,-200.0,-185.37
5625,-190.0,-185.66
5626,-200.0,-185.75
5627,-200.0,-185.75
5628,-200.0,-185.75
5629,-191.0,-185.66
5630,-196.0,-185.84
5631,-200.0,-185.84
5632,-162.0,-185.8
5633,-197.0,-185.84
5634,-179.0,-185.64
5635,-200.0,-185.64
5636,-166.0,-185.35
5637,-193.0,-185.28
5638,-155.0,-185.23
5639,-166.0,-184.89
5640,-188.0,-184.81
5641,-155.0,-184.39
5642,-168.0,-184.07
5643,-179.0,-184.2
5644,-169.0,-183.97
5645,-200.0,-183.97
5646,-140.0,-183.77
5647,-160.0,-183.62
5648,-157.0,-183.55
5649,-192.0,-183.79
5650,-154.0,-183.33
5651,-191.0,-183.66
5652,-159.0,-183.46
5653,-187.0,-183.33
5654,-161.0,-183.06
5655,-159.0,-183.01
5656,-164.0,-183.06
5657,-162.0,-183.07
5658,-160.0,-183.11
5659,-163.0,-182.93
5660,-171.0,-182.87
5661,-187.0,-183.02
5662,-188.0,-183.37
5663,-154.0,-182.91
5664,-156.0,-182.87
5665,-161.0,-182.86
5666,-171.0,-182.57
5667,-158.0,-182.49
5668,-197.0,-182.5
5669,-185.0,-182.85
5670,-165.0,-182.5
5671,-155.0,-182.22
5672,-152.0,-181.74
5673,-153.0,-181.74
5674,-199.0,-182.17
5675,-154.0,-182.14
5676,-187.0,-182.41
5677,-188.0,-182.63
5678,-162.0,-182.66
5679,-191.0,-182.99
5680,-154.0,-182.84
5681,-155.0,-182.68
5682,-146.0,-182.14
5683,-154.0,-181.68
5684,-200.0,-181.68
5685,-188.0,-181.56
5686,-147.0,-181.29
5687,-194.0,-181.42
5688,-180.0,-181.65
5689,-153.0,-181.18
5690,-184.0,-181.02
5691,-149.0,-180.51
5692,-147.0,-179.98
5693,-151.0,-179.49
5694,-146.0,-178.95
5695,-184.0,-179.08
5696,-148.0,-178.83
5697,-188.0,-178.71
5698,-151.0,-178.22
5699,-179.0,-178.01
5700,-190.0,-177.91
5701,-145.0,-177.36
5702,-182.0,-177.18
5703,-186.0,-177.06
5704,-198.0,-177.04
5705,-153.0,-176.57
5706,-155.0,-176.12
5707,-195.0,-176.07
5708,-154.0,-175.7
5709,-149.0,-175.19
5710,-185.0,-175.18
5711,-149.0,-174.67
5712,-153.0,-174.46
5713,-151.0,-174.16
5714,-147.0,-173.71
5715,-158.0,-173.29
5716,-187.0,-173.16
5717,-186.0,-173.02
5718,-151.0,-172.53
5719,-153.0,-172.07
5720,-169.0,-171.91
5721,-186.0,-171.77
5722,-177.0,-171.54
5723,-152.0,-171.06
5724,-200.0,-171.06
5725,-198.0,-171.14
5726,-198.0,-171.12
5727,-151.0,-170.63
5728,-161.0,-170.24
5729,-170.0,-170.03
5730,-150.0,-169.57
5731,-195.0,-169.52
5732,-148.0,-169.38
5733,-196.0,-169.37
5734,-149.0,-169.07
5735,-149.0,-168.56
5736,-151.0,-168.41
5737,-146.0,-167.94
5738,-195.0,-168.34
5739,-184.0,-168.52
5740,-200.0,-168.64
5741,-149.0,-168.58
5742,-145.0,-168.35
5743,-148.0,-168.04
5744,-200.0,-168.35
5745,-195.0,-168.3
5746,-198.0,-168.88
5747,-191.0,-169.19
5748,-150.0,-169.12
5749,-150.0,-168.7
5750,-131.0,-168.47
5751,-157.0,-168.13
5752,-148.0,-168.02
5753,-146.0,-167.61
5754,-136.0,-167.36
5755,-108.0,-166.85
5756,-152.0,-166.73
5757,-166.0,-166.77
5758,-148.0,-166.65
5759,-148.0,-166.5
5760,-189.0,-166.68
5761,-197.0,-166.78
5762,-157.0,-166.47
5763,-148.0,-166.41
5764,-163.0,-166.48
5765,-193.0,-166.8
5766,-197.0,-167.06
5767,-149.0,-166.97
5768,-153.0,-166.53
5769,-185.0,-166.53
5770,-192.0,-166.8
5771,-166.0,-166.91
5772,-145.0,-166.84
5773,-150.0,-166.81
5774,-147.0,-166.29
5775,-185.0,-166.6
5776,-159.0,-166.32
5777,-145.0,-165.89
5778,-161.0,-165.88
5779,-191.0,-165.88
5780,-163.0,-165.97
5781,-152.0,-165.94
5782,-146.0,-165.94
5783,-186.0,-166.26
5784,-173.0,-165.99
5785,-190.0,-166.01
5786,-187.0,-166.41
5787,-160.0,-166.07
5788,-157.0,-165.84
5789,-162.0,-165.93
5790,-186.0,-165.95
5791,-184.0,-166.3
5792,-190.0,-166.73
5793,-149.0,-166.71
5794,-159.0,-166.84
5795,-156.0,-166.56
5796,-151.0,-166.59
5797,-151.0,-166.22
5798,-151.0,-166.22
5799,-189.0,-166.32
5800,-193.0,-166.35
5801,-155.0,-166.45
5802,-151.0,-166.14
5803,-190.0,-166.18
5804,-145.0,-165.65
5805,-148.0,-165.6
5806,-149.0,-165.54
5807,-150.0,-165.09
5808,-152.0,-165.07
5809,-182.0,-165.4
5810,-190.0,-165.45
5811,-144.0,-165.4
5812,-176.0,-165.63
5813,-148.0,-165.6
5814,-185.0,-165.98
5815,-187.0,-166.27
5816,-162.0,-166.02
5817,-159.0,-165.75
5818,-148.0,-165.72
5819,-172.0,-165.91
5820,-161.0,-165.83
5821,-145.0,-165.42
5822,-144.0,-165.09
5823,-173.0,-165.3
5824,-170.0,-165.0
5825,-164.0,-164.66
5826,-187.0,-164.55
5827,-195.0,-164.99
5828,-177.0,-165.15
5829,-152.0,-164.97
5830,-157.0,-165.04
5831,-155.0,-164.64
5832,-166.0,-164.82
5833,-176.0,-164.62
5834,-164.0,-164.77
5835,-180.0,-165.08
5836,-145.0,-165.02
5837,-158.0,-165.14
5838,-181.0,-165.0
5839,-165.0,-164.81
5840,-158.0,-164.39
5841,-148.0,-164.38
5842,-152.0,-164.45
5843,-154.0,-164.51
5844,-180.0,-164.31
5845,-186.0,-164.22
5846,-191.0,-164.15
5847,-154.0,-163.78
5848,-171.0,-163.99
5849,-165.0,-164.14
5850,-151.0,-164.34
5851,-176.0,-164.53
5852,-148.0,-164.53
5853,-192.0,-164.99
5854,-156.0,-165.19
5855,-192.0,-166.03
5856,-186.0,-166.37
5857,-146.0,-166.17
5858,-149.0,-166.18
5859,-198.0,-166.68
5860,-162.0,-166.41
5861,-183.0,-166.27
5862,-152.0,-166.22
5863,-200.0,-166.74
5864,-150.0,-166.61
5865,-145.0,-166.13
5866,-149.0,-165.65
5867,-148.0,-165.64
5868,-147.0,-165.58
5869,-200.0,-165.73
5870,-147.0,-165.28
5871,-200.0,-165.62
5872,-146.0,-165.63
5873,-200.0,-166.13
5874,-153.0,-166.19
5875,-147.0,-165.81
5876,-200.0,-166.22
5877,-185.0,-166.62
5878,-183.0,-166.84
5879,-149.0,-166.42
5880,-200.0,-166.79
5881,-152.0,-166.79
5882,-179.0,-167.12
5883,-200.0,-167.26
5884,-200.0,-167.53
5885,-200.0,-167.63
5886,-200.0,-167.76
5887,-200.0,-168.16
5888,-200.0,-168.59
5889,-157.0,-168.54
5890,-149.0,-168.17
5891,-172.0,-168.05
5892,-171.0,-167.86
5893,-146.0,-167.83
5894,-200.0,-168.24
5895,-146.0,-168.14
5896,-184.0,-168.47
5897,-200.0,-168.96
5898,-169.0,-169.14
5899,-144.0,-168.69
5900,-169.0,-168.45
5901,-179.0,-168.69
5902,-164.0,-168.82
5903,-154.0,-168.46
5904,-161.0,-168.62
5905,-181.0,-168.95
5906,-147.0,-168.93
5907,-182.0,-169.25
5908,-146.0,-169.19
5909,-180.0,-169.17
5910,-200.0,-169.27
5911,-200.0,-169.83
5912,-200.0,-170.07
5913,-200.0,-170.59
5914,-200.0,-170.74
5915,-167.0,-170.54
5916,-158.0,-170.5
5917,-151.0,-170.42
5918,-184.0,-170.78
5919,-145.0,-170.51
5920,-195.0,-170.85
5921,-200.0,-171.4
5922,-154.0,-171.5
5923,-165.0,-171.42
5924,-200.0,-171.72
5925,-143.0,-171.51
5926,-151.0,-171.15
5927,-163.0,-170.83
5928,-184.0,-170.9
5929,-130.0,-170.68
5930,-200.0,-171.11
5931,-149.0,-171.05
5932,-156.0,-170.95
5933,-134.0,-170.53
5934,-174.0,-170.63
5935,-200.0,-170.83
5936,-190.0,-171.28
5937,-194.0,-171.64
5938,-170.0,-171.53
5939,-200.0,-171.88
5940,-175.0,-172.05
5941,-120.0,-171.77
5942,-150.0,-171.75
5943,-189.0,-172.1
5944,-155.0,-171.85
5945,-161.0,-171.6
5946,-172.0,-171.41
5947,-154.0,-171.41
5948,-168.0,-171.38
5949,-152.0,-171.25
5950,-158.0,-171.32
5951,-157.0,-171.13
5952,-184.0,-171.49
5953,-153.0,-171.1
5954,-158.0,-171.12
5955,-152.0,-170.72
5956,-128.0,-170.14
5957,-153.0,-170.21
5958,-164.0,-170.36
5959,-172.0,-170.1
5960,-200.0,-170.48
5961,-188.0,-170.53
5962,-171.0,-170.72
5963,-156.0,-170.28
5964,-194.0,-170.72
5965,-116.0,-170.43
5966,-151.0,-170.45
5967,-151.0,-170.48
5968,-118.0,-170.19
5969,-148.0,-169.67
5970,-162.0,-169.82
5971,-120.0,-169.02
5972,-148.0,-169.04
5973,-153.0,-168.57
5974,-123.0,-168.27
5975,-163.0,-168.43
5976,-152.0,-167.95
5977,-141.0,-167.51
5978,-129.0,-166.97
5979,-148.0,-166.96
5980,-129.0,-166.25
5981,-150.0,-166.23
5982,-151.0,-165.95
5983,-198.0,-165.93
5984,-193.0,-165.86
5985,-122.0,-165.08
5986,-153.0,-164.61
5987,-153.0,-164.14
5988,-146.0,-163.6
5989,-200.0,-164.03
5990,-160.0,-164.14
5991,-200.0,-164.42
5992,-200.0,-164.71
5993,-154.0,-164.79
5994,-194.0,-164.73
5995,-198.0,-165.25
5996,-157.0,-164.98
5997,-191.0,-164.89
5998,-200.0,-165.2
5999,-155.0,-165.31
6000,-123.0,-164.85
6001,-156.0,-164.62
6002,-163.0,-164.61
6003,-175.0,-164.82
6004,-191.0,-165.12
6005,-148.0,-164.79
6006,-195.0,-165.27
6007,-154.0,-164.99
6008,-173.0,-165.26
6009,-200.0,-165.46
6010,-145.0,-164.91
6011,-118.0,-164.09
6012,-142.0,-163.51
6013,-116.0,-162.67
6014,-144.0,-162.11
6015,-116.0,-161.6
6016,-193.0,-161.95
6017,-148.0,-161.92
6018,-149.0,-161.57
6019,-172.0,-161.84
6020,-189.0,-161.78
6021,-170.0,-161.48
6022,-154.0,-161.48
6023,-200.0,-161.83
6024,-150.0,-161.33
6025,-188.0,-161.78
6026,-188.0,-162.15
6027,-148.0,-162.0
6028,-146.0,-161.62
6029,-167.0,-161.99
6030,-200.0,-161.99
6031,-191.0,-162.41
6032,-184.0,-162.69
6033,-151.0,-162.86
6034,-178.0,-162.9
6035,-170.0,-162.6
6036,-165.0,-162.35
6037,-191.0,-162.32
6038,-149.0,-162.11
6039,-189.0,-162.0
6040,-151.0,-161.76
6041,-145.0,-162.01
6042,-161.0,-162.12
6043,-190.0,-162.13
6044,-200.0,-162.58
6045,-200.0,-162.97
6046,-147.0,-162.72
6047,-200.0,-163.18
6048,-123.0,-162.73
6049,-183.0,-163.04
6050,-151.0,-162.97
6051,-177.0,-163.17
6052,-191.0,-163.24
6053,-184.0,-163.55
6054,-200.0,-163.97
6055,-155.0,-164.0
6056,-149.0,-164.21
6057,-149.0,-164.17
6058,-178.0,-164.31
6059,-149.0,-164.08
6060,-184.0,-163.92
6061,-147.0,-163.51
6062,-149.0,-163.29
6063,-182.0,-163.55
6064,-189.0,-163.5
6065,-151.0,-163.85
6066,-163.0,-163.97
6067,-160.0,-164.06
6068,-179.0,-164.67
6069,-160.0,-164.79
6070,-163.0,-164.8
6071,-161.0,-165.21
6072,-118.0,-164.91
6073,-172.0,-165.1
6074,-167.0,-165.54
6075,-113.0,-165.04
6076,-184.0,-165.36
6077,-157.0,-165.52
6078,-122.0,-165.45
6079,-190.0,-165.87
6080,-162.0,-166.2
6081,-200.0,-166.7
6082,-183.0,-167.02
6083,-174.0,-166.78
6084,-164.0,-166.49
6085,-164.0,-166.91
6086,-184.0,-167.22
6087,-163.0,-167.32
6088,-164.0,-167.5
6089,-160.0,-167.1
6090,-160.0,-167.1
6091,-186.0,-166.96
6092,-198.0,-166.94
6093,-160.0,-167.0
6094,-164.0,-166.7
6095,-189.0,-166.61
6096,-175.0,-166.79
6097,-178.0,-166.66
6098,-157.0,-166.23
6099,-181.0,-166.49
6100,-159.0,-166.85
6101,-156.0,-166.85
6102,-183.0,-167.05
6103,-161.0,-166.91
6104,-152.0,-166.52
6105,-192.0,-166.96
6106,-153.0,-166.54
6107,-161.0,-166.61
6108,-162.0,-166.5
6109,-160.0,-166.1
6110,-149.0,-166.14
6111,-159.0,-166.55
6112,-153.0,-166.66
6113,-183.0,-167.33
6114,-149.0,-167.38
6115,-193.0,-168.15
6116,-180.0,-168.02
6117,-161.0,-168.15
6118,-178.0,-168.44
6119,-159.0,-168.31
6120,-191.0,-168.33
6121,-168.0,-168.31
6122,-179.0,-168.56
6123,-127.0,-167.83
6124,-164.0,-167.97
6125,-181.0,-167.9
6126,-163.0,-167.65
6127,-132.0,-167.49
6128,-200.0,-168.03
6129,-190.0,-168.26
6130,-158.0,-167.84
6131,-157.0,-167.5
6132,-158.0,-167.24
6133,-191.0,-167.64
6134,-166.0,-167.52
6135,-199.0,-167.81
6136,-166.0,-167.82
6137,-172.0,-167.63
6138,-128.0,-167.42
6139,-121.0,-166.74
6140,-200.0,-167.23
6141,-161.0,-167.39
6142,-173.0,-167.51
6143,-165.0,-167.26
6144,-123.0,-166.49
6145,-185.0,-166.34
6146,-194.0,-166.81
6147,-159.0,-166.4
6148,-194.0,-167.11
6149,-155.0,-166.83
6150,-180.0,-167.12
6151,-187.0,-167.22
6152,-195.0,-167.26
6153,-200.0,-167.42
6154,-190.0,-167.32
6155,-152.0,-167.29
6156,-171.0,-167.51
6157,-200.0,-168.02
6158,-158.0,-167.82
6159,-157.0,-167.9
6160,-194.0,-168.0
6161,-174.0,-168.27
6162,-152.0,-168.3
6163,-179.0,-168.27
6164,-157.0,-167.95
6165,-180.0,-168.24
6166,-200.0,-168.61
6167,-200.0,-169.01
6168,-173.0,-168.95
6169,-178.0,-169.13
6170,-177.0,-169.27
6171,-160.0,-169.26
6172,-200.0,-170.08
6173,-150.0,-169.86
6174,-149.0,-169.68
6175,-152.0,-170.07
6176,-180.0,-170.03
6177,-183.0,-170.29
6178,-180.0,-170.87
6179,-154.0,-170.51
6180,-147.0,-170.36
6181,-156.0,-169.92
6182,-183.0,-169.92
6183,-173.0,-169.91
6184,-152.0,-169.79
6185,-148.0,-169.63
6186,-157.0,-169.36
6187,-149.0,-169.22
6188,-149.0,-169.07
6189,-200.0,-169.47
6190,-179.0,-169.66
6191,-176.0,-169.56
6192,-179.0,-169.37
6193,-152.0,-169.29
6194,-156.0,-169.21
6195,-172.0,-169.04
6196,-151.0,-168.8
6197,-182.0,-168.84
6198,-180.0,-169.07
6199,-180.0,-169.06
6200,-147.0,-168.94
6201,-167.0,-169.05
6202,-200.0,-169.22
6203,-174.0,-169.35
6204,-147.0,-169.3
6205,-163.0,-169.01
6206,-142.0,-168.9
6207,-141.0,-168.7
6208,-150.0,-168.58
6209,-159.0,-168.57
6210,-144.0,-168.52
6211,-143.0,-168.36
6212,-173.0,-168.56
6213,-148.0,-168.21
6214,-200.0,-168.72
6215,-142.0,-168.21
6216,-144.0,-167.85
6217,-150.0,-167.74
6218,-151.0,-167.47
6219,-200.0,-167.88
6220,-148.0,-167.45
6221,-143.0,-167.2
6222,-139.0,-166.8
6223,-152.0,-167.05
6224,-147.0,-166.88
6225,-153.0,-166.6
6226,-149.0,-166.46
6227,-200.0,-167.14
6228,-200.0,-167.14
6229,-148.0,-166.72
6230,-144.0,-166.58
6231,-200.0,-167.01
6232,-200.0,-167.43
6233,-149.0,-167.01
6234,-158.0,-166.93
6235,-150.0,-166.44
6236,-146.0,-166.24
6237,-151.0,-166.03
6238,-148.0,-166.23
6239,-187.0,-166.89
6240,-155.0,-166.44
6241,-148.0,-166.31
6242,-163.0,-166.21
6243,-156.0,-166.12
6244,-152.0,-166.41
6245,-160.0,-166.16
6246,-156.0,-165.78
6247,-161.0,-165.8
6248,-200.0,-165.86
6249,-150.0,-165.81
6250,-160.0,-165.61
6251,-147.0,-165.21
6252,-154.0,-164.8
6253,-189.0,-164.69
6254,-157.0,-164.36
6255,-147.0,-164.31
6256,-149.0,-164.09
6257,-156.0,-163.65
6258,-163.0,-163.7
6259,-153.0,-163.66
6260,-153.0,-163.25
6261,-153.0,-163.04
6262,-147.0,-162.99
6263,-163.0,-162.83
6264,-183.0,-163.09
6265,-172.0,-163.01
6266,-159.0,-162.6
6267,-155.0,-162.15
6268,-165.0,-162.07
6269,-156.0,-161.85
6270,-161.0,-161.69
6271,-165.0,-161.74
6272,-167.0,-161.41
6273,-152.0,-161.43
6274,-167.0,-161.61
6275,-160.0,-161.69
6276,-171.0,-161.6
6277,-154.0,-161.31
6278,-166.0,-161.17
6279,-161.0,-161.24
6280,-164.0,-161.41
6281,-151.0,-161.36
6282,-160.0,-161.13
6283,-159.0,-160.99
6284,-161.0,-161.08
6285,-153.0,-161.13
6286,-163.0,-161.19
6287,-160.0,-161.3
6288,-200.0,-161.81
6289,-149.0,-161.3
6290,-152.0,-161.03
6291,-150.0,-160.77
6292,-200.0,-160.98
6293,-157.0,-161.03
6294,-146.0,-160.93
6295,-150.0,-160.71
6296,-148.0,-160.68
6297,-200.0,-160.86
6298,-146.0,-160.52
6299,-152.0,-160.24
6300,-198.0,-160.75
6301,-200.0,-161.08
6302,-150.0,-160.58
6303,-125.0,-160.09
6304,-161.0,-160.23
6305,-158.0,-160.18
6306,-154.0,-160.3
6307,-180.0,-160.69
6308,-163.0,-160.82
6309,-159.0,-160.82
6310,-144.0,-160.82
6311,-154.0,-160.93
6312,-127.0,-160.47
6313,-148.0,-160.47
6314,-124.0,-159.71
6315,-121.0,-159.5
6316,-150.0,-159.56
6317,-176.0,-159.82
6318,-157.0,-159.88
6319,-143.0,-159.31
6320,-146.0,-159.29
6321,-164.0,-159.5
6322,-153.0,-159.64
6323,-150.0,-159.62
6324,-173.0,-159.88
6325,-154.0,-159.89
6326,-147.0,-159.87
6327,-189.0,-159.76
6328,-156.0,-159.32
6329,-146.0,-159.3
6330,-146.0,-159.32
6331,-170.0,-159.02
6332,-147.0,-158.49
6333,-195.0,-158.95
6334,-188.0,-159.25
6335,-155.0,-159.3
6336,-140.0,-159.24
6337,-156.0,-159.29
6338,-148.0,-159.29
6339,-171.0,-159.13
6340,-146.0,-159.04
6341,-157.0,-159.13
6342,-143.0,-158.93
6343,-193.0,-159.3
6344,-200.0,-159.78
6345,-145.0,-159.63
6346,-200.0,-160.07
6347,-185.0,-160.31
6348,-140.0,-159.71
6349,-144.0,-159.65
6350,-184.0,-159.89
6351,-143.0,-159.85
6352,-145.0,-159.76
6353,-149.0,-159.36
6354,-188.0,-159.67
6355,-145.0,-159.65
6356,-196.0,-160.12
6357,-181.0,-160.37
6358,-141.0,-160.15
6359,-191.0,-160.53
6360,-138.0,-160.38
6361,-150.0,-160.35
6362,-185.0,-160.73
6363,-145.0,-160.55
6364,-143.0,-160.15
6365,-144.0,-159.87
6366,-155.0,-159.83
6367,-188.0,-160.16
6368,-145.0,-159.96
6369,-143.0,-159.83
6370,-185.0,-160.07
6371,-144.0,-159.86
6372,-150.0,-159.69
6373,-186.0,-160.03
6374,-145.0,-159.81
6375,-154.0,-159.75
6376,-153.0,-159.57
6377,-183.0,-159.86
6378,-149.0,-159.69
6379,-194.0,-160.02
6380,-192.0,-160.3
6381,-141.0,-160.2
6382,-191.0,-160.51
6383,-145.0,-160.37
6384,-143.0,-160.19
6385,-153.0,-160.19
6386,-162.0,-160.18
6387,-147.0,-160.05
6388,-152.0,-159.57
6389,-199.0,-160.07
6390,-146.0,-160.01
6391,-154.0,-160.05
6392,-141.0,-159.46
6393,-187.0,-159.76
6394,-200.0,-160.3
6395,-140.0,-160.2
6396,-152.0,-160.24
6397,-143.0,-159.67
6398,-155.0,-159.76
6399,-144.0,-159.68
6400,-148.0,-159.18
6401,-141.0,-158.59
6402,-146.0,-158.55
6403,-147.0,-158.77
6404,-186.0,-159.02
6405,-151.0,-158.95
6406,-149.0,-158.9
6407,-181.0,-158.91
6408,-145.0,-158.73
6409,-200.0,-159.14
6410,-200.0,-159.7
6411,-151.0,-159.67
6412,-200.0,-160.4
6413,-199.0,-160.91
6414,-200.0,-161.67
6415,-148.0,-161.94
6416,-199.0,-162.43
6417,-119.0,-161.86
6418,-200.0,-162.29
6419,-149.0,-162.35
6420,-178.0,-162.67
6421,-120.0,-162.23
6422,-200.0,-162.7
6423,-168.0,-162.88
6424,-130.0,-162.45
6425,-167.0,-162.58
6426,-128.0,-162.39
6427,-150.0,-162.0
6428,-156.0,-162.0
6429,-131.0,-161.85
6430,-149.0,-161.88
6431,-156.0,-161.74
6432,-165.0,-161.92
6433,-150.0,-161.47
6434,-200.0,-161.59
6435,-200.0,-162.04
6436,-200.0,-162.64
6437,-149.0,-162.57
6438,-147.0,-162.56
6439,-200.0,-162.85
6440,-135.0,-162.74
6441,-156.0,-162.73
6442,-151.0,-162.81
6443,-140.0,-162.28
6444,-137.0,-161.65
6445,-200.0,-162.2
6446,-151.0,-161.71
6447,-166.0,-161.52
6448,-149.0,-161.61
6449,-148.0,-161.65
6450,-146.0,-161.27
6451,-185.0,-161.69
6452,-174.0,-161.98
6453,-148.0,-161.97
6454,-155.0,-161.64
6455,-200.0,-162.19
6456,-169.0,-161.92
6457,-200.0,-162.11
6458,-152.0,-162.22
6459,-200.0,-162.31
6460,-200.0,-162.93
6461,-151.0,-162.94
6462,-152.0,-162.61
6463,-200.0,-163.16
6464,-200.0,-163.73
6465,-157.0,-163.86
6466,-138.0,-163.69
6467,-200.0,-163.81
6468,-173.0,-164.09
6469,-157.0,-164.23
6470,-167.0,-164.05
6471,-200.0,-164.61
6472,-168.0,-164.79
6473,-175.0,-164.68
6474,-154.0,-164.77
6475,-150.0,-164.73
6476,-161.0,-164.81
6477,-171.0,-164.69
6478,-151.0,-164.71
6479,-170.0,-164.47
6480,-181.0,-164.36
6481,-157.0,-164.52
6482,-150.0,-164.11
6483,-180.0,-164.46
6484,-162.0,-164.65
6485,-151.0,-164.63
6486,-164.0,-164.65
6487,-200.0,-165.18
6488,-146.0,-165.12
6489,-102.0,-164.15
6490,-151.0,-164.2
6491,-141.0,-164.07
6492,-154.0,-164.2
6493,-141.0,-163.74
6494,-144.0,-163.18
6495,-148.0,-163.26
6496,-159.0,-163.33
6497,-200.0,-163.9
6498,-147.0,-163.82
6499,-174.0,-164.12
6500,-200.0,-164.64
6501,-169.0,-164.92
6502,-200.0,-165.46
6503,-200.0,-165.99
6504,-146.0,-165.59
6505,-200.0,-166.08
6506,-154.0,-166.13
6507,-165.0,-165.97
6508,-162.0,-166.14
6509,-131.0,-165.45
6510,-173.0,-165.18
6511,-200.0,-165.67
6512,-150.0,-165.17
6513,-140.0,-164.58
6514,-139.0,-163.97
6515,-141.0,-163.9
6516,-185.0,-163.76
6517,-161.0,-164.18
6518,-178.0,-163.96
6519,-155.0,-164.02
6520,-189.0,-164.13
6521,-158.0,-164.51
6522,-176.0,-164.27
6523,-150.0,-164.09
6524,-167.0,-164.46
6525,-183.0,-164.62
6526,-155.0,-164.89
6527,-142.0,-164.81
6528,-185.0,-165.1
6529,-172.0,-165.51
6530,-164.0,-165.66
6531,-161.0,-165.71
6532,-175.0,-165.81
6533,-149.0,-165.8
6534,-161.0,-165.41
6535,-170.0,-165.11
6536,-159.0,-164.7
6537,-153.0,-164.74
6538,-169.0,-164.96
6539,-156.0,-164.52
6540,-173.0,-164.9
6541,-154.0,-164.88
6542,-161.0,-164.98
6543,-169.0,-165.27
6544,-160.0,-165.5
6545,-180.0,-165.3
6546,-159.0,-165.38
6547,-162.0,-165.34
6548,-160.0,-165.45
6549,-152.0,-165.49
6550,-151.0,-165.54
6551,-161.0,-165.3
6552,-177.0,-165.33
6553,-173.0,-165.58
6554,-170.0,-165.73
6555,-157.0,-165.3
6556,-154.0,-165.15
6557,-175.0,-164.9
6558,-173.0,-165.11
6559,-171.0,-164.82
6560,-145.0,-164.27
6561,-143.0,-164.19
6562,-154.0,-164.21
6563,-165.0,-163.86
6564,-169.0,-163.55
6565,-151.0,-163.49
6566,-142.0,-163.53
6567,-158.0,-163.11
6568,-142.0,-162.8
6569,-157.0,-162.8
6570,-143.0,-162.56
6571,-200.0,-162.56
6572,-165.0,-162.53
6573,-163.0,-162.41
6574,-152.0,-162.39
6575,-144.0,-162.33
6576,-164.0,-162.36
6577,-200.0,-162.65
6578,-147.0,-162.61
6579,-164.0,-162.55
6580,-200.0,-162.74
6581,-149.0,-162.66
6582,-153.0,-162.69
6583,-147.0,-162.36
6584,-169.0,-162.43
6585,-155.0,-162.47
6586,-183.0,-162.66
6587,-152.0,-162.18
6588,-152.0,-162.24
6589,-149.0,-162.71
6590,-150.0,-162.7
6591,-154.0,-162.83
6592,-200.0,-163.29
6593,-152.0,-163.4
6594,-150.0,-163.46
6595,-153.0,-163.51
6596,-156.0,-163.48
6597,-176.0,-163.24
6598,-145.0,-163.22
6599,-149.0,-162.97
6600,-175.0,-162.72
6601,-163.0,-162.66
6602,-158.0,-162.24
6603,-155.0,-161.79
6604,-171.0,-162.04
6605,-157.0,-161.61
6606,-163.0,-161.7
6607,-161.0,-161.66
6608,-182.0,-161.86
6609,-147.0,-162.02
6610,-164.0,-161.93
6611,-172.0,-161.65
6612,-175.0,-161.9
6613,-165.0,-162.15
6614,-180.0,-162.56
6615,-170.0,-162.85
6616,-175.0,-162.75
6617,-175.0,-162.89
6618,-174.0,-162.85
6619,-180.0,-163.1
6620,-178.0,-162.99
6621,-176.0,-163.17
6622,-157.0,-162.98
6623,-159.0,-163.07
6624,-164.0,-163.04
6625,-183.0,-163.04
6626,-172.0,-163.21
6627,-187.0,-163.66
6628,-184.0,-163.65
6629,-167.0,-163.6
6630,-157.0,-163.53
6631,-153.0,-163.45
6632,-155.0,-163.25
6633,-157.0,-163.33
6634,-173.0,-163.45
6635,-172.0,-163.47
6636,-155.0,-163.43
6637,-157.0,-163.47
6638,-150.0,-163.28
6639,-183.0,-163.55
6640,-187.0,-163.69
6641,-185.0,-164.0
6642,-180.0,-164.19
6643,-154.0,-164.04
6644,-186.0,-164.3
6645,-154.0,-164.04
6646,-187.0,-164.32
6647,-181.0,-164.51
6648,-159.0,-164.5
6649,-156.0,-164.54
6650,-153.0,-164.56
6651,-161.0,-164.56
6652,-200.0,-164.79
6653,-155.0,-164.61
6654,-157.0,-164.48
6655,-153.0,-164.44
6656,-158.0,-164.48
6657,-158.0,-164.31
6658,-156.0,-164.14
6659,-200.0,-164.43
6660,-149.0,-164.47
6661,-151.0,-164.55
6662,-151.0,-164.52
6663,-145.0,-164.32
6664,-155.0,-164.18
6665,-146.0,-164.13
6666,-146.0,-164.17
6667,-146.0,-164.05
6668,-120.0,-163.83
6669,-121.0,-163.47
6670,-163.0,-163.67
6671,-145.0,-163.12
6672,-152.0,-162.99
6673,-152.0,-162.88
6674,-164.0,-163.0
6675,-147.0,-163.03
6676,-150.0,-162.89
6677,-159.0,-162.48
6678,-147.0,-162.48
6679,-149.0,-162.33
6680,-165.0,-161.98
6681,-145.0,-161.94
6682,-158.0,-161.99
6683,-120.0,-161.72
6684,-200.0,-162.03
6685,-119.0,-161.67
6686,-155.0,-161.39
6687,-158.0,-161.45
6688,-148.0,-161.41
6689,-170.0,-161.62
6690,-154.0,-161.66
6691,-153.0,-161.65
6692,-157.0,-161.22
6693,-152.0,-161.22
6694,-166.0,-161.38
6695,-155.0,-161.4
6696,-122.0,-161.06
6697,-168.0,-160.98
6698,-164.0,-161.17
6699,-164.0,-161.32
6700,-166.0,-161.23
6701,-127.0,-160.87
6702,-167.0,-160.96
6703,-169.0,-161.1
6704,-165.0,-161.04
6705,-167.0,-161.14
6706,-170.0,-161.21
6707,-155.0,-161.15
6708,-166.0,-160.99
6709,-163.0,-161.15
6710,-161.0,-161.12
6711,-150.0,-160.9
6712,-162.0,-160.77
6713,-161.0,-160.73
6714,-159.0,-160.52
6715,-155.0,-160.37
6716,-156.0,-160.18
6717,-164.0,-160.07
6718,-152.0,-159.85
6719,-158.0,-159.63
6720,-160.0,-159.45
6721,-146.0,-159.15
6722,-152.0,-159.1
6723,-140.0,-158.91
6724,-147.0,-158.74
6725,-159.0,-158.5
6726,-157.0,-158.35
6727,-157.0,-158.05
6728,-157.0,-157.78
6729,-145.0,-157.56
6730,-147.0,-157.46
6731,-151.0,-157.44
6732,-141.0,-157.3
6733,-150.0,-157.23
6734,-152.0,-157.02
6735,-152.0,-156.82
6736,-147.0,-156.74
6737,-159.0,-156.76
6738,-147.0,-156.73
6739,-152.0,-156.42
6740,-158.0,-156.13
6741,-158.0,-155.86
6742,-163.0,-155.69
6743,-157.0,-155.72
6744,-153.0,-155.39
6745,-147.0,-155.32
6746,-156.0,-155.01
6747,-200.0,-155.2
6748,-155.0,-155.16
6749,-200.0,-155.6
6750,-166.0,-155.73
6751,-156.0,-155.68
6752,-151.0,-155.19
6753,-162.0,-155.26
6754,-200.0,-155.69
6755,-145.0,-155.61
6756,-163.0,-155.66
6757,-200.0,-156.08
6758,-157.0,-156.09
6759,-200.0,-156.09
6760,-164.0,-156.24
6761,-144.0,-156.17
6762,-151.0,-156.17
6763,-200.0,-156.72
6764,-156.0,-156.73
6765,-175.0,-157.02
6766,-200.0,-157.56
6767,-168.0,-157.78
6768,-200.0,-158.58
6769,-200.0,-159.37
6770,-149.0,-159.23
6771,-163.0,-159.41
6772,-166.0,-159.55
6773,-177.0,-159.8
6774,-149.0,-159.65
6775,-163.0,-159.81
6776,-174.0,-160.05
6777,-169.0,-160.15
6778,-169.0,-160.37
6779,-175.0,-160.63
6780,-161.0,-160.59
6781,-200.0,-161.14
6782,-145.0,-161.01
6783,-154.0,-161.35
6784,-159.0,-160.94
6785,-187.0,-161.62
6786,-155.0,-161.62
6787,-170.0,-161.74
6788,-133.0,-161.59
6789,-159.0,-161.48
6790,-165.0,-161.59
6791,-162.0,-161.68
6792,-200.0,-162.11
6793,-200.0,-162.59
6794,-165.0,-162.58
6795,-170.0,-162.73
6796,-121.0,-162.72
6797,-167.0,-162.71
6798,-123.0,-162.3
6799,-167.0,-162.33
6800,-115.0,-161.82
6801,-114.0,-161.69
6802,-170.0,-161.72
6803,-125.0,-161.28
6804,-168.0,-161.31
6805,-163.0,-161.27
6806,-118.0,-160.75
6807,-117.0,-160.37
6808,-151.0,-160.22
6809,-118.0,-159.77
6810,-111.0,-159.27
6811,-161.0,-159.38
6812,-116.0,-158.92
6813,-166.0,-158.97
6814,-113.0,-158.51
6815,-119.0,-158.15
6816,-113.0,-157.72
6817,-159.0,-157.67
6818,-170.0,-157.85
6819,-157.0,-157.84
6820,-170.0,-157.94
6821,-112.0,-157.6
6822,-119.0,-157.27
6823,-118.0,-157.05
6824,-117.0,-156.75
6825,-111.0,-156.27
6826,-157.0,-156.27
6827,-157.0,-156.27
6828,-153.0,-156.23
6829,-152.0,-156.3
6830,-115.0,-155.98
6831,-112.0,-155.59
6832,-154.0,-155.72
6833,-151.0,-155.73
6834,-117.0,-155.38
6835,-145.0,-155.31
6836,-148.0,-155.32
6837,-119.0,-154.92
6838,-148.0,-154.93
6839,-148.0,-154.89
6840,-144.0,-154.75
6841,-159.0,-154.76
6842,-156.0,-154.69
6843,-159.0,-154.71
6844,-113.0,-154.31
6845,-117.0,-154.01
6846,-144.0,-153.89
6847,-150.0,-153.39
6848,-118.0,-153.02
6849,-161.0,-152.63
6850,-159.0,-152.56
6851,-152.0,-152.52
6852,-149.0,-152.5
6853,-144.0,-152.32
6854,-114.0,-151.46
6855,-150.0,-151.51
6856,-142.0,-151.3
6857,-115.0,-150.45
6858,-116.0,-150.04
6859,-142.0,-149.46
6860,-119.0,-149.01
6861,-119.0,-148.76
6862,-147.0,-148.72
6863,-115.0,-147.87
6864,-112.0,-147.43
6865,-152.0,-147.2
6866,-114.0,-146.34
6867,-149.0,-146.15
6868,-145.0,-145.6
6869,-158.0,-145.18
6870,-155.0,-145.24
6871,-117.0,-144.78
6872,-113.0,-144.25
6873,-154.0,-144.02
6874,-151.0,-144.04
6875,-118.0,-143.59
6876,-161.0,-143.46
6877,-155.0,-143.32
6878,-120.0,-142.83
6879,-154.0,-142.62
6880,-116.0,-142.17
6881,-159.0,-141.76
6882,-164.0,-141.95
6883,-117.0,-141.58
6884,-116.0,-141.15
6885,-152.0,-140.8
6886,-118.0,-140.43
6887,-167.0,-140.4
6888,-145.0,-140.52
6889,-116.0,-140.09
6890,-147.0,-139.91
6891,-115.0,-139.44
6892,-149.0,-138.93
6893,-117.0,-138.1
6894,-200.0,-138.45
6895,-151.0,-138.26
6896,-120.0,-138.25
6897,-118.0,-137.76
6898,-159.0,-138.12
6899,-116.0,-137.61
6900,-165.0,-138.11
6901,-154.0,-138.51
6902,-154.0,-138.35
6903,-152.0,-138.62
6904,-159.0,-138.53
6905,-119.0,-138.09
6906,-119.0,-138.1
6907,-137.0,-138.3
6908,-150.0,-138.29
6909,-163.0,-138.74
6910,-143.0,-139.06
6911,-119.0,-138.64
6912,-116.0,-138.64
6913,-140.0,-138.38
6914,-153.0,-138.78
6915,-116.0,-138.75
6916,-144.0,-139.06
6917,-158.0,-139.05
6918,-116.0,-138.51
6919,-159.0,-138.53
6920,-116.0,-137.99
6921,-176.0,-138.63
6922,-111.0,-138.55
6923,-119.0,-138.56
6924,-180.0,-139.19
6925,-117.0,-139.25
6926,-154.0,-139.22
6927,-143.0,-139.08
6928,-166.0,-139.21
6929,-115.0,-138.84
6930,-116.0,-138.85
6931,-116.0,-138.89
6932,-151.0,-138.86
6933,-120.0,-138.55
6934,-159.0,-138.97
6935,-139.0,-138.91
6936,-117.0,-138.6
6937,-146.0,-138.87
6938,-149.0,-138.88
6939,-119.0,-138.59
6940,-121.0,-138.36
6941,-157.0,-138.34
6942,-144.0,-138.22
6943,-151.0,-138.14
6944,-200.0,-139.01
6945,-200.0,-139.84
6946,-170.0,-140.1
6947,-162.0,-140.22
6948,-141.0,-140.45
6949,-168.0,-140.52
6950,-200.0,-140.93
6951,-121.0,-140.62
6952,-200.0,-141.13
6953,-200.0,-141.69
6954,-158.0,-142.13
6955,-200.0,-142.63
6956,-200.0,-143.21
6957,-113.0,-143.19
6958,-177.0,-143.8
6959,-116.0,-143.54
6960,-178.0,-144.13
6961,-125.0,-144.19
6962,-126.0,-143.98
6963,-182.0,-144.65
6964,-200.0,-145.53
6965,-182.0,-145.83
6966,-176.0,-146.45
6967,-191.0,-146.87
6968,-129.0,-146.71
6969,-191.0,-147.04
6970,-196.0,-147.45
6971,-200.0,-148.28
6972,-180.0,-148.95
6973,-180.0,-149.21
6974,-194.0,-149.64
6975,-165.0,-150.11
6976,-195.0,-150.45
6977,-170.0,-150.6
6978,-193.0,-151.33
6979,-167.0,-151.46
6980,-166.0,-151.96
6981,-158.0,-151.95
6982,-162.0,-151.93
6983,-175.0,-152.51
6984,-164.0,-152.99
6985,-160.0,-153.07
6986,-191.0,-153.8
6987,-175.0,-153.88
6988,-188.0,-154.31
6989,-173.0,-154.88
6990,-164.0,-155.05
6991,-160.0,-155.5
6992,-197.0,-155.98
6993,-200.0,-156.81
6994,-175.0,-156.56
6995,-164.0,-156.69
6996,-167.0,-157.16
6997,-194.0,-157.92
6998,-200.0,-158.33
6999,-165.0,-158.82
7000,-196.0,-159.13
7001,-198.0,-159.57
7002,-168.0,-159.71
7003,-167.0,-159.86
7004,-163.0,-159.9
7005,-196.0,-160.67
7006,-189.0,-161.37
7007,-166.0,-161.66
7008,-190.0,-162.06
7009,-186.0,-162.29
7010,-159.0,-162.45
7011,-169.0,-162.95
7012,-154.0,-163.33
7013,-157.0,-163.5
7014,-160.0,-163.57
7015,-194.0,-164.35
7016,-172.0,-164.63
7017,-162.0,-164.67
7018,-162.0,-165.13
7019,-161.0,-165.15
7020,-177.0,-165.76
7021,-185.0,-165.85
7022,-193.0,-166.67
7023,-169.0,-167.17
7024,-160.0,-166.97
7025,-168.0,-167.48
7026,-161.0,-167.55
7027,-163.0,-167.75
7028,-189.0,-167.98
7029,-156.0,-168.39
7030,-191.0,-169.14
7031,-159.0,-169.57
7032,-173.0,-169.79
7033,-163.0,-170.22
7034,-191.0,-170.54
7035,-147.0,-170.62
7036,-199.0,-171.44
7037,-191.0,-171.89
7038,-160.0,-172.0
7039,-157.0,-172.38
7040,-186.0,-173.03
7041,-160.0,-173.06
7042,-193.0,-173.55
7043,-189.0,-173.93
7044,-188.0,-173.81
7045,-200.0,-173.81
7046,-187.0,-173.98
7047,-169.0,-174.05
7048,-158.0,-174.22
7049,-171.0,-174.25
7050,-155.0,-173.8
7051,-186.0,-174.45
7052,-153.0,-173.98
7053,-191.0,-173.89
7054,-160.0,-173.91
7055,-187.0,-173.78
7056,-193.0,-173.71
7057,-156.0,-174.14
7058,-155.0,-173.92
7059,-165.0,-174.41
7060,-190.0,-174.53
7061,-160.0,-174.88
7062,-161.0,-175.23
7063,-157.0,-174.98
7064,-164.0,-174.62
7065,-190.0,-174.7
7066,-190.0,-174.84
7067,-164.0,-174.57
7068,-156.0,-174.84
7069,-163.0,-174.56
7070,-195.0,-174.55
7071,-183.0,-174.38
7072,-157.0,-174.15
7073,-185.0,-174.2
7074,-157.0,-173.83
7075,-156.0,-173.74
7076,-151.0,-173.3
7077,-193.0,-173.53
7078,-154.0,-173.14
7079,-152.0,-172.99
7080,-155.0,-172.88
7081,-161.0,-172.91
7082,-184.0,-173.13
7083,-192.0,-173.3
7084,-152.0,-173.18
7085,-180.0,-173.38
7086,-178.0,-173.25
7087,-178.0,-173.28
7088,-183.0,-173.23
7089,-182.0,-173.32
7090,-177.0,-173.45
7091,-168.0,-173.53
7092,-153.0,-173.09
7093,-153.0,-172.62
7094,-154.0,-172.41
7095,-175.0,-172.52
7096,-153.0,-172.38
7097,-148.0,-171.92
7098,-152.0,-171.44
7099,-178.0,-171.57
7100,-178.0,-171.39
7101,-159.0,-171.0
7102,-155.0,-170.87
7103,-181.0,-171.01
7104,-170.0,-171.08
7105,-159.0,-170.71
7106,-177.0,-170.59
7107,-154.0,-170.47
7108,-167.0,-170.24
7109,-167.0,-170.05
7110,-158.0,-170.04
7111,-177.0,-170.12
7112,-156.0,-170.14
7113,-174.0,-170.31
7114,-151.0,-170.22
7115,-154.0,-169.82
7116,-200.0,-170.1
7117,-174.0,-170.22
7118,-171.0,-170.31
7119,-154.0,-170.24
7120,-167.0,-170.14
7121,-156.0,-169.85
7122,-169.0,-169.61
7123,-155.0,-169.47
7124,-163.0,-169.5
7125,-176.0,-169.58
7126,-159.0,-169.56
7127,-169.0,-169.62
7128,-153.0,-169.26
7129,-171.0,-169.41
7130,-157.0,-169.07
7131,-170.0,-169.18
7132,-176.0,-169.21
7133,-189.0,-169.47
7134,-186.0,-169.42
7135,-152.0,-169.47
7136,-185.0,-169.33
7137,-152.0,-168.94
7138,-152.0,-168.86
7139,-168.0,-168.97
7140,-155.0,-168.66
7141,-180.0,-168.86
7142,-151.0,-168.44
7143,-152.0,-168.07
7144,-154.0,-167.73
7145,-169.0,-167.42
7146,-163.0,-167.18
7147,-176.0,-167.25
7148,-162.0,-167.29
7149,-180.0,-167.38
7150,-160.0,-167.43
7151,-167.0,-167.24
7152,-156.0,-167.27
7153,-171.0,-167.07
7154,-154.0,-167.01
7155,-193.0,-167.07
7156,-176.0,-166.9
7157,-183.0,-167.17
7158,-161.0,-167.23
7159,-200.0,-167.58
7160,-200.0,-167.68
7161,-143.0,-167.51
7162,-200.0,-167.9
7163,-152.0,-167.85
7164,-147.0,-167.68
7165,-156.0,-167.34
7166,-156.0,-167.0
7167,-185.0,-167.21
7168,-144.0,-167.09
7169,-152.0,-166.98
7170,-149.0,-166.52
7171,-147.0,-166.16
7172,-160.0,-166.19
7173,-153.0,-165.87
7174,-200.0,-166.3
7175,-189.0,-166.63
7176,-152.0,-166.64
7177,-170.0,-166.41
7178,-179.0,-166.66
7179,-154.0,-166.68
7180,-157.0,-166.7
7181,-173.0,-166.82
7182,-177.0,-166.75
7183,-150.0,-166.33
7184,-159.0,-166.4
7185,-170.0,-166.3
7186,-167.0,-166.19
7187,-155.0,-165.96
7188,-161.0,-165.74
7189,-157.0,-165.49
7190,-172.0,-165.44
7191,-158.0,-165.34
7192,-157.0,-165.38
7193,-156.0,-165.41
7194,-174.0,-165.61
7195,-183.0,-165.69
7196,-157.0,-165.73
7197,-150.0,-165.75
7198,-153.0,-165.76
7199,-174.0,-165.72
7200,-166.0,-165.6
7201,-154.0,-165.55
7202,-175.0,-165.75
7203,-152.0,-165.46
7204,-168.0,-165.44
7205,-151.0,-165.36
7206,-168.0,-165.27
7207,-174.0,-165.47
7208,-179.0,-165.59
7209,-166.0,-165.58
7210,-155.0,-165.55
7211,-178.0,-165.56
7212,-182.0,-165.82
7213,-152.0,-165.6
7214,-159.0,-165.68
7215,-146.0,-165.6
7216,-164.0,-165.24
7217,-178.0,-165.28
7218,-155.0,-165.12
7219,-153.0,-165.11
7220,-186.0,-165.3
7221,-163.0,-165.37
7222,-156.0,-165.24
7223,-150.0,-165.19
7224,-176.0,-165.32
7225,-175.0,-165.31
7226,-161.0,-165.33
7227,-179.0,-165.43
7228,-165.0,-165.55
7229,-159.0,-165.43
7230,-179.0,-165.65
7231,-172.0,-165.67
7232,-158.0,-165.49
7233,-146.0,-165.06
7234,-141.0,-164.61
7235,-142.0,-164.51
7236,-155.0,-164.21
7237,-200.0,-164.69
7238,-156.0,-164.73
7239,-158.0,-164.63
7240,-155.0,-164.63
7241,-159.0,-164.42
7242,-180.0,-164.71
7243,-160.0,-164.79
7244,-163.0,-164.88
7245,-175.0,-164.94
7246,-184.0,-165.15
7247,-158.0,-164.97
7248,-175.0,-165.1
7249,-180.0,-165.1
7250,-172.0,-165.22
7251,-177.0,-165.32
7252,-180.0,-165.56
7253,-177.0,-165.62
7254,-171.0,-165.79
7255,-184.0,-165.7
7256,-179.0,-165.73
7257,-184.0,-165.74
7258,-160.0,-165.73
7259,-181.0,-165.54
7260,-158.0,-165.12
7261,-162.0,-165.31
7262,-184.0,-165.15
7263,-161.0,-165.24
7264,-181.0,-165.58
7265,-155.0,-165.57
7266,-169.0,-165.7
7267,-188.0,-165.73
7268,-179.0,-166.08
7269,-157.0,-166.13
7270,-157.0,-166.21
7271,-164.0,-166.38
7272,-180.0,-166.58
7273,-183.0,-166.88
7274,-157.0,-166.45
7275,-158.0,-166.14
7276,-187.0,-166.49
7277,-160.0,-166.39
7278,-156.0,-166.16
7279,-158.0,-166.2
7280,-156.0,-166.19
7281,-157.0,-166.03
7282,-181.0,-166.07
7283,-158.0,-166.15
7284,-164.0,-166.2
7285,-180.0,-166.3
7286,-160.0,-166.23
7287,-158.0,-166.26
7288,-154.0,-166.19
7289,-192.0,-166.54
7290,-181.0,-166.63
7291,-190.0,-166.95
7292,-160.0,-166.98
7293,-191.0,-167.33
7294,-191.0,-167.5
7295,-171.0,-167.38
7296,-146.0,-167.27
7297,-142.0,-167.19
7298,-140.0,-167.06
7299,-163.0,-166.95
7300,-157.0,-166.86
7301,-144.0,-166.76
7302,-155.0,-166.56
7303,-141.0,-166.45
7304,-142.0,-166.19
7305,-166.0,-166.34
7306,-158.0,-166.24
7307,-139.0,-165.89
7308,-200.0,-166.1
7309,-160.0,-166.04
7310,-160.0,-166.09
7311,-159.0,-165.9
7312,-153.0,-165.61
7313,-160.0,-165.69
7314,-138.0,-165.48
7315,-156.0,-165.58
7316,-179.0,-165.73
7317,-114.0,-165.09
7318,-188.0,-165.42
7319,-190.0,-165.79
7320,-185.0,-165.78
7321,-165.0,-165.8
7322,-159.0,-165.83
7323,-173.0,-166.06
7324,-155.0,-165.85
7325,-163.0,-165.73
7326,-175.0,-165.87
7327,-178.0,-165.86
7328,-146.0,-165.67
7329,-141.0,-165.49
7330,-137.0,-165.07
7331,-140.0,-164.75
7332,-144.0,-164.61
7333,-187.0,-165.02
7334,-156.0,-165.17
7335,-143.0,-165.18
7336,-150.0,-165.13
7337,-189.0,-165.02
7338,-194.0,-165.4
7339,-158.0,-165.4
7340,-200.0,-165.85
7341,-186.0,-166.12
7342,-167.0,-165.99
7343,-146.0,-165.85
7344,-158.0,-165.8
7345,-184.0,-165.89
7346,-179.0,-165.84
7347,-187.0,-166.13
7348,-155.0,-165.93
7349,-160.0,-165.73
7350,-162.0,-165.63
7351,-185.0,-165.71
7352,-163.0,-165.54
7353,-198.0,-165.75
7354,-164.0,-165.68
7355,-162.0,-165.46
7356,-200.0,-165.67
7357,-199.0,-165.82
7358,-157.0,-165.79
7359,-165.0,-165.63
7360,-163.0,-165.68
7361,-200.0,-166.06
7362,-158.0,-165.8
7363,-194.0,-166.13
7364,-192.0,-166.24
7365,-160.0,-166.29
7366,-189.0,-166.49
7367,-170.0,-166.31
7368,-189.0,-166.41
7369,-160.0,-166.44
7370,-159.0,-166.46
7371,-166.0,-166.48
7372,-181.0,-166.49
7373,-154.0,-166.2
7374,-187.0,-166.5
7375,-155.0,-166.47
7376,-198.0,-166.58
7377,-187.0,-166.85
7378,-158.0,-166.87
7379,-156.0,-166.85
7380,-194.0,-167.23
7381,-154.0,-167.2
7382,-192.0,-167.31
7383,-157.0,-167.3
7384,-154.0,-167.2
7385,-189.0,-167.29
7386,-185.0,-167.54
7387,-184.0,-167.8
7388,-163.0,-167.89
7389,-186.0,-167.83
7390,-191.0,-167.93
7391,-163.0,-167.66
7392,-154.0,-167.6
7393,-188.0,-167.57
7394,-155.0,-167.21
7395,-188.0,-167.38
7396,-157.0,-167.49
7397,-188.0,-167.95
7398,-186.0,-168.41
7399,-163.0,-168.41
7400,-197.0,-168.81
7401,-165.0,-169.02
7402,-185.0,-169.32
7403,-190.0,-169.81
7404,-142.0,-169.81
7405,-158.0,-169.73
7406,-165.0,-169.8
7407,-188.0,-170.29
7408,-162.0,-169.91
7409,-159.0,-169.9
7410,-158.0,-169.88
7411,-153.0,-169.82
7412,-156.0,-169.85
7413,-161.0,-169.86
7414,-171.0,-170.19
7415,-194.0,-170.57
7416,-156.0,-170.34
7417,-164.0,-170.84
7418,-157.0,-170.53
7419,-159.0,-170.22
7420,-167.0,-170.04
7421,-158.0,-169.97
7422,-186.0,-170.24
7423,-200.0,-170.51
7424,-162.0,-170.58
7425,-149.0,-170.44
7426,-189.0,-170.58
7427,-189.0,-170.69
7428,-159.0,-170.82
7429,-188.0,-171.29
7430,-199.0,-171.91
7431,-161.0,-172.12
7432,-172.0,-172.4
7433,-161.0,-172.14
7434,-185.0,-172.43
7435,-173.0,-172.73
7436,-186.0,-173.09
7437,-196.0,-173.16
7438,-159.0,-172.81
7439,-189.0,-173.12
7440,-196.0,-173.08
7441,-188.0,-173.1
7442,-160.0,-173.03
7443,-189.0,-173.46
7444,-140.0,-173.28
7445,-167.0,-173.11
7446,-160.0,-172.92
7447,-190.0,-172.95
7448,-140.0,-172.8
7449,-169.0,-172.89
7450,-191.0,-173.18
7451,-162.0,-172.95
7452,-161.0,-172.93
7453,-151.0,-172.46
7454,-144.0,-172.26
7455,-195.0,-172.59
7456,-140.0,-171.99
7457,-192.0,-171.92
7458,-182.0,-172.17
7459,-191.0,-172.43
7460,-161.0,-172.41
7461,-194.0,-172.35
7462,-161.0,-172.38
7463,-193.0,-172.37
7464,-195.0,-172.4
7465,-142.0,-172.22
7466,-198.0,-172.31
7467,-160.0,-172.21
7468,-191.0,-172.23
7469,-196.0,-172.59
7470,-150.0,-172.5
7471,-193.0,-172.77
7472,-198.0,-172.94
7473,-147.0,-172.87
7474,-198.0,-172.98
7475,-198.0,-173.41
7476,-198.0,-173.41
7477,-188.0,-173.42
7478,-151.0,-173.35
7479,-151.0,-173.3
7480,-154.0,-172.9
7481,-152.0,-172.88
7482,-190.0,-172.86
7483,-147.0,-172.76
7484,-190.0,-173.12
7485,-150.0,-172.73
7486,-188.0,-172.76
7487,-154.0,-172.46
7488,-200.0,-172.83
7489,-192.0,-172.89
7490,-200.0,-172.98
7491,-150.0,-172.85
7492,-163.0,-172.94
7493,-143.0,-172.49
7494,-192.0,-172.86
7495,-162.0,-172.6
7496,-144.0,-172.47
7497,-146.0,-172.05
7498,-152.0,-171.71
7499,-152.0,-171.6
7500,-158.0,-171.21
7501,-143.0,-170.99
7502,-146.0,-170.6
7503,-144.0,-170.14
7504,-142.0,-170.14
7505,-155.0,-170.11
7506,-144.0,-169.9
7507,-149.0,-169.51
7508,-155.0,-169.44
7509,-144.0,-169.29
7510,-159.0,-169.3
7511,-149.0,-169.26
7512,-181.0,-169.51
7513,-200.0,-169.9
7514,-174.0,-169.93
7515,-145.0,-169.44
7516,-163.0,-169.51
7517,-143.0,-169.3
7518,-155.0,-169.28
7519,-179.0,-169.48
7520,-154.0,-169.35
7521,-145.0,-169.22
7522,-146.0,-168.82
7523,-147.0,-168.29
7524,-144.0,-168.11
7525,-172.0,-168.34
7526,-159.0,-168.04
7527,-144.0,-167.59
7528,-148.0,-167.48
7529,-146.0,-167.06
7530,-163.0,-166.7
7531,-200.0,-167.09
7532,-157.0,-166.94
7533,-154.0,-166.87
7534,-161.0,-166.63
7535,-148.0,-166.38
7536,-146.0,-165.98
7537,-153.0,-165.55
7538,-174.0,-165.7
7539,-147.0,-165.28
7540,-171.0,-165.03
7541,-178.0,-164.93
7542,-161.0,-164.94
7543,-144.0,-164.49
7544,-144.0,-164.53
7545,-176.0,-164.62
7546,-141.0,-164.43
7547,-173.0,-164.26
7548,-200.0,-164.86
7549,-150.0,-164.67
7550,-138.0,-164.14
7551,-170.0,-164.22
7552,-141.0,-164.02
7553,-139.0,-163.9
7554,-147.0,-163.93
7555,-141.0,-163.39
7556,-200.0,-163.99
7557,-146.0,-163.53
7558,-140.0,-163.11
7559,-138.0,-162.58
7560,-140.0,-162.37
7561,-148.0,-161.91
7562,-186.0,-162.16
7563,-177.0,-162.0
7564,-179.0,-161.84
7565,-200.0,-162.42
7566,-200.0,-162.44
7567,-200.0,-162.84
7568,-144.0,-162.37
7569,-149.0,-161.9
7570,-138.0,-161.78
7571,-200.0,-161.85
7572,-200.0,-161.87
7573,-200.0,-162.4
7574,-200.0,-162.42
7575,-152.0,-161.96
7576,-197.0,-161.95
7577,-200.0,-162.07
7578,-200.0,-162.56
7579,-169.0,-162.74
7580,-196.0,-163.16
7581,-186.0,-163.5
7582,-187.0,-163.47
7583,-172.0,-163.72
7584,-181.0,-163.63
7585,-191.0,-164.04
7586,-178.0,-163.94
7587,-194.0,-164.34
7588,-182.0,-164.16
7589,-188.0,-164.12
7590,-185.0,-163.97
7591,-183.0,-164.3
7592,-119.0,-163.86
7593,-175.0,-164.18
7594,-182.0,-164.08
7595,-176.0,-164.22
7596,-122.0,-164.0
7597,-190.0,-164.44
7598,-152.0,-164.44
7599,-165.0,-164.57
7600,-163.0,-164.62
7601,-193.0,-165.12
7602,-141.0,-165.07
7603,-184.0,-165.47
7604,-195.0,-166.0
7605,-146.0,-165.91
7606,-141.0,-165.88
7607,-121.0,-165.6
7608,-200.0,-166.05
7609,-121.0,-165.82
7610,-144.0,-165.67
7611,-123.0,-165.41
7612,-120.0,-164.8
7613,-143.0,-164.23
7614,-151.0,-164.0
7615,-122.0,-163.77
7616,-153.0,-163.67
7617,-200.0,-164.24
7618,-160.0,-164.29
7619,-142.0,-163.92
7620,-118.0,-163.56
7621,-118.0,-163.29
7622,-150.0,-163.33
7623,-117.0,-163.03
7624,-117.0,-162.76
7625,-160.0,-162.64
7626,-147.0,-162.52
7627,-118.0,-162.26
7628,-200.0,-162.78
7629,-144.0,-162.76
7630,-156.0,-162.69
7631,-117.0,-161.86
7632,-117.0,-161.46
7633,-119.0,-161.11
7634,-120.0,-160.7
7635,-150.0,-160.72
7636,-159.0,-160.85
7637,-151.0,-160.83
7638,-118.0,-160.27
7639,-134.0,-160.14
7640,-116.0,-159.59
7641,-115.0,-158.96
7642,-115.0,-158.5
7643,-146.0,-158.52
7644,-150.0,-158.58
7645,-118.0,-158.0
7646,-158.0,-158.17
7647,-147.0,-157.91
7648,-119.0,-157.1
7649,-147.0,-157.07
7650,-113.0,-156.82
7651,-121.0,-156.33
7652,-114.0,-156.06
7653,-142.0,-156.09
7654,-118.0,-155.8
7655,-159.0,-155.98
7656,-158.0,-155.56
7657,-115.0,-155.25
7658,-147.0,-155.32
7659,-155.0,-155.49
7660,-151.0,-155.6
7661,-117.0,-155.29
7662,-147.0,-154.9
7663,-149.0,-154.62
7664,-116.0,-153.99
7665,-148.0,-153.47
7666,-119.0,-152.66
7667,-149.0,-152.15
7668,-117.0,-151.88
7669,-145.0,-151.84
7670,-164.0,-152.1
7671,-149.0,-151.59
7672,-116.0,-150.75
7673,-171.0,-150.46
7674,-150.0,-149.96
7675,-117.0,-149.61
7676,-200.0,-149.64
7677,-117.0,-148.81
7678,-118.0,-147.99
7679,-116.0,-147.46
7680,-146.0,-146.96
7681,-114.0,-146.24
7682,-114.0,-145.51
7683,-150.0,-145.29
7684,-146.0,-144.94
7685,-115.0,-144.18
7686,-115.0,-143.55
7687,-116.0,-142.77
7688,-169.0,-142.64
7689,-145.0,-142.21
7690,-110.0,-141.46
7691,-120.0,-140.83
7692,-155.0,-141.19
7693,-118.0,-140.62
7694,-125.0,-140.05
7695,-139.0,-139.68
7696,-143.0,-139.89
7697,-116.0,-139.15
7698,-147.0,-139.1
7699,-120.0,-138.65
7700,-165.0,-138.67
7701,-200.0,-138.74
7702,-160.0,-138.93
7703,-138.0,-138.47
7704,-117.0,-137.69
7705,-113.0,-137.36
7706,-149.0,-137.44
7707,-152.0,-137.75
7708,-144.0,-137.19
7709,-122.0,-137.2
7710,-136.0,-137.12
7711,-164.0,-137.53
7712,-155.0,-137.88
7713,-147.0,-137.92
7714,-141.0,-137.82
7715,-128.0,-137.88
7716,-124.0,-137.59
7717,-134.0,-136.93
7718,-128.0,-136.61
7719,-128.0,-136.47
7720,-149.0,-136.78
7721,-150.0,-137.1
7722,-119.0,-136.79
7723,-142.0,-137.04
7724,-142.0,-137.29
7725,-152.0,-137.21
7726,-120.0,-136.94
7727,-200.0,-137.76
7728,-139.0,-137.15
7729,-161.0,-137.32
7730,-125.0,-137.01
7731,-130.0,-137.14
7732,-161.0,-137.58
7733,-159.0,-137.98
7734,-195.0,-138.73
7735,-200.0,-139.23
7736,-193.0,-139.57
7737,-190.0,-139.96
7738,-158.0,-140.36
7739,-160.0,-140.62
7740,-200.0,-141.46
7741,-200.0,-142.31
7742,-200.0,-143.16
7743,-200.0,-143.7
7744,-187.0,-144.07
7745,-153.0,-144.42
7746,-186.0,-144.7
7747,-184.0,-145.07
7748,-184.0,-145.72
7749,-176.0,-146.01
7750,-152.0,-146.4
7751,-190.0,-147.09
7752,-199.0,-147.94
7753,-152.0,-148.04
7754,-200.0,-148.86
7755,-188.0,-149.15
7756,-186.0,-149.43
7757,-185.0,-150.13
7758,-182.0,-150.48
7759,-200.0,-150.93
7760,-200.0,-151.42
7761,-184.0,-152.09
7762,-179.0,-152.41
7763,-184.0,-152.76
7764,-200.0,-153.6
7765,-200.0,-154.12
7766,-200.0,-154.93
7767,-200.0,-155.44
7768,-200.0,-156.27
7769,-189.0,-156.71
7770,-200.0,-157.07
7771,-200.0,-157.58
7772,-153.0,-157.95
7773,-189.0,-158.13
7774,-186.0,-158.49
7775,-186.0,-159.18
7776,-182.0,-159.0
7777,-189.0,-159.72
7778,-200.0,-160.54
7779,-163.0,-161.01
7780,-154.0,-161.09
7781,-190.0,-161.85
7782,-157.0,-162.28
7783,-125.0,-162.03
7784,-194.0,-162.51
7785,-154.0,-162.9
7786,-200.0,-163.75
7787,-200.0,-164.59
7788,-200.0,-164.9
7789,-196.0,-165.41
7790,-200.0,-166.31
7791,-182.0,-166.93
7792,-186.0,-167.24
7793,-190.0,-167.96
7794,-148.0,-168.19
7795,-191.0,-168.71
7796,-183.0,-169.11
7797,-182.0,-169.77
7798,-200.0,-170.3
7799,-200.0,-171.1
7800,-193.0,-171.38
7801,-200.0,-171.38
7802,-200.0,-171.78
7803,-200.0,-172.4
7804,-200.0,-173.23
7805,-200.0,-174.1
7806,-200.0,-174.61
7807,-150.0,-174.59
7808,-200.0,-175.15
7809,-150.0,-175.43
7810,-192.0,-175.99
7811,-182.0,-176.17
7812,-200.0,-176.62
7813,-200.0,-177.15
7814,-179.0,-177.53
7815,-175.0,-178.0
7816,-168.0,-178.44
7817,-147.0,-178.57
7818,-184.0,-179.13
7819,-182.0,-179.67
7820,-200.0,-180.18
7821,-189.0,-180.57
7822,-181.0,-181.19
7823,-168.0,-181.45
7824,-200.0,-182.03
7825,-149.0,-182.0
7826,-178.0,-182.58
7827,-146.0,-182.04
7828,-164.0,-182.29
7829,-177.0,-182.45
7830,-167.0,-182.87
7831,-169.0,-183.26
7832,-149.0,-183.14
7833,-200.0,-183.55
7834,-176.0,-183.36
7835,-172.0,-183.08
7836,-149.0,-182.64
7837,-171.0,-182.45
7838,-147.0,-182.34
7839,-148.0,-182.22
7840,-192.0,-182.14
7841,-147.0,-181.61
7842,-149.0,-181.1
7843,-182.0,-180.92
7844,-148.0,-180.53
7845,-148.0,-180.48
7846,-150.0,-180.12
7847,-169.0,-179.97
7848,-150.0,-179.63
7849,-147.0,-179.34
7850,-147.0,-179.29
7851,-176.0,-179.15
7852,-147.0,-178.63
7853,-200.0,-179.11
7854,-162.0,-178.73
7855,-200.0,-178.85
7856,-151.0,-178.5
7857,-164.0,-178.29
7858,-148.0,-177.95
7859,-148.0,-177.43
7860,-168.0,-177.11
7861,-169.0,-176.96
7862,-170.0,-176.87
7863,-147.0,-176.5
7864,-177.0,-176.27
7865,-169.0,-175.96
7866,-149.0,-175.45
7867,-177.0,-175.22
7868,-148.0,-174.7
7869,-168.0,-174.49
7870,-200.0,-174.49
7871,-167.0,-174.16
7872,-175.0,-174.38
7873,-150.0,-173.99
7874,-165.0,-173.78
7875,-147.0,-173.39
7876,-173.0,-173.3
7877,-149.0,-172.9
7878,-150.0,-172.4
7879,-167.0,-172.44
7880,-169.0,-172.59
7881,-179.0,-172.48
7882,-170.0,-172.61
7883,-148.0,-172.84
7884,-183.0,-172.73
7885,-162.0,-172.81
7886,-149.0,-172.3
7887,-148.0,-171.78
7888,-172.0,-171.5
7889,-166.0,-171.2
7890,-157.0,-170.77
7891,-152.0,-170.47
7892,-165.0,-170.26
7893,-164.0,-170.0
7894,-150.0,-170.02
7895,-162.0,-169.73
7896,-149.0,-169.39
7897,-186.0,-169.43
7898,-151.0,-168.94
7899,-152.0,-168.46
7900,-151.0,-168.04
7901,-159.0,-167.63
7902,-151.0,-167.14
7903,-183.0,-166.97
7904,-150.0,-166.47
7905,-152.0,-165.99
7906,-154.0,-165.53
7907,-151.0,-165.54
7908,-158.0,-165.12
7909,-155.0,-165.17
7910,-152.0,-164.77
7911,-147.0,-164.42
7912,-175.0,-164.17
7913,-154.0,-163.71
7914,-150.0,-163.42
7915,-165.0,-163.32
7916,-146.0,-163.1
7917,-164.0,-163.27
7918,-189.0,-163.32
7919,-167.0,-163.17
7920,-150.0,-162.67
7921,-153.0,-162.31
7922,-176.0,-162.26
7923,-148.0,-162.06
7924,-176.0,-161.82
7925,-142.0,-161.75
7926,-175.0,-161.72
7927,-178.0,-162.04
7928,-153.0,-161.93
7929,-152.0,-161.68
7930,-183.0,-161.84
7931,-174.0,-161.89
7932,-154.0,-161.94
7933,-195.0,-161.89
7934,-157.0,-161.7
7935,-135.0,-161.33
7936,-200.0,-161.84
7937,-179.0,-161.92
7938,-195.0,-162.4
7939,-154.0,-162.46
7940,-200.0,-162.54
7941,-160.0,-162.67
7942,-200.0,-163.18
7943,-176.0,-163.12
7944,-149.0,-163.13
7945,-181.0,-163.46
7946,-170.0,-163.66
7947,-155.0,-163.52
7948,-132.0,-163.34
7949,-152.0,-163.39
7950,-152.0,-163.44
7951,-158.0,-163.26
7952,-151.0,-163.3
7953,-156.0,-162.86
7954,-155.0,-162.79
7955,-153.0,-162.32
7956,-136.0,-162.17
7957,-152.0,-162.05
7958,-180.0,-162.37
7959,-154.0,-162.43
7960,-151.0,-162.26
7961,-162.0,-162.19
7962,-154.0,-162.03
7963,-177.0,-162.33
7964,-156.0,-162.12
7965,-162.0,-162.05
7966,-183.0,-162.39
7967,-151.0,-162.13
7968,-154.0,-162.19
7969,-186.0,-162.37
7970,-193.0,-162.3
7971,-148.0,-162.11
7972,-153.0,-161.89
7973,-152.0,-161.91
7974,-149.0,-161.75
7975,-191.0,-162.19
7976,-150.0,-161.96
7977,-149.0,-161.96
7978,-149.0,-161.95
7979,-194.0,-162.22
7980,-176.0,-162.29
7981,-150.0,-162.0
7982,-186.0,-162.16
7983,-200.0,-162.68
7984,-148.0,-162.33
7985,-176.0,-162.47
7986,-186.0,-162.84
7987,-147.0,-162.83
7988,-179.0,-162.9
7989,-193.0,-163.17
7990,-153.0,-163.13
7991,-186.0,-163.47
7992,-142.0,-163.24
7993,-149.0,-163.09
7994,-136.0,-162.95
7995,-175.0,-163.08
7996,-145.0,-163.04
7997,-194.0,-163.12
7998,-146.0,-163.07
7999,-152.0,-163.07
8000,-159.0,-163.15
8001,-174.0,-163.3
8002,-184.0,-163.63
8003,-128.0,-163.08
8004,-181.0,-163.39
8005,-177.0,-163.64
8006,-183.0,-163.93
8007,-149.0,-163.91
8008,-195.0,-164.28
8009,-137.0,-164.1
8010,-135.0,-163.93
8011,-183.0,-164.29
8012,-178.0,-164.32
8013,-133.0,-164.11
8014,-148.0,-164.09
8015,-152.0,-163.96
8016,-154.0,-164.04
8017,-133.0,-163.73
8018,-137.0,-163.21
8019,-152.0,-163.06
8020,-149.0,-163.05
8021,-135.0,-162.87
8022,-154.0,-162.65
8023,-177.0,-162.94
8024,-174.0,-162.92
8025,-176.0,-163.26
8026,-174.0,-163.25
8027,-151.0,-162.98
8028,-147.0,-162.92
8029,-149.0,-162.89
8030,-161.0,-162.67
8031,-149.0,-162.42
8032,-151.0,-162.39
8033,-158.0,-162.02
8034,-135.0,-161.8
8035,-181.0,-162.26
8036,-174.0,-162.0
8037,-155.0,-161.76
8038,-176.0,-161.57
8039,-200.0,-162.03
8040,-173.0,-161.76
8041,-149.0,-161.65
8042,-135.0,-161.0
8043,-181.0,-161.05
8044,-177.0,-161.33
8045,-135.0,-160.87
8046,-128.0,-160.45
8047,-128.0,-160.18
8048,-200.0,-160.86
8049,-121.0,-160.55
8050,-161.0,-160.64
8051,-161.0,-160.67
8052,-148.0,-160.64
8053,-176.0,-160.84
8054,-183.0,-161.12
8055,-178.0,-161.37
8056,-174.0,-161.75
8057,-174.0,-161.97
8058,-132.0,-161.49
8059,-150.0,-161.45
8060,-130.0,-161.24
8061,-149.0,-161.11
8062,-172.0,-161.29
8063,-162.0,-161.14
8064,-154.0,-161.12
8065,-134.0,-160.84
8066,-150.0,-160.51
8067,-137.0,-160.37
8068,-137.0,-160.2
8069,-148.0,-159.82
8070,-147.0,-159.36
8071,-151.0,-159.39
8072,-152.0,-159.38
8073,-177.0,-159.63
8074,-149.0,-159.63
8075,-152.0,-159.24
8076,-148.0,-159.22
8077,-128.0,-159.01
8078,-142.0,-158.94
8079,-155.0,-158.55
8080,-138.0,-158.17
8081,-162.0,-158.29
8082,-126.0,-157.69
8083,-129.0,-156.98
8084,-200.0,-157.5
8085,-149.0,-157.23
8086,-173.0,-157.1
8087,-200.0,-157.63
8088,-156.0,-157.4
8089,-160.0,-157.07
8090,-129.0,-156.83
8091,-178.0,-156.75
8092,-183.0,-157.16
8093,-153.0,-157.2
8094,-140.0,-157.24
8095,-190.0,-157.39
8096,-137.0,-157.31
8097,-128.0,-156.65
8098,-166.0,-156.85
8099,-194.0,-157.27
8100,-160.0,-157.28
8101,-106.0,-156.6
8102,-149.0,-156.25
8103,-129.0,-156.26
8104,-113.0,-155.58
8105,-183.0,-155.64
8106,-167.0,-155.48
8107,-125.0,-155.24
8108,-149.0,-154.78
8109,-164.0,-155.05
8110,-151.0,-155.21
8111,-159.0,-154.97
8112,-161.0,-154.8
8113,-151.0,-154.98
8114,-175.0,-155.25
8115,-133.0,-155.06
8116,-149.0,-155.01
8117,-135.0,-155.03
8118,-123.0,-154.89
8119,-164.0,-155.01
8120,-116.0,-154.68
8121,-128.0,-154.61
8122,-170.0,-154.77
8123,-95.0,-153.95
8124,-124.0,-153.45
8125,-158.0,-153.27
8126,-163.0,-153.16
8127,-114.0,-152.79
8128,-131.0,-152.63
8129,-121.0,-152.35
8130,-160.0,-152.34
8131,-126.0,-152.11
8132,-132.0,-151.92
8133,-157.0,-151.91
8134,-164.0,-152.2
8135,-114.0,-151.53
8136,-124.0,-151.03
8137,-168.0,-151.16
8138,-147.0,-150.87
8139,-149.0,-150.36
8140,-98.0,-149.61
8141,-119.0,-149.31
8142,-155.0,-149.51
8143,-152.0,-149.22
8144,-130.0,-148.75
8145,-114.0,-148.54
8146,-150.0,-148.76
8147,-148.0,-148.96
8148,-154.0,-148.5
8149,-153.0,-148.82
8150,-124.0,-148.45
8151,-112.0,-147.96
8152,-148.0,-147.96
8153,-122.0,-147.42
8154,-150.0,-147.09
8155,-149.0,-146.8
8156,-158.0,-146.64
8157,-122.0,-146.12
8158,-150.0,-146.3
8159,-163.0,-146.43
8160,-147.0,-146.6
8161,-157.0,-146.68
8162,-163.0,-146.59
8163,-165.0,-146.62
8164,-117.0,-146.25
8165,-119.0,-146.1
8166,-100.0,-145.6
8167,-112.0,-145.35
8168,-93.0,-144.91
8169,-115.0,-144.58
8170,-95.0,-144.06
8171,-149.0,-144.04
8172,-180.0,-144.32
8173,-147.0,-144.02
8174,-117.0,-143.7
8175,-158.0,-143.76
8176,-116.0,-143.44
8177,-121.0,-143.37
8178,-114.0,-143.09
8179,-114.0,-142.68
8180,-114.0,-142.44
8181,-122.0,-142.04
8182,-96.0,-141.74
8183,-155.0,-142.0
8184,-159.0,-141.59
8185,-114.0,-141.24
8186,-112.0,-140.63
8187,-151.0,-140.14
8188,-112.0,-139.7
8189,-148.0,-139.58
8190,-152.0,-139.81
8191,-162.0,-139.65
8192,-114.0,-138.96
8193,-110.0,-138.53
8194,-123.0,-138.36
8195,-117.0,-137.63
8196,-116.0,-137.42
8197,-164.0,-137.78
8198,-103.0,-137.15
8199,-121.0,-136.42
8200,-119.0,-136.01
8201,-136.0,-136.31
8202,-158.0,-136.4
8203,-160.0,-136.71
8204,-145.0,-137.03
8205,-164.0,-136.84
8206,-153.0,-136.7
8207,-99.0,-136.44
8208,-164.0,-136.59
8209,-150.0,-136.45
8210,-152.0,-136.46
8211,-118.0,-136.05
8212,-149.0,-135.93
8213,-150.0,-135.92
8214,-150.0,-135.67
8215,-161.0,-135.95
8216,-149.0,-135.95
8217,-159.0,-136.19
8218,-101.0,-135.97
8219,-147.0,-135.8
8220,-125.0,-135.89
8221,-94.0,-135.55
8222,-121.0,-135.06
8223,-116.0,-135.27
8224,-186.0,-135.89
8225,-95.0,-135.26
8226,-128.0,-134.91
8227,-119.0,-134.96
8228,-130.0,-134.95
8229,-120.0,-134.94
8230,-94.0,-134.28
8231,-156.0,-134.58
8232,-147.0,-134.73
8233,-120.0,-134.36
8234,-122.0,-133.94
8235,-146.0,-134.26
8236,-157.0,-134.59
8237,-150.0,-134.41
8238,-118.0,-134.12
8239,-153.0,-134.16
8240,-148.0,-134.66
8241,-148.0,-134.95
8242,-152.0,-134.92
8243,-149.0,-134.89
8244,-155.0,-135.14
8245,-124.0,-135.24
8246,-115.0,-134.89
8247,-156.0,-134.97
8248,-164.0,-135.07
8249,-149.0,-135.03
8250,-180.0,-135.59
8251,-150.0,-135.97
8252,-152.0,-136.01
8253,-130.0,-136.09
8254,-97.0,-135.56
8255,-131.0,-135.38
8256,-133.0,-135.13
8257,-115.0,-135.06
8258,-163.0,-135.19
8259,-156.0,-135.12
8260,-156.0,-135.21
8261,-157.0,-135.21
8262,-128.0,-134.86
8263,-153.0,-134.74
8264,-174.0,-135.31
8265,-120.0,-135.32
8266,-119.0,-135.51
8267,-152.0,-135.91
8268,-125.0,-136.23
8269,-105.0,-136.13
8270,-118.0,-136.36
8271,-156.0,-136.43
8272,-123.0,-135.86
8273,-150.0,-135.89
8274,-160.0,-136.32
8275,-134.0,-136.08
8276,-94.0,-135.86
8277,-97.0,-135.62
8278,-158.0,-136.06
8279,-150.0,-136.42
8280,-157.0,-136.85
8281,-149.0,-137.12
8282,-120.0,-137.36
8283,-124.0,-137.05
8284,-151.0,-136.97
8285,-192.0,-137.75
8286,-153.0,-138.16
8287,-119.0,-137.84
8288,-149.0,-138.21
8289,-117.0,-137.9
8290,-133.0,-137.71
8291,-149.0,-137.58
8292,-157.0,-138.01
8293,-150.0,-138.41
8294,-163.0,-138.81
8295,-153.0,-139.17
8296,-100.0,-139.01
8297,-176.0,-139.13
8298,-150.0,-139.6
8299,-161.0,-140.0
8300,-156.0,-140.37
8301,-166.0,-140.67
8302,-120.0,-140.29
8303,-154.0,-140.23
8304,-163.0,-140.41
8305,-129.0,-140.06
8306,-129.0,-139.82
8307,-130.0,-140.13
8308,-157.0,-140.06
8309,-149.0,-140.05
8310,-126.0,-139.79
8311,-122.0,-139.83
8312,-157.0,-139.91
8313,-130.0,-139.71
8314,-124.0,-139.45
8315,-132.0,-139.16
8316,-189.0,-139.56
8317,-150.0,-139.47
8318,-130.0,-139.76
8319,-124.0,-139.53
8320,-148.0,-139.76
8321,-166.0,-140.48
8322,-99.0,-140.26
8323,-152.0,-140.62
8324,-165.0,-140.41
8325,-127.0,-140.73
8326,-126.0,-140.71
8327,-158.0,-141.1
8328,-150.0,-141.3
8329,-155.0,-141.65
8330,-119.0,-141.9
8331,-151.0,-141.85
8332,-101.0,-141.39
8333,-162.0,-141.81
8334,-184.0,-142.43
8335,-157.0,-142.54
8336,-155.0,-142.52
8337,-121.0,-142.23
8338,-128.0,-142.33
8339,-162.0,-142.42
8340,-200.0,-142.94
8341,-99.0,-142.45
8342,-154.0,-142.47
8343,-126.0,-142.24
8344,-160.0,-142.29
8345,-154.0,-142.59
8346,-146.0,-142.9
8347,-152.0,-142.86
8348,-159.0,-142.81
8349,-158.0,-142.9
8350,-133.0,-142.43
8351,-160.0,-142.53
8352,-130.0,-142.31
8353,-136.0,-142.37
8354,-191.0,-143.31
8355,-147.0,-143.47
8356,-155.0,-143.69
8357,-180.0,-144.34
8358,-157.0,-144.28
8359,-100.0,-143.72
8360,-102.0,-143.18
8361,-155.0,-143.16
8362,-171.0,-143.59
8363,-175.0,-143.81
8364,-156.0,-143.63
8365,-159.0,-144.02
8366,-154.0,-144.37
8367,-164.0,-144.49
8368,-180.0,-145.04
8369,-163.0,-145.62
8370,-175.0,-146.19
8371,-158.0,-146.21
8372,-163.0,-146.61
8373,-177.0,-146.88
8374,-129.0,-146.57
8375,-147.0,-146.7
8376,-152.0,-147.28
8377,-151.0,-147.82
8378,-161.0,-147.85
8379,-168.0,-148.03
8380,-184.0,-148.3
8381,-121.0,-148.02
8382,-183.0,-148.65
8383,-121.0,-148.62
8384,-163.0,-148.74
8385,-170.0,-148.52
8386,-158.0,-148.57
8387,-159.0,-148.97
8388,-158.0,-149.06
8389,-154.0,-149.43
8390,-163.0,-149.73
8391,-153.0,-149.77
8392,-168.0,-149.88
8393,-165.0,-150.03
8394,-151.0,-149.91
8395,-148.0,-149.86
8396,-162.0,-150.48
8397,-148.0,-150.2
8398,-185.0,-150.55
8399,-147.0,-150.41
8400,-151.0,-150.36
8401,-147.0,-150.17
8402,-148.0,-150.45
8403,-171.0,-150.62
8404,-151.0,-150.5
8405,-153.0,-150.74
8406,-128.0,-150.73
8407,-200.0,-151.43
8408,-158.0,-151.44
8409,-147.0,-151.42
8410,-152.0,-151.68
8411,-108.0,-151.54
8412,-163.0,-151.6
8413,-146.0,-151.76
8414,-179.0,-152.31
8415,-181.0,-152.8
8416,-158.0,-152.49
8417,-161.0,-152.6
8418,-176.0,-153.06
8419,-163.0,-153.45
8420,-169.0,-153.66
8421,-163.0,-153.63
8422,-146.0,-154.1
8423,-146.0,-154.04
8424,-180.0,-154.19
8425,-175.0,-154.67
8426,-146.0,-154.87
8427,-196.0,-155.25
8428,-170.0,-155.45
8429,-188.0,-155.78
8430,-150.0,-156.09
8431,-154.0,-156.12
8432,-160.0,-156.71
8433,-156.0,-156.65
8434,-146.0,-156.27
8435,-181.0,-156.51
8436,-149.0,-156.45
8437,-162.0,-156.86
8438,-167.0,-157.25
8439,-149.0,-157.12
8440,-154.0,-156.66
8441,-146.0,-157.13
8442,-171.0,-157.3
8443,-154.0,-157.58
8444,-175.0,-157.73
8445,-147.0,-157.66
8446,-163.0,-157.83
8447,-151.0,-157.82
8448,-198.0,-158.21
8449,-151.0,-158.14
8450,-146.0,-158.27
8451,-147.0,-158.14
8452,-158.0,-158.42
8453,-146.0,-158.52
8454,-168.0,-158.29
8455,-200.0,-158.82
8456,-161.0,-158.88
8457,-167.0,-158.75
8458,-147.0,-158.65
8459,-153.0,-159.18
8460,-160.0,-159.76
8461,-174.0,-159.95
8462,-153.0,-159.77
8463,-152.0,-159.54
8464,-169.0,-159.67
8465,-152.0,-159.6
8466,-171.0,-159.77
8467,-148.0,-159.61
8468,-170.0,-159.51
8469,-173.0,-159.61
8470,-160.0,-159.46
8471,-171.0,-159.59
8472,-153.0,-159.49
8473,-158.0,-159.3
8474,-167.0,-159.68
8475,-149.0,-159.7
8476,-154.0,-159.72
8477,-173.0,-159.94
8478,-149.0,-159.82
8479,-172.0,-159.86
8480,-181.0,-159.83
8481,-194.0,-160.56
8482,-155.0,-160.28
8483,-178.0,-160.85
8484,-147.0,-160.69
8485,-164.0,-160.63
8486,-190.0,-160.95
8487,-154.0,-160.9
8488,-182.0,-161.14
8489,-177.0,-161.37
8490,-159.0,-161.33
8491,-178.0,-161.58
8492,-194.0,-161.84
8493,-162.0,-161.81
8494,-152.0,-161.82
8495,-147.0,-161.81
8496,-162.0,-161.81
8497,-179.0,-162.12
8498,-161.0,-161.88
8499,-147.0,-161.88
8500,-200.0,-162.37
8501,-200.0,-162.9
8502,-153.0,-162.95
8503,-149.0,-162.73
8504,-200.0,-163.22
8505,-160.0,-163.29
8506,-149.0,-163.5
8507,-146.0,-162.96
8508,-200.0,-163.38
8509,-200.0,-163.91
8510,-178.0,-164.17
8511,-148.0,-164.57
8512,-148.0,-164.42
8513,-200.0,-164.96
8514,-146.0,-164.63
8515,-152.0,-164.34
8516,-149.0,-164.25
8517,-146.0,-164.1
8518,-150.0,-163.84
8519,-158.0,-163.79
8520,-148.0,-163.58
8521,-200.0,-163.95
8522,-200.0,-164.49
8523,-147.0,-164.5
8524,-200.0,-164.7
8525,-157.0,-164.52
8526,-200.0,-165.06
8527,-164.0,-164.74
8528,-146.0,-164.5
8529,-200.0,-164.62
8530,-146.0,-164.58
8531,-164.0,-164.68
8532,-155.0,-164.63
8533,-146.0,-164.53
8534,-145.0,-164.52
8535,-151.0,-164.22
8536,-152.0,-164.25
8537,-146.0,-164.09
8538,-146.0,-163.88
8539,-173.0,-164.12
8540,-160.0,-164.18
8541,-157.0,-164.29
8542,-146.0,-164.04
8543,-146.0,-163.96
8544,-156.0,-163.77
8545,-146.0,-163.76
8546,-146.0,-163.59
8547,-146.0,-163.54
8548,-156.0,-163.12
8549,-156.0,-163.17
8550,-161.0,-163.32
8551,-145.0,-163.3
8552,-148.0,-163.2
8553,-149.0,-163.23
8554,-157.0,-163.12
8555,-146.0,-162.58
8556,-145.0,-162.42
8557,-149.0,-162.24
8558,-154.0,-162.31
8559,-145.0,-162.23
8560,-146.0,-162.09
8561,-148.0,-161.83
8562,-156.0,-161.86
8563,-145.0,-161.79
8564,-149.0,-161.59
8565,-159.0,-161.66
8566,-148.0,-161.43
8567,-145.0,-161.4
8568,-156.0,-161.26
8569,-161.0,-161.14
8570,-159.0,-161.13
8571,-162.0,-161.04
8572,-150.0,-161.01
8573,-145.0,-160.88
8574,-146.0,-160.67
8575,-164.0,-160.82
8576,-146.0,-160.74
8577,-149.0,-160.5
8578,-171.0,-160.72
8579,-145.0,-160.45
8580,-152.0,-160.16
8581,-146.0,-159.68
8582,-148.0,-159.61
8583,-153.0,-159.36
8584,-161.0,-159.5
8585,-155.0,-159.41
8586,-145.0,-158.96
8587,-158.0,-159.0
8588,-147.0,-158.65
8589,-149.0,-158.37
8590,-146.0,-158.24
8591,-155.0,-158.01
8592,-156.0,-157.63
8593,-162.0,-157.63
8594,-149.0,-157.6
8595,-157.0,-157.7
8596,-149.0,-157.57
8597,-157.0,-157.35
8598,-162.0,-157.36
8599,-149.0,-157.38
8600,-157.0,-156.95
8601,-144.0,-156.39
8602,-159.0,-156.45
8603,-160.0,-156.56
8604,-147.0,-156.03
8605,-155.0,-155.98
8606,-163.0,-156.12
8607,-158.0,-156.24
8608,-144.0,-155.68
8609,-147.0,-155.15
8610,-153.0,-154.9
8611,-144.0,-154.86
8612,-144.0,-154.82
8613,-145.0,-154.27
8614,-153.0,-154.34
8615,-149.0,-154.31
8616,-146.0,-154.28
8617,-158.0,-154.4
8618,-161.0,-154.51
8619,-151.0,-154.44
8620,-158.0,-154.54
8621,-150.0,-154.04
8622,-144.0,-153.48
8623,-149.0,-153.5
8624,-161.0,-153.11
8625,-145.0,-152.99
8626,-146.0,-152.45
8627,-149.0,-152.3
8628,-150.0,-152.34
8629,-157.0,-151.91
8630,-145.0,-151.9
8631,-147.0,-151.73
8632,-146.0,-151.64
8633,-143.0,-151.61
8634,-144.0,-151.6
8635,-143.0,-151.52
8636,-144.0,-151.44
8637,-145.0,-151.43
8638,-147.0,-151.44
8639,-147.0,-151.18
8640,-143.0,-151.01
8641,-145.0,-150.89
8642,-145.0,-150.88
8643,-152.0,-150.94
8644,-149.0,-150.87
8645,-143.0,-150.84
8646,-148.0,-150.86
8647,-144.0,-150.84
8648,-143.0,-150.71
8649,-144.0,-150.59
8650,-159.0,-150.57
8651,-144.0,-150.56
8652,-159.0,-150.67
8653,-143.0,-150.61
8654,-144.0,-150.48
8655,-159.0,-150.61
8656,-143.0,-150.59
8657,-145.0,-150.55
8658,-149.0,-150.5
8659,-143.0,-150.48
8660,-144.0,-150.46
8661,-144.0,-150.42
8662,-144.0,-150.3
8663,-161.0,-150.46
8664,-146.0,-150.43
8665,-154.0,-150.38
8666,-146.0,-150.36
8667,-146.0,-150.37
8668,-145.0,-150.26
8669,-161.0,-150.26
8670,-146.0,-150.13
8671,-147.0,-149.98
8672,-146.0,-149.94
8673,-159.0,-150.08
8674,-145.0,-150.07
8675,-147.0,-149.9
8676,-144.0,-149.88
8677,-149.0,-149.88
8678,-147.0,-149.64
8679,-145.0,-149.64
8680,-144.0,-149.56
8681,-146.0,-149.56
8682,-144.0,-149.52
8683,-148.0,-149.47
8684,-144.0,-149.3
8685,-153.0,-149.28
8686,-147.0,-149.3
8687,-163.0,-149.35
8688,-150.0,-149.38
8689,-167.0,-149.56
8690,-164.0,-149.74
8691,-150.0,-149.69
8692,-150.0,-149.63
8693,-149.0,-149.5
8694,-165.0,-149.66
8695,-148.0,-149.57
8696,-151.0,-149.59
8697,-152.0,-149.54
8698,-150.0,-149.42
8699,-151.0,-149.44
8700,-154.0,-149.41
8701,-151.0,-149.48
8702,-150.0,-149.39
8703,-152.0,-149.31
8704,-154.0,-149.38
8705,-153.0,-149.36
8706,-153.0,-149.26
8707,-150.0,-149.18
8708,-151.0,-149.25
8709,-154.0,-149.32
8710,-154.0,-149.33
8711,-153.0,-149.42
8712,-150.0,-149.48
8713,-147.0,-149.5
8714,-168.0,-149.65
8715,-150.0,-149.66
8716,-151.0,-149.71
8717,-150.0,-149.63
8718,-155.0,-149.57
8719,-167.0,-149.73
8720,-151.0,-149.66
8721,-200.0,-150.16
8722,-151.0,-150.23
8723,-166.0,-150.4
8724,-200.0,-150.79
8725,-159.0,-150.93
8726,-151.0,-150.98
8727,-146.0,-150.95
8728,-158.0,-151.03
8729,-155.0,-151.01
8730,-150.0,-151.06
8731,-152.0,-151.11
8732,-168.0,-151.33
8733,-152.0,-151.42
8734,-154.0,-151.52
8735,-150.0,-151.59
8736,-162.0,-151.77
8737,-154.0,-151.86
8738,-147.0,-151.86
8739,-143.0,-151.82
8740,-151.0,-151.9
8741,-155.0,-152.0
8742,-160.0,-152.15
8743,-200.0,-152.63
8744,-200.0,-153.14
8745,-156.0,-153.27
8746,-156.0,-153.35
8747,-161.0,-153.52
8748,-159.0,-153.68
8749,-149.0,-153.73
8750,-154.0,-153.68
8751,-155.0,-153.79
8752,-150.0,-153.7
8753,-148.0,-153.75
8754,-154.0,-153.85
8755,-151.0,-153.77
8756,-150.0,-153.84
8757,-151.0,-153.9
8758,-150.0,-153.91
8759,-155.0,-154.03
8760,-148.0,-154.07
8761,-150.0,-154.13
8762,-160.0,-154.29
8763,-145.0,-154.13
8764,-146.0,-154.13
8765,-146.0,-154.05
8766,-144.0,-154.03
8767,-142.0,-153.99
8768,-140.0,-153.94
8769,-200.0,-154.33
8770,-140.0,-154.27
8771,-141.0,-154.21
8772,-156.0,-154.31
8773,-148.0,-154.2
8774,-160.0,-154.35
8775,-142.0,-154.3
8776,-163.0,-154.49
8777,-200.0,-155.0
8778,-148.0,-155.01
8779,-200.0,-155.56
8780,-161.0,-155.73
8781,-200.0,-156.27
8782,-200.0,-156.83
8783,-153.0,-156.88
8784,-200.0,-157.44
8785,-200.0,-157.91
8786,-200.0,-158.44
8787,-200.0,-158.81
8788,-200.0,-159.31
8789,-200.0,-159.64
8790,-200.0,-160.0
8791,-165.0,-160.15
8792,-149.0,-160.14
8793,-200.0,-160.65
8794,-200.0,-161.0
8795,-200.0,-161.52
8796,-200.0,-162.01
8797,-173.0,-162.22
8798,-177.0,-162.49
8799,-163.0,-162.61
8800,-171.0,-162.78
8801,-157.0,-162.84
8802,-144.0,-162.78
8803,-178.0,-163.04
8804,-156.0,-163.06
8805,-154.0,-163.07
8806,-154.0,-163.08
8807,-182.0,-163.4
8808,-175.0,-163.64
8809,-152.0,-163.62
8810,-150.0,-163.58
8811,-152.0,-163.57
8812,-142.0,-163.49
8813,-162.0,-163.64
8814,-150.0,-163.46
8815,-165.0,-163.61
8816,-155.0,-163.65
8817,-150.0,-163.65
8818,-156.0,-163.66
8819,-189.0,-163.88
8820,-147.0,-163.84
8821,-152.0,-163.36
8822,-146.0,-163.31
8823,-154.0,-163.19
8824,-167.0,-162.86
8825,-164.0,-162.91
8826,-156.0,-162.96
8827,-151.0,-163.01
8828,-153.0,-162.96
8829,-172.0,-163.13
8830,-161.0,-163.24
8831,-160.0,-163.32
8832,-133.0,-162.97
8833,-149.0,-162.94
8834,-159.0,-162.99
8835,-178.0,-163.27
8836,-145.0,-163.1
8837,-148.0,-163.04
8838,-148.0,-163.05
8839,-143.0,-163.05
8840,-164.0,-163.18
8841,-162.0,-163.25
8842,-161.0,-163.26
8843,-196.0,-163.22
8844,-181.0,-163.03
8845,-126.0,-162.73
8846,-160.0,-162.77
8847,-184.0,-163.0
8848,-126.0,-162.67
8849,-130.0,-162.48
8850,-155.0,-162.49
8851,-123.0,-162.17
8852,-156.0,-162.23
8853,-129.0,-162.04
8854,-151.0,-162.01
8855,-133.0,-161.83
8856,-159.0,-161.92
8857,-120.0,-161.61
8858,-182.0,-161.93
8859,-185.0,-162.23
8860,-169.0,-162.44
8861,-169.0,-162.63
8862,-154.0,-162.57
8863,-152.0,-162.64
8864,-154.0,-162.72
8865,-159.0,-162.85
8866,-125.0,-162.66
8867,-161.0,-162.85
8868,-161.0,-163.06
8869,-153.0,-162.59
8870,-152.0,-162.71
8871,-155.0,-162.85
8872,-152.0,-162.81
8873,-154.0,-162.87
8874,-150.0,-162.77
8875,-154.0,-162.89
8876,-151.0,-162.77
8877,-154.0,-162.31
8878,-147.0,-162.3
8879,-152.0,-161.82
8880,-157.0,-161.78
8881,-154.0,-161.32
8882,-145.0,-160.77
8883,-150.0,-160.74
8884,-152.0,-160.26
8885,-153.0,-159.79
8886,-148.0,-159.27
8887,-154.0,-158.81
8888,-146.0,-158.27
8889,-154.0,-157.81
8890,-150.0,-157.31
8891,-141.0,-157.07
8892,-151.0,-157.09
8893,-148.0,-156.57
8894,-149.0,-156.06
8895,-151.0,-155.57
8896,-120.0,-154.77
8897,-152.0,-154.56
8898,-141.0,-154.2
8899,-151.0,-154.08
8900,-150.0,-153.87
8901,-150.0,-153.8
8902,-149.0,-153.85
8903,-150.0,-153.57
8904,-149.0,-153.5
8905,-147.0,-153.43
8906,-138.0,-153.27
8907,-121.0,-152.66
8908,-157.0,-152.48
8909,-149.0,-152.45
8910,-153.0,-152.48
8911,-148.0,-152.44
8912,-141.0,-152.43
8913,-140.0,-152.21
8914,-150.0,-152.21
8915,-148.0,-152.04
8916,-137.0,-151.86
8917,-147.0,-151.83
8918,-152.0,-151.79
8919,-148.0,-151.38
8920,-135.0,-151.26
8921,-152.0,-151.26
8922,-151.0,-151.31
8923,-136.0,-151.13
8924,-128.0,-150.74
8925,-159.0,-150.69
8926,-154.0,-150.67
8927,-132.0,-150.48
8928,-148.0,-150.43
8929,-151.0,-150.22
8930,-145.0,-150.06
8931,-155.0,-150.01
8932,-155.0,-150.23
8933,-154.0,-150.28
8934,-153.0,-150.22
8935,-153.0,-149.97
8936,-155.0,-150.07
8937,-155.0,-150.14
8938,-137.0,-150.03
8939,-138.0,-149.98
8940,-141.0,-149.75
8941,-139.0,-149.52
8942,-154.0,-149.45
8943,-151.0,-149.0
8944,-163.0,-148.82
8945,-151.0,-149.07
8946,-126.0,-148.73
8947,-141.0,-148.3
8948,-157.0,-148.61
8949,-142.0,-148.73
8950,-146.0,-148.64
8951,-140.0,-148.81
8952,-146.0,-148.71
8953,-146.0,-148.88
8954,-136.0,-148.73
8955,-152.0,-148.92
8956,-200.0,-149.33
8957,-175.0,-149.88
8958,-166.0,-149.72
8959,-185.0,-149.72
8960,-154.0,-149.57
8961,-145.0,-149.33
8962,-149.0,-149.28
8963,-200.0,-149.76
8964,-147.0,-149.69
8965,-200.0,-150.1
8966,-137.0,-150.22
8967,-200.0,-150.61
8968,-154.0,-150.54
8969,-187.0,-150.88
8970,-200.0,-151.36
8971,-187.0,-151.68
8972,-156.0,-151.72
8973,-124.0,-151.42
8974,-159.0,-151.51
8975,-162.0,-151.59
8976,-165.0,-151.73
8977,-153.0,-151.72
8978,-159.0,-151.84
8979,-166.0,-151.98
8980,-121.0,-151.62
8981,-128.0,-151.36
8982,-153.0,-151.44
8983,-128.0,-151.22
8984,-132.0,-151.02
8985,-175.0,-151.24
8986,-150.0,-151.26
8987,-153.0,-151.25
8988,-150.0,-151.29
8989,-161.0,-151.36
8990,-128.0,-151.14
8991,-179.0,-151.52
8992,-136.0,-151.37
8993,-150.0,-151.39
8994,-166.0,-151.56
8995,-148.0,-151.53
8996,-168.0,-152.01
8997,-147.0,-151.96
8998,-200.0,-152.55
8999,-152.0,-152.56
9000,-149.0,-152.55
9001,-126.0,-152.31
9002,-155.0,-152.37
9003,-122.0,-152.09
9004,-150.0,-152.1
9005,-157.0,-152.2
9006,-157.0,-152.39
9007,-183.0,-153.01
9008,-155.0,-152.99
9009,-131.0,-152.81
9010,-152.0,-152.8
9011,-123.0,-152.55
9012,-147.0,-152.61
9013,-130.0,-152.51
9014,-148.0,-152.49
9015,-159.0,-152.6
9016,-124.0,-152.47
9017,-151.0,-152.51
9018,-149.0,-152.48
9019,-121.0,-152.21
9020,-149.0,-152.35
9021,-123.0,-152.06
9022,-167.0,-152.22
9023,-98.0,-151.84
9024,-158.0,-152.14
9025,-200.0,-152.55
9026,-156.0,-152.57
9027,-168.0,-152.93
9028,-127.0,-152.72
9029,-123.0,-152.44
9030,-120.0,-152.19
9031,-121.0,-151.85
9032,-133.0,-151.63
9033,-200.0,-152.09
9034,-130.0,-151.86
9035,-200.0,-152.33
9036,-132.0,-152.1
9037,-169.0,-152.24
9038,-200.0,-152.87
9039,-200.0,-153.49
9040,-148.0,-153.56
9041,-166.0,-153.83
9042,-139.0,-153.68
9043,-167.0,-153.84
9044,-162.0,-153.83
9045,-166.0,-153.98
9046,-166.0,-154.38
9047,-132.0,-154.29
9048,-181.0,-154.53
9049,-133.0,-154.44
9050,-130.0,-154.28
9051,-160.0,-154.48
9052,-133.0,-154.35
9053,-163.0,-154.52
9054,-161.0,-154.77
9055,-135.0,-154.6
9056,-175.0,-154.35
9057,-130.0,-153.9
9058,-130.0,-153.54
9059,-165.0,-153.34
9060,-134.0,-153.14
9061,-153.0,-153.22
9062,-122.0,-152.95
9063,-163.0,-152.58
9064,-146.0,-152.57
9065,-127.0,-151.84
9066,-179.0,-152.26
9067,-161.0,-151.87
9068,-136.0,-151.69
9069,-126.0,-151.08
9070,-150.0,-150.58
9071,-104.0,-149.75
9072,-130.0,-149.49
9073,-128.0,-149.53
9074,-121.0,-149.15
9075,-200.0,-149.53
9076,-123.0,-149.11
9077,-135.0,-148.93
9078,-103.0,-148.37
9079,-122.0,-147.93
9080,-159.0,-148.31
9081,-149.0,-148.52
9082,-172.0,-148.71
9083,-129.0,-148.72
9084,-125.0,-148.65
9085,-124.0,-148.14
9086,-163.0,-148.27
9087,-145.0,-148.19
9088,-147.0,-148.16
9089,-160.0,-148.15
9090,-150.0,-148.37
9091,-125.0,-147.83
9092,-129.0,-147.76
9093,-200.0,-148.26
9094,-161.0,-148.21
9095,-161.0,-148.34
9096,-122.0,-147.88
9097,-162.0,-148.03
9098,-158.0,-147.61
9099,-151.0,-147.6
9100,-167.0,-147.78
9101,-125.0,-147.77
9102,-127.0,-147.49
9103,-145.0,-147.72
9104,-156.0,-147.78
9105,-126.0,-147.47
9106,-145.0,-147.35
9107,-125.0,-146.77
9108,-150.0,-146.72
9109,-136.0,-146.77
9110,-124.0,-146.49
9111,-148.0,-146.74
9112,-159.0,-146.86
9113,-129.0,-146.85
9114,-125.0,-146.62
9115,-126.0,-146.29
9116,-144.0,-146.49
9117,-155.0,-146.53
9118,-160.0,-146.64
9119,-130.0,-146.73
9120,-158.0,-146.82
9121,-152.0,-147.11
9122,-124.0,-146.68
9123,-154.0,-147.24
9124,-154.0,-147.2
9125,-120.0,-146.4
9126,-124.0,-146.08
9127,-135.0,-145.75
9128,-128.0,-145.76
9129,-161.0,-146.14
9130,-160.0,-146.54
9131,-153.0,-146.86
9132,-152.0,-147.05
9133,-200.0,-147.05
9134,-156.0,-147.31
9135,-126.0,-146.57
9136,-160.0,-146.85
9137,-146.0,-146.62
9138,-155.0,-146.17
9139,-167.0,-145.84
9140,-129.0,-145.65
9141,-158.0,-145.57
9142,-100.0,-145.18
9143,-155.0,-145.06
9144,-137.0,-144.81
9145,-163.0,-144.78
9146,-99.0,-144.11
9147,-175.0,-144.54
9148,-177.0,-144.5
9149,-162.0,-144.79
9150,-147.0,-144.96
9151,-127.0,-144.63
9152,-99.0,-144.29
9153,-121.0,-143.87
9154,-122.0,-143.48
9155,-200.0,-144.13
9156,-107.0,-143.45
9157,-123.0,-143.38
9158,-178.0,-143.86
9159,-159.0,-143.8
9160,-170.0,-144.16
9161,-144.0,-144.07
9162,-123.0,-144.08
9163,-138.0,-143.83
9164,-125.0,-143.62
9165,-148.0,-143.83
9166,-126.0,-143.3
9167,-126.0,-142.95
9168,-142.0,-143.01
9169,-129.0,-143.04
9170,-174.0,-143.28
9171,-150.0,-143.74
9172,-153.0,-143.97
9173,-164.0,-144.33
9174,-149.0,-144.61
9175,-166.0,-144.27
9176,-171.0,-144.75
9177,-173.0,-145.13
9178,-172.0,-145.82
9179,-150.0,-146.1
9180,-149.0,-146.0
9181,-165.0,-146.16
9182,-164.0,-146.08
9183,-162.0,-146.41
9184,-146.0,-146.62
9185,-170.0,-147.08
9186,-152.0,-146.97
9187,-170.0,-147.22
9188,-178.0,-147.53
9189,-145.0,-147.38
9190,-171.0,-147.59
9191,-166.0,-148.0
9192,-102.0,-147.73
9193,-198.0,-147.71
9194,-164.0,-147.74
9195,-155.0,-147.68
9196,-148.0,-147.94
9197,-153.0,-147.85
9198,-147.0,-147.74
9199,-163.0,-147.86
9200,-147.0,-147.66
9201,-133.0,-147.74
9202,-143.0,-147.9
9203,-143.0,-147.88
9204,-124.0,-147.56
9205,-175.0,-148.05
9206,-146.0,-148.06
9207,-155.0,-148.36
9208,-152.0,-148.38
9209,-147.0,-148.49
9210,-168.0,-148.93
9211,-144.0,-148.89
9212,-147.0,-148.77
9213,-150.0,-148.98
9214,-145.0,-149.18
9215,-150.0,-149.42
9216,-165.0,-149.63
9217,-144.0,-149.52
9218,-171.0,-149.63
9219,-153.0,-149.86
9220,-145.0,-149.73
9221,-144.0,-149.65
9222,-147.0,-149.88
9223,-166.0,-150.0
9224,-159.0,-150.05
9225,-171.0,-150.56
9226,-176.0,-151.08
9227,-152.0,-151.25
9228,-143.0,-151.4
9229,-143.0,-151.22
9230,-155.0,-151.17
9231,-131.0,-150.95
9232,-156.0,-150.99
9233,-145.0,-150.44
9234,-158.0,-150.46
9235,-172.0,-150.92
9236,-200.0,-151.32
9237,-147.0,-151.33
9238,-135.0,-151.13
9239,-159.0,-151.05
9240,-163.0,-151.39
9241,-155.0,-151.36
9242,-155.0,-151.91
9243,-180.0,-152.16
9244,-141.0,-152.2
9245,-147.0,-152.04
9246,-135.0,-152.4
9247,-142.0,-152.07
9248,-144.0,-151.74
9249,-142.0,-151.54
9250,-142.0,-151.49
9251,-151.0,-151.73
9252,-142.0,-152.16
9253,-155.0,-152.5
9254,-137.0,-152.65
9255,-142.0,-152.07
9256,-143.0,-152.43
9257,-159.0,-152.79
9258,-200.0,-153.01
9259,-141.0,-152.83
9260,-131.0,-152.44
9261,-141.0,-152.41
9262,-147.0,-152.65
9263,-140.0,-152.67
9264,-151.0,-152.93
9265,-120.0,-152.65
9266,-128.0,-152.67
9267,-142.0,-152.83
9268,-141.0,-152.82
9269,-129.0,-152.82
9270,-200.0,-153.08
9271,-122.0,-152.8
9272,-148.0,-152.75
9273,-132.0,-152.43
9274,-145.0,-152.39
9275,-150.0,-152.23
9276,-155.0,-152.07
9277,-146.0,-151.8
9278,-131.0,-151.39
9279,-153.0,-151.42
9280,-143.0,-151.36
9281,-131.0,-151.02
9282,-121.0,-150.59
9283,-133.0,-150.3
9284,-122.0,-150.06
9285,-131.0,-149.67
9286,-145.0,-149.6
9287,-157.0,-149.47
9288,-147.0,-149.16
9289,-148.0,-149.19
9290,-149.0,-148.97
9291,-118.0,-148.49
9292,-118.0,-148.65
9293,-135.0,-148.02
9294,-163.0,-148.01
9295,-151.0,-147.97
9296,-157.0,-148.06
9297,-128.0,-147.81
9298,-128.0,-147.62
9299,-125.0,-147.24
9300,-150.0,-147.27
9301,-135.0,-147.29
9302,-153.0,-147.39
9303,-152.0,-147.48
9304,-160.0,-147.84
9305,-150.0,-147.59
9306,-148.0,-147.61
9307,-164.0,-147.7
9308,-150.0,-147.68
9309,-154.0,-147.75
9310,-157.0,-147.64
9311,-130.0,-147.5
9312,-125.0,-147.28
9313,-163.0,-147.41
9314,-128.0,-147.24
9315,-149.0,-147.23
9316,-169.0,-147.27
9317,-130.0,-147.13
9318,-155.0,-146.97
9319,-135.0,-146.79
9320,-132.0,-146.66
9321,-163.0,-146.85
9322,-128.0,-146.66
9323,-132.0,-146.32
9324,-123.0,-145.96
9325,-171.0,-145.96
9326,-126.0,-145.46
9327,-166.0,-145.6
9328,-167.0,-145.84
9329,-135.0,-145.76
9330,-129.0,-145.5
9331,-169.0,-145.88
9332,-200.0,-146.32
9333,-163.0,-146.5
9334,-133.0,-146.25
9335,-125.0,-145.78
9336,-148.0,-145.26
9337,-135.0,-145.14
9338,-172.0,-145.51
9339,-178.0,-145.7
9340,-168.0,-145.75
9341,-130.0,-145.5
9342,-131.0,-145.26
9343,-133.0,-144.79
9344,-163.0,-145.01
9345,-159.0,-145.13
9346,-173.0,-145.51
9347,-143.0,-145.52
9348,-161.0,-145.69
9349,-129.0,-145.56
9350,-172.0,-145.86
9351,-200.0,-146.35
9352,-157.0,-146.5
9353,-126.0,-146.21
9354,-130.0,-146.14
9355,-152.0,-146.24
9356,-130.0,-146.11
9357,-126.0,-145.78
9358,-151.0,-145.29
9359,-150.0,-145.38
9360,-127.0,-145.34
9361,-162.0,-145.55
9362,-189.0,-145.97
9363,-167.0,-146.24
9364,-164.0,-146.37
9365,-127.0,-146.44
9366,-129.0,-146.45
9367,-166.0,-146.69
9368,-161.0,-146.89
9369,-122.0,-146.82
9370,-168.0,-146.5
9371,-133.0,-146.61
9372,-132.0,-146.45
9373,-157.0,-146.7
9374,-162.0,-146.87
9375,-164.0,-147.01
9376,-126.0,-146.72
9377,-132.0,-146.58
9378,-159.0,-146.86
9379,-132.0,-146.65
9380,-184.0,-147.06
9381,-156.0,-147.31
9382,-177.0,-147.87
9383,-133.0,-147.87
9384,-128.0,-147.93
9385,-128.0,-147.9
9386,-154.0,-147.99
9387,-124.0,-147.66
9388,-170.0,-147.89
9389,-126.0,-147.67
9390,-158.0,-147.76
9391,-164.0,-148.22
9392,-157.0,-148.61
9393,-162.0,-148.88
9394,-132.0,-148.57
9395,-126.0,-148.32
9396,-126.0,-148.01
9397,-170.0,-148.43
9398,-126.0,-148.41
9399,-158.0,-148.74
9400,-164.0,-148.88
9401,-167.0,-149.2
9402,-154.0,-149.21
9403,-129.0,-148.98
9404,-158.0,-148.96
9405,-157.0,-149.03
9406,-163.0,-149.18
9407,-123.0,-148.77
9408,-169.0,-148.96
9409,-172.0,-149.14
9410,-162.0,-149.19
9411,-160.0,-149.49
9412,-126.0,-149.5
9413,-159.0,-149.46
9414,-131.0,-149.49
9415,-159.0,-149.59
9416,-123.0,-149.13
9417,-131.0,-149.14
9418,-156.0,-149.15
9419,-161.0,-149.41
9420,-163.0,-149.72
9421,-160.0,-149.69
9422,-129.0,-149.7
9423,-162.0,-150.0
9424,-180.0,-150.57
9425,-169.0,-150.55
9426,-130.0,-150.59
9427,-188.0,-150.81
9428,-181.0,-150.95
9429,-123.0,-150.83
9430,-176.0,-151.3
9431,-157.0,-151.18
9432,-122.0,-150.4
9433,-165.0,-150.42
9434,-173.0,-150.82
9435,-163.0,-151.2
9436,-173.0,-151.45
9437,-121.0,-151.31
9438,-135.0,-150.94
9439,-165.0,-150.81
9440,-129.0,-150.42
9441,-158.0,-150.7
9442,-131.0,-150.7
9443,-132.0,-150.69
9444,-162.0,-150.68
9445,-126.0,-150.35
9446,-164.0,-150.26
9447,-161.0,-150.44
9448,-124.0,-150.07
9449,-129.0,-150.07
9450,-130.0,-149.65
9451,-159.0,-149.24
9452,-158.0,-149.25
9453,-169.0,-149.68
9454,-129.0,-149.67
9455,-177.0,-149.92
9456,-131.0,-149.93
9457,-158.0,-150.25
9458,-200.0,-150.74
9459,-132.0,-150.56
9460,-161.0,-150.9
9461,-167.0,-150.95
9462,-128.0,-150.34
9463,-126.0,-149.93
9464,-132.0,-149.61
9465,-172.0,-150.06
9466,-167.0,-150.44
9467,-165.0,-150.43
9468,-127.0,-150.09
9469,-171.0,-150.58
9470,-122.0,-150.12
9471,-151.0,-150.3
9472,-167.0,-150.65
9473,-122.0,-150.3
9474,-170.0,-150.38
9475,-127.0,-150.01
9476,-131.0,-150.06
9477,-160.0,-150.34
9478,-176.0,-150.51
9479,-160.0,-150.79
9480,-176.0,-150.71
9481,-157.0,-150.72
9482,-132.0,-150.27
9483,-133.0,-150.27
9484,-161.0,-150.6
9485,-158.0,-150.9
9486,-132.0,-150.68
9487,-138.0,-150.82
9488,-182.0,-150.94
9489,-127.0,-150.95
9490,-127.0,-150.64
9491,-160.0,-150.6
9492,-127.0,-150.3
9493,-165.0,-150.33
9494,-133.0,-150.34
9495,-151.0,-150.59
9496,-123.0,-150.56
9497,-155.0,-150.41
9498,-163.0,-150.78
9499,-122.0,-150.42
9500,-153.0,-150.31
9501,-149.0,-150.13
9502,-155.0,-150.14
9503,-150.0,-150.35
9504,-133.0,-150.1
9505,-127.0,-149.8
9506,-132.0,-149.49
9507,-131.0,-149.57
9508,-131.0,-149.19
9509,-154.0,-149.01
9510,-127.0,-148.66
9511,-125.0,-148.31
9512,-146.0,-148.51
9513,-152.0,-148.44
9514,-165.0,-148.78
9515,-160.0,-148.79
9516,-149.0,-149.05
9517,-200.0,-149.74
9518,-131.0,-149.49
9519,-153.0,-149.41
9520,-154.0,-149.32
9521,-157.0,-149.29
9522,-151.0,-149.51
9523,-156.0,-149.45
9524,-156.0,-149.21
9525,-129.0,-148.81
9526,-133.0,-148.84
9527,-158.0,-148.54
9528,-158.0,-148.31
9529,-157.0,-148.65
9530,-135.0,-148.24
9531,-157.0,-148.24
9532,-157.0,-148.59
9533,-127.0,-148.21
9534,-166.0,-148.14
9535,-128.0,-147.79
9536,-150.0,-147.56
9537,-152.0,-147.87
9538,-159.0,-148.11
9539,-146.0,-147.92
9540,-124.0,-147.87
9541,-154.0,-147.83
9542,-132.0,-147.84
9543,-126.0,-147.78
9544,-152.0,-147.68
9545,-168.0,-148.1
9546,-131.0,-147.77
9547,-131.0,-147.47
9548,-153.0,-147.76
9549,-126.0,-147.73
9550,-157.0,-148.0
9551,-130.0,-147.71
9552,-124.0,-147.37
9553,-135.0,-147.03
9554,-150.0,-147.24
9555,-128.0,-146.75
9556,-168.0,-147.12
9557,-166.0,-147.2
9558,-129.0,-146.49
9559,-147.0,-146.64
9560,-131.0,-146.34
9561,-125.0,-145.92
9562,-162.0,-146.26
9563,-146.0,-146.46
9564,-123.0,-146.37
9565,-149.0,-146.14
9566,-150.0,-145.97
9567,-153.0,-145.85
9568,-133.0,-145.91
9569,-154.0,-145.74
9570,-151.0,-146.03
9571,-152.0,-146.04
9572,-121.0,-145.58
9573,-123.0,-145.59
9574,-148.0,-145.37
9575,-127.0,-145.37
9576,-150.0,-145.56
9577,-151.0,-145.47
9578,-123.0,-144.94
9579,-149.0,-144.83
9580,-146.0,-144.53
9581,-149.0,-144.45
9582,-126.0,-144.39
9583,-131.0,-144.37
9584,-123.0,-143.99
9585,-200.0,-144.41
9586,-150.0,-144.59
9587,-146.0,-144.67
9588,-125.0,-144.1
9589,-129.0,-144.12
9590,-148.0,-144.33
9591,-148.0,-144.21
9592,-148.0,-144.42
9593,-125.0,-144.02
9594,-123.0,-143.92
9595,-128.0,-143.69
9596,-149.0,-143.95
9597,-145.0,-143.85
9598,-123.0,-143.45
9599,-125.0,-143.48
9600,-159.0,-143.54
9601,-127.0,-143.32
9602,-149.0,-143.26
9603,-141.0,-143.17
9604,-122.0,-143.06
9605,-124.0,-143.03
9606,-146.0,-143.17
9607,-151.0,-143.37
9608,-155.0,-143.61
9609,-148.0,-143.55
9610,-122.0,-143.5
9611,-137.0,-143.62
9612,-125.0,-143.41
9613,-159.0,-143.48
9614,-123.0,-143.06
9615,-157.0,-143.03
9616,-151.0,-143.05
9617,-126.0,-142.31
9618,-149.0,-142.49
9619,-125.0,-142.21
9620,-131.0,-141.98
9621,-129.0,-141.7
9622,-156.0,-141.75
9623,-126.0,-141.45
9624,-148.0,-141.37
9625,-153.0,-141.61
9626,-154.0,-141.82
9627,-151.0,-141.75
9628,-155.0,-141.72
9629,-128.0,-141.43
9630,-155.0,-141.63
9631,-124.0,-141.3
9632,-124.0,-140.97
9633,-141.0,-141.11
9634,-156.0,-141.01
9635,-156.0,-141.29
9636,-151.0,-141.3
9637,-164.0,-141.42
9638,-127.0,-141.1
9639,-164.0,-141.28
9640,-157.0,-141.61
9641,-124.0,-141.31
9642,-142.0,-141.41
9643,-153.0,-141.68
9644,-200.0,-142.16
9645,-151.0,-141.99
9646,-162.0,-142.3
9647,-125.0,-142.24
9648,-131.0,-142.02
9649,-167.0,-142.43
9650,-156.0,-142.42
9651,-178.0,-142.9
9652,-127.0,-142.93
9653,-122.0,-142.8
9654,-122.0,-142.52
9655,-127.0,-142.51
9656,-128.0,-142.11
9657,-123.0,-141.68
9658,-123.0,-141.62
9659,-155.0,-141.7
9660,-157.0,-141.96
9661,-161.0,-142.32
9662,-131.0,-142.01
9663,-157.0,-142.12
9664,-125.0,-142.14
9665,-130.0,-141.95
9666,-172.0,-142.17
9667,-158.0,-142.22
9668,-164.0,-142.53
9669,-159.0,-142.58
9670,-183.0,-142.9
9671,-142.0,-142.8
9672,-155.0,-143.14
9673,-130.0,-143.21
9674,-149.0,-143.22
9675,-147.0,-143.42
9676,-134.0,-143.26
9677,-153.0,-143.28
9678,-130.0,-143.35
9679,-134.0,-143.2
9680,-122.0,-142.96
9681,-131.0,-142.78
9682,-159.0,-143.11
9683,-125.0,-143.05
9684,-153.0,-143.35
9685,-131.0,-142.66
9686,-147.0,-142.63
9687,-126.0,-142.43
9688,-123.0,-142.41
9689,-121.0,-142.33
9690,-131.0,-142.16
9691,-145.0,-142.13
9692,-122.0,-141.87
9693,-129.0,-141.91
9694,-128.0,-141.96
9695,-162.0,-142.3
9696,-164.0,-142.45
9697,-122.0,-142.22
9698,-155.0,-142.54
9699,-161.0,-142.9
9700,-164.0,-142.95
9701,-149.0,-143.17
9702,-130.0,-142.98
9703,-123.0,-142.8
9704,-170.0,-143.28
9705,-123.0,-143.27
9706,-127.0,-143.08
9707,-125.0,-142.82
9708,-149.0,-142.76
9709,-126.0,-142.54
9710,-160.0,-142.92
9711,-155.0,-143.1
9712,-126.0,-143.11
9713,-169.0,-143.21
9714,-173.0,-143.71
9715,-164.0,-143.78
9716,-174.0,-144.01
9717,-187.0,-144.62
9718,-164.0,-144.77
9719,-175.0,-145.27
9720,-160.0,-145.56
9721,-152.0,-145.79
9722,-176.0,-145.99
9723,-200.0,-146.73
9724,-155.0,-146.8
9725,-172.0,-146.99
9726,-188.0,-147.33
9727,-153.0,-147.35
9728,-166.0,-147.46
9729,-192.0,-148.1
9730,-178.0,-148.33
9731,-155.0,-148.64
9732,-143.0,-148.83
9733,-145.0,-148.87
9734,-149.0,-148.8
9735,-152.0,-148.76
9736,-129.0,-148.54
9737,-122.0,-148.12
9738,-150.0,-148.35
9739,-189.0,-148.6
9740,-200.0,-149.03
9741,-154.0,-149.33
9742,-162.0,-149.53
9743,-200.0,-150.0
9744,-198.0,-149.98
9745,-162.0,-150.09
9746,-150.0,-149.97
9747,-154.0,-150.26
9748,-197.0,-150.92
9749,-168.0,-150.93
9750,-166.0,-151.03
9751,-160.0,-150.85
9752,-147.0,-151.05
9753,-200.0,-151.83
9754,-150.0,-152.11
9755,-149.0,-152.33
9756,-143.0,-152.48
9757,-143.0,-152.68
9758,-200.0,-153.45
9759,-163.0,-153.53
9760,-189.0,-153.85
9761,-169.0,-153.93
9762,-200.0,-154.62
9763,-153.0,-154.58
9764,-150.0,-154.83
9765,-164.0,-155.17
9766,-162.0,-155.07
9767,-166.0,-155.15
9768,-158.0,-155.09
9769,-155.0,-155.05
9770,-157.0,-154.79
9771,-157.0,-154.94
9772,-163.0,-155.02
9773,-167.0,-155.39
9774,-167.0,-155.57
9775,-156.0,-155.66
9776,-159.0,-155.91
9777,-151.0,-155.89
9778,-200.0,-156.59
9779,-200.0,-157.25
9780,-200.0,-158.03
9781,-168.0,-158.4
9782,-172.0,-158.53
9783,-143.0,-158.71
9784,-182.0,-159.0
9785,-169.0,-159.38
9786,-175.0,-159.66
9787,-124.0,-159.64
9788,-125.0,-159.66
9789,-141.0,-159.86
9790,-125.0,-159.8
9791,-177.0,-160.12
9792,-130.0,-160.2
9793,-132.0,-160.23
9794,-124.0,-160.19
9795,-157.0,-160.14
9796,-155.0,-160.05
9797,-123.0,-160.06
9798,-159.0,-160.1
9799,-173.0,-160.22
9800,-154.0,-160.12
9801,-142.0,-160.05
9802,-174.0,-160.49
9803,-143.0,-160.69
9804,-160.0,-160.59
9805,-159.0,-160.95
9806,-170.0,-161.38
9807,-124.0,-161.37
9808,-165.0,-161.53
9809,-159.0,-161.86
9810,-161.0,-161.87
9811,-157.0,-161.89
9812,-156.0,-162.19
9813,-181.0,-162.31
9814,-149.0,-162.07
9815,-131.0,-161.74
9816,-153.0,-161.53
9817,-153.0,-161.19
9818,-154.0,-161.09
9819,-125.0,-160.59
9820,-156.0,-160.55
9821,-132.0,-160.35
9822,-186.0,-160.45
9823,-155.0,-160.0
9824,-177.0,-160.22
9825,-158.0,-160.08
9826,-172.0,-159.92
9827,-150.0,-159.89
9828,-166.0,-159.89
9829,-130.0,-159.27
9830,-138.0,-158.87
9831,-124.0,-158.56
9832,-125.0,-158.38
9833,-175.0,-158.68
9834,-150.0,-158.69
9835,-133.0,-158.5
9836,-162.0,-158.83
9837,-127.0,-158.88
9838,-132.0,-158.7
9839,-132.0,-158.13
9840,-156.0,-157.69
9841,-123.0,-157.38
9842,-125.0,-157.01
9843,-154.0,-156.55
9844,-151.0,-156.08
9845,-152.0,-155.98
9846,-160.0,-156.08
9847,-167.0,-156.21
9848,-172.0,-155.96
9849,-132.0,-155.6
9850,-168.0,-155.62
9851,-159.0,-155.61
9852,-158.0,-155.72
9853,-125.0,-154.97
9854,-130.0,-154.77
9855,-163.0,-154.91
9856,-159.0,-155.07
9857,-140.0,-155.04
9858,-171.0,-154.75
9859,-168.0,-154.8
9860,-160.0,-154.51
9861,-178.0,-154.6
9862,-144.0,-154.04
9863,-171.0,-154.22
9864,-169.0,-154.41
9865,-138.0,-154.15
9866,-141.0,-153.94
9867,-159.0,-153.87
9868,-167.0,-153.96
9869,-170.0,-154.11
9870,-137.0,-153.91
9871,-140.0,-153.74
9872,-138.0,-153.49
9873,-185.0,-153.67
9874,-141.0,-153.41
9875,-139.0,-153.24
9876,-142.0,-153.07
9877,-200.0,-153.56
9878,-168.0,-153.24
9879,-164.0,-152.88
9880,-177.0,-152.65
9881,-171.0,-152.68
9882,-177.0,-152.73
9883,-176.0,-153.06
9884,-133.0,-152.57
9885,-178.0,-152.66
9886,-173.0,-152.64
9887,-184.0,-153.24
9888,-170.0,-153.69
9889,-183.0,-154.11
9890,-173.0,-154.59
9891,-137.0,-154.19
9892,-193.0,-154.82
9893,-175.0,-155.25
9894,-200.0,-156.01
9895,-171.0,-156.15
9896,-141.0,-156.01
9897,-164.0,-156.42
9898,-163.0,-156.46
9899,-176.0,-156.49
9900,-166.0,-156.61
9901,-166.0,-156.85
9902,-142.0,-156.53
9903,-133.0,-156.43
9904,-179.0,-156.62
9905,-134.0,-156.37
9906,-181.0,-156.48
9907,-140.0,-156.64
9908,-134.0,-156.33
9909,-171.0,-156.45
9910,-136.0,-156.2
9911,-136.0,-155.99
9912,-165.0,-156.08
9913,-182.0,-156.09
9914,-137.0,-155.97
9915,-177.0,-156.43
9916,-200.0,-156.9
9917,-200.0,-157.37
9918,-170.0,-157.53
9919,-131.0,-157.59
9920,-157.0,-157.6
9921,-135.0,-157.63
9922,-127.0,-157.04
9923,-166.0,-157.15
9924,-170.0,-157.08
9925,-140.0,-156.9
9926,-175.0,-156.93
9927,-198.0,-157.41
9928,-166.0,-157.41
9929,-176.0,-157.87
9930,-168.0,-158.17
9931,-136.0,-158.29
9932,-180.0,-158.84
9933,-176.0,-158.85
9934,-172.0,-159.07
9935,-173.0,-159.47
9936,-164.0,-159.49
9937,-129.0,-159.51
9938,-171.0,-159.9
9939,-139.0,-159.97
9940,-134.0,-159.75
9941,-140.0,-159.92
9942,-175.0,-160.42
9943,-166.0,-160.54
9944,-200.0,-161.03
9945,-182.0,-161.33
9946,-174.0,-161.47
9947,-181.0,-161.61
9948,-168.0,-161.57
9949,-129.0,-161.54
9950,-130.0,-161.16
9951,-180.0,-161.37
9952,-184.0,-161.63
9953,-172.0,-162.1
9954,-167.0,-162.47
9955,-179.0,-162.63
9956,-168.0,-162.72
9957,-184.0,-163.16
9958,-144.0,-162.89
9959,-200.0,-163.21
9960,-177.0,-163.38
9961,-178.0,-163.38
9962,-177.0,-163.71
9963,-144.0,-163.44
9964,-168.0,-163.43
9965,-142.0,-163.47
9966,-131.0,-163.37
9967,-130.0,-163.08
9968,-179.0,-163.2
9969,-141.0,-162.91
9970,-174.0,-163.28
9971,-167.0,-163.55
9972,-170.0,-163.87
9973,-172.0,-163.74
9974,-146.0,-163.79
9975,-145.0,-163.85
9976,-165.0,-164.08
9977,-141.0,-163.49
9978,-166.0,-163.47
9979,-167.0,-163.5
9980,-137.0,-163.1
9981,-141.0,-162.8
9982,-172.0,-162.75
9983,-136.0,-162.35
9984,-167.0,-162.69
9985,-173.0,-162.64
9986,-177.0,-162.68
9987,-178.0,-162.62
9988,-132.0,-162.24
9989,-175.0,-162.16
9990,-137.0,-161.8
9991,-161.0,-162.04
9992,-159.0,-161.7
9993,-132.0,-161.27
9994,-158.0,-160.85
9995,-168.0,-160.82
9996,-161.0,-161.02
9997,-139.0,-160.77
9998,-140.0,-160.54
9999,-160.0,-160.38
10000,-162.0,-160.34
10001,-179.0,-160.47
10002,-144.0,-160.49
10003,-157.0,-160.73
10004,-160.0,-160.54
10005,-133.0,-160.53
10006,-135.0,-160.07
10007,-162.0,-160.29
10008,-172.0,-160.67
10009,-176.0,-160.72
10010,-176.0,-161.12
10011,-132.0,-161.08
10012,-131.0,-160.74
10013,-152.0,-160.44
10014,-165.0,-160.72
10015,-174.0,-160.69
10016,-167.0,-160.36
10017,-156.0,-159.92
10018,-156.0,-159.78
10019,-141.0,-159.88
10020,-171.0,-160.02
10021,-159.0,-160.26
10022,-142.0,-160.41
10023,-167.0,-160.42
10024,-178.0,-160.5
10025,-166.0,-160.76
10026,-153.0,-160.54
10027,-143.0,-159.99
10028,-133.0,-159.66
10029,-159.0,-159.49
10030,-155.0,-159.36
10031,-143.0,-159.43
10032,-173.0,-159.36
10033,-143.0,-159.03
10034,-176.0,-159.07
10035,-153.0,-158.87
10036,-166.0,-158.89
10037,-135.0,-158.95
10038,-171.0,-158.95
10039,-135.0,-158.91
10040,-158.0,-159.15
10041,-137.0,-159.12
10042,-153.0,-158.9
10043,-110.0,-158.34
10044,-167.0,-158.01
10045,-130.0,-157.49
10046,-200.0,-157.75
10047,-102.0,-156.96
10048,-139.0,-156.67
10049,-155.0,-156.93
10050,-155.0,-157.18
10051,-143.0,-156.81
10052,-101.0,-155.98
10053,-154.0,-155.8
10054,-141.0,-155.54
10055,-142.0,-155.17
10056,-161.0,-155.1
10057,-164.0,-154.9
10058,-155.0,-155.01
10059,-106.0,-154.07
10060,-137.0,-153.67
10061,-101.0,-152.9
10062,-165.0,-152.78
10063,-163.0,-152.97
10064,-155.0,-152.84
10065,-155.0,-152.97
10066,-156.0,-153.22
10067,-166.0,-153.58
10068,-160.0,-153.39
10069,-167.0,-153.65
10070,-191.0,-153.82
10071,-132.0,-153.47
10072,-128.0,-153.05
10073,-167.0,-153.0
10074,-156.0,-153.1
10075,-135.0,-153.0
10076,-162.0,-152.97
10077,-109.0,-152.65
10078,-169.0,-152.68
10079,-109.0,-152.1
10080,-142.0,-152.15
10081,-136.0,-152.1
10082,-139.0,-151.77
10083,-148.0,-151.89
10084,-163.0,-151.85
10085,-182.0,-151.94
10086,-129.0,-151.46
10087,-147.0,-151.15
10088,-167.0,-151.5
10089,-142.0,-151.17
10090,-158.0,-151.38
10091,-165.0,-151.42
10092,-143.0,-151.26
10093,-136.0,-151.3
10094,-176.0,-151.48
10095,-174.0,-151.54
10096,-154.0,-151.47
10097,-156.0,-151.64
10098,-156.0,-151.8
10099,-169.0,-151.89
10100,-152.0,-151.79
10101,-164.0,-151.64
10102,-142.0,-151.62
10103,-189.0,-151.94
10104,-154.0,-151.88
10105,-156.0,-152.11
10106,-155.0,-152.31
10107,-200.0,-152.69
10108,-159.0,-152.56
10109,-150.0,-152.3
10110,-200.0,-152.54
10111,-163.0,-152.85
10112,-200.0,-153.54
10113,-200.0,-154.02
10114,-200.0,-154.37
10115,-156.0,-154.19
10116,-143.0,-153.95
10117,-200.0,-154.39
10118,-200.0,-154.83
10119,-200.0,-155.42
10120,-200.0,-155.71
10121,-200.0,-156.12
10122,-154.0,-156.24
10123,-200.0,-156.57
10124,-169.0,-156.48
10125,-200.0,-156.82
10126,-200.0,-157.29
10127,-151.0,-157.37
10128,-128.0,-157.32
10129,-200.0,-157.73
10130,-187.0,-158.05
10131,-157.0,-158.19
10132,-157.0,-158.03
10133,-178.0,-158.38
10134,-200.0,-158.62
10135,-166.0,-158.75
10136,-167.0,-158.76
10137,-153.0,-158.94
10138,-166.0,-158.89
10139,-200.0,-159.54
10140,-160.0,-159.56
10141,-198.0,-160.17
10142,-156.0,-160.2
10143,-166.0,-160.76
10144,-200.0,-161.09
10145,-168.0,-161.47
10146,-163.0,-161.1
10147,-200.0,-162.08
10148,-163.0,-162.32
10149,-156.0,-162.33
10150,-200.0,-162.78
10151,-200.0,-163.35
10152,-169.0,-164.03
10153,-200.0,-164.49
10154,-200.0,-165.08
10155,-156.0,-165.22
10156,-200.0,-165.61
10157,-169.0,-165.66
10158,-200.0,-166.11
10159,-151.0,-166.56
10160,-200.0,-167.19
10161,-200.0,-168.18
10162,-140.0,-167.93
10163,-156.0,-167.86
10164,-155.0,-167.86
10165,-138.0,-167.69
10166,-146.0,-167.59
10167,-167.0,-167.6
10168,-167.0,-167.67
10169,-166.0,-167.66
10170,-165.0,-167.4
10171,-143.0,-167.51
10172,-147.0,-167.7
10173,-144.0,-167.47
10174,-154.0,-167.45
10175,-105.0,-167.15
10176,-132.0,-166.85
10177,-140.0,-167.16
10178,-162.0,-167.09
10179,-155.0,-167.55
10180,-154.0,-167.67
10181,-176.0,-168.07
10182,-152.0,-168.2
10183,-200.0,-168.72
10184,-163.0,-168.72
10185,-200.0,-168.9
10186,-200.0,-169.61
10187,-162.0,-169.76
10188,-153.0,-169.62
10189,-181.0,-170.01
10190,-200.0,-170.43
10191,-200.0,-170.78
10192,-200.0,-171.35
10193,-141.0,-171.4
10194,-153.0,-171.17
10195,-173.0,-171.16
10196,-158.0,-171.2
10197,-152.0,-171.16
10198,-158.0,-171.18
10199,-200.0,-171.49
10200,-155.0,-171.52
10201,-160.0,-171.48
10202,-139.0,-171.45
10203,-175.0,-171.31
10204,-167.0,-171.44
10205,-200.0,-171.88
10206,-170.0,-172.03
10207,-200.0,-172.03
10208,-174.0,-172.18
10209,-197.0,-172.65
10210,-194.0,-172.59
10211,-200.0,-172.96
10212,-200.0,-172.96
10213,-154.0,-172.5
10214,-200.0,-172.5
10215,-200.0,-172.94
10216,-153.0,-173.04
10217,-155.0,-172.59
10218,-163.0,-172.22
10219,-166.0,-171.88
10220,-158.0,-171.46
10221,-200.0,-171.46
10222,-169.0,-171.61
10223,-166.0,-171.27
10224,-200.0,-171.58
10225,-156.0,-171.14
10226,-191.0,-171.05
10227,-200.0,-171.54
10228,-200.0,-172.26
10229,-200.0,-172.26
10230,-154.0,-171.93
10231,-198.0,-172.34
10232,-200.0,-172.77
10233,-200.0,-172.99
10234,-168.0,-172.67
10235,-200.0,-173.01
10236,-198.0,-173.32
10237,-200.0,-173.79
10238,-194.0,-174.07
10239,-200.0,-174.07
10240,-167.0,-174.14
10241,-200.0,-174.16
10242,-166.0,-174.26
10243,-200.0,-174.6
10244,-200.0,-174.6
10245,-193.0,-174.85
10246,-194.0,-175.16
10247,-200.0,-175.16
10248,-162.0,-175.15
10249,-200.0,-175.59
10250,-200.0,-175.59
10251,-162.0,-175.21
10252,-196.0,-175.48
10253,-198.0,-175.46
10254,-168.0,-175.14
10255,-197.0,-175.55
10256,-197.0,-175.52
10257,-200.0,-175.83
10258,-200.0,-175.83
10259,-198.0,-176.3
10260,-200.0,-176.3
10261,-200.0,-176.3
10262,-155.0,-176.45
10263,-166.0,-176.55
10264,-200.0,-177.0
10265,-197.0,-177.59
10266,-167.0,-177.8
10267,-200.0,-178.13
10268,-200.0,-178.46
10269,-198.0,-178.78
10270,-156.0,-178.69
10271,-195.0,-179.21
10272,-198.0,-179.72
10273,-191.0,-180.19
10274,-196.0,-180.61
10275,-157.0,-181.13
10276,-157.0,-181.38
10277,-188.0,-181.86
10278,-191.0,-182.15
10279,-157.0,-182.17
10280,-190.0,-182.53
10281,-150.0,-182.27
10282,-186.0,-182.61
10283,-190.0,-182.51
10284,-154.0,-182.42
10285,-189.0,-182.31
10286,-168.0,-181.99
10287,-191.0,-182.28
10288,-200.0,-182.75
10289,-156.0,-182.5
10290,-154.0,-182.04
10291,-156.0,-181.6
10292,-153.0,-181.13
10293,-191.0,-181.63
10294,-157.0,-181.67
10295,-189.0,-181.83
10296,-197.0,-182.22
10297,-157.0,-182.27
10298,-154.0,-182.23
10299,-193.0,-182.16
10300,-191.0,-182.52
10301,-152.0,-182.44
10302,-200.0,-183.05
10303,-200.0,-183.3
10304,-196.0,-183.59
10305,-189.0,-183.48
10306,-187.0,-183.65
10307,-157.0,-183.22
10308,-200.0,-183.48
10309,-153.0,-183.04
10310,-187.0,-182.97
10311,-152.0,-182.49
10312,-156.0,-182.05
10313,-191.0,-182.42
10314,-200.0,-182.42
10315,-165.0,-182.07
10316,-165.0,-182.19
10317,-156.0,-182.2
10318,-188.0,-182.45
10319,-155.0,-182.34
10320,-154.0,-182.3
10321,-185.0,-182.15
10322,-152.0,-181.98
10323,-155.0,-181.87
10324,-168.0,-181.55
10325,-158.0,-181.57
10326,-188.0,-181.54
10327,-146.0,-181.0
10328,-189.0,-180.89
10329,-155.0,-180.44
10330,-152.0,-180.42
10331,-154.0,-179.98
10332,-148.0,-179.46
10333,-151.0,-178.97
10334,-152.0,-178.81
10335,-144.0,-178.25
10336,-153.0,-177.8
10337,-149.0,-177.29
10338,-155.0,-176.9
10339,-190.0,-176.8
10340,-155.0,-176.68
10341,-162.0,-176.3
10342,-153.0,-176.17
10343,-185.0,-176.02
10344,-165.0,-175.67
10345,-145.0,-175.19
10346,-188.0,-175.13
10347,-153.0,-174.66
10348,-156.0,-174.6
10349,-152.0,-174.12
10350,-152.0,-173.64
10351,-151.0,-173.53
10352,-165.0,-173.22
10353,-154.0,-172.78
10354,-152.0,-172.62
10355,-152.0,-172.17
10356,-184.0,-172.04
10357,-150.0,-171.54
10358,-149.0,-171.03
10359,-150.0,-170.55
10360,-151.0,-170.06
10361,-161.0,-169.67
10362,-151.0,-169.63
10363,-150.0,-169.47
10364,-181.0,-169.28
10365,-151.0,-168.82
10366,-180.0,-168.95
10367,-152.0,-168.47
10368,-184.0,-168.31
10369,-188.0,-168.21
10370,-149.0,-168.14
10371,-151.0,-167.7
10372,-191.0,-167.63
10373,-151.0,-167.23
10374,-145.0,-166.72
10375,-142.0,-166.57
10376,-180.0,-166.8
10377,-185.0,-166.77
10378,-149.0,-166.35
10379,-150.0,-166.28
10380,-150.0,-165.88
10381,-154.0,-165.92
10382,-151.0,-165.57
10383,-150.0,-165.17
10384,-182.0,-165.45
10385,-185.0,-165.41
10386,-146.0,-165.19
10387,-146.0,-164.74
10388,-151.0,-164.25
10389,-185.0,-164.54
10390,-188.0,-164.88
10391,-184.0,-165.16
10392,-149.0,-165.12
10393,-187.0,-165.08
10394,-143.0,-164.94
10395,-193.0,-164.98
10396,-191.0,-164.92
10397,-187.0,-165.22
10398,-184.0,-165.52
10399,-150.0,-165.09
10400,-151.0,-164.69
10401,-187.0,-165.04
10402,-194.0,-164.98
10403,-188.0,-164.86
10404,-183.0,-164.73
10405,-149.0,-164.33
10406,-190.0,-164.36
10407,-151.0,-164.3
10408,-149.0,-163.79
10409,-163.0,-163.89
10410,-165.0,-163.67
10411,-192.0,-164.07
10412,-200.0,-164.51
10413,-185.0,-164.45
10414,-186.0,-164.31
10415,-149.0,-164.15
10416,-186.0,-164.36
10417,-187.0,-164.67
10418,-152.0,-164.31
10419,-145.0,-164.21
10420,-164.0,-164.31
10421,-151.0,-163.97
10422,-181.0,-164.26
10423,-192.0,-164.63
10424,-191.0,-164.86
10425,-164.0,-164.92
10426,-149.0,-164.53
10427,-150.0,-164.57
10428,-187.0,-164.55
10429,-149.0,-164.49
10430,-193.0,-164.9
10431,-151.0,-164.87
10432,-144.0,-164.83
10433,-152.0,-164.84
10434,-192.0,-165.24
10435,-150.0,-165.3
10436,-182.0,-165.59
10437,-152.0,-165.62
10438,-185.0,-165.92
10439,-156.0,-165.58
10440,-196.0,-165.99
10441,-191.0,-166.28
10442,-179.0,-166.54
10443,-187.0,-166.56
10444,-149.0,-166.4
10445,-187.0,-166.82
10446,-185.0,-166.79
10447,-178.0,-167.04
10448,-181.0,-167.29
10449,-178.0,-167.55
10450,-178.0,-167.81
10451,-185.0,-168.15
10452,-180.0,-168.3
10453,-154.0,-168.3
10454,-155.0,-168.33
10455,-183.0,-168.64
10456,-145.0,-168.25
10457,-152.0,-168.27
10458,-144.0,-168.22
10459,-150.0,-168.22
10460,-153.0,-168.24
10461,-180.0,-168.43
10462,-180.0,-168.72
10463,-164.0,-168.86
10464,-177.0,-168.82
10465,-181.0,-169.12
10466,-180.0,-169.12
10467,-166.0,-169.26
10468,-181.0,-169.23
10469,-154.0,-168.89
10470,-179.0,-169.19
10471,-151.0,-169.19
10472,-152.0,-168.8
10473,-163.0,-168.92
10474,-143.0,-168.9
10475,-152.0,-169.0
10476,-180.0,-169.0
10477,-180.0,-168.95
10478,-151.0,-168.97
10479,-180.0,-169.27
10480,-175.0,-169.52
10481,-176.0,-169.74
10482,-151.0,-169.74
10483,-154.0,-169.78
10484,-170.0,-169.66
10485,-145.0,-169.26
10486,-152.0,-169.32
10487,-175.0,-169.61
10488,-154.0,-169.64
10489,-144.0,-169.23
10490,-164.0,-168.99
10491,-177.0,-168.92
10492,-153.0,-168.96
10493,-155.0,-168.64
10494,-180.0,-169.01
10495,-178.0,-168.86
10496,-163.0,-168.58
10497,-153.0,-168.24
10498,-153.0,-167.93
10499,-149.0,-167.92
10500,-155.0,-167.96
10501,-144.0,-167.53
10502,-154.0,-167.13
10503,-179.0,-167.04
10504,-182.0,-167.03
10505,-166.0,-167.2
10506,-179.0,-167.09
10507,-181.0,-167.39
10508,-163.0,-167.53
10509,-188.0,-167.78
10510,-183.0,-167.96
10511,-181.0,-167.85
10512,-152.0,-167.37
10513,-166.0,-167.18
10514,-147.0,-166.79
10515,-178.0,-167.08
10516,-189.0,-167.11
10517,-145.0,-166.69
10518,-166.0,-166.83
10519,-151.0,-166.89
10520,-152.0,-166.77
10521,-181.0,-167.07
10522,-167.0,-166.93
10523,-185.0,-166.86
10524,-173.0,-166.68
10525,-153.0,-166.57
10526,-157.0,-166.65
10527,-170.0,-166.85
10528,-171.0,-166.69
10529,-185.0,-167.05
10530,-153.0,-166.65
10531,-178.0,-166.92
10532,-181.0,-167.29
10533,-145.0,-167.22
10534,-174.0,-167.04
10535,-156.0,-167.1
10536,-189.0,-167.17
10537,-152.0,-167.17
10538,-155.0,-166.87
10539,-159.0,-166.9
10540,-185.0,-166.79
10541,-172.0,-166.6
10542,-151.0,-166.32
10543,-192.0,-166.37
10544,-173.0,-166.61
10545,-159.0,-166.33
10546,-185.0,-166.33
10547,-175.0,-166.3
10548,-158.0,-166.07
10549,-168.0,-165.97
10550,-189.0,-166.08
10551,-182.0,-166.05
10552,-155.0,-165.8
10553,-155.0,-165.81
10554,-144.0,-165.7
10555,-156.0,-165.43
10556,-153.0,-165.51
10557,-177.0,-165.76
10558,-144.0,-165.76
10559,-176.0,-166.02
10560,-156.0,-166.05
10561,-154.0,-165.79
10562,-152.0,-165.51
10563,-151.0,-165.38
10564,-149.0,-165.1
10565,-172.0,-165.01
10566,-195.0,-165.16
10567,-173.0,-165.23
10568,-153.0,-164.95
10569,-179.0,-165.2
10570,-179.0,-165.2
10571,-153.0,-165.22
10572,-155.0,-165.25
10573,-156.0,-165.18
10574,-181.0,-165.56
10575,-193.0,-165.97
10576,-192.0,-166.09
10577,-194.0,-166.23
10578,-155.0,-166.27
10579,-157.0,-166.04
10580,-155.0,-165.84
10581,-184.0,-165.92
10582,-156.0,-165.97
10583,-154.0,-165.97
10584,-155.0,-165.82
10585,-183.0,-166.2
10586,-196.0,-166.64
10587,-184.0,-166.73
10588,-180.0,-166.99
10589,-194.0,-167.49
10590,-153.0,-167.38
10591,-155.0,-167.16
10592,-176.0,-167.39
10593,-152.0,-167.36
10594,-180.0,-167.36
10595,-155.0,-167.13
10596,-155.0,-167.05
10597,-180.0,-167.32
10598,-163.0,-167.42
10599,-170.0,-167.63
10600,-182.0,-167.9
10601,-153.0,-167.99
10602,-154.0,-167.99
10603,-173.0,-167.93
10604,-155.0,-167.66
10605,-154.0,-167.54
10606,-155.0,-167.3
10607,-162.0,-167.11
10608,-170.0,-167.18
10609,-179.0,-167.09
10610,-188.0,-167.14
10611,-143.0,-166.76
10612,-144.0,-166.68
10613,-152.0,-166.54
10614,-155.0,-166.62
10615,-168.0,-166.52
10616,-158.0,-166.21
10617,-170.0,-166.46
10618,-150.0,-166.3
10619,-172.0,-166.51
10620,-170.0,-166.69
10621,-170.0,-166.58
10622,-152.0,-166.43
10623,-171.0,-166.29
10624,-167.0,-166.23
10625,-164.0,-166.34
10626,-143.0,-166.2
10627,-188.0,-166.38
10628,-171.0,-166.38
10629,-171.0,-166.24
10630,-179.0,-166.5
10631,-148.0,-166.2
10632,-154.0,-165.93
10633,-153.0,-166.01
10634,-154.0,-165.81
10635,-185.0,-166.1
10636,-175.0,-165.96
10637,-169.0,-166.13
10638,-152.0,-166.1
10639,-178.0,-166.29
10640,-174.0,-166.18
10641,-153.0,-165.99
10642,-153.0,-166.01
10643,-156.0,-165.65
10644,-175.0,-165.67
10645,-179.0,-165.87
10646,-174.0,-165.76
10647,-156.0,-165.57
10648,-153.0,-165.52
10649,-173.0,-165.57
10650,-155.0,-165.23
10651,-154.0,-164.95
10652,-155.0,-164.95
10653,-176.0,-165.16
10654,-171.0,-165.43
10655,-172.0,-165.59
10656,-175.0,-165.81
10657,-173.0,-165.77
10658,-169.0,-166.02
10659,-170.0,-165.96
10660,-152.0,-165.92
10661,-169.0,-166.07
10662,-170.0,-166.25
10663,-149.0,-166.23
10664,-174.0,-166.48
10665,-176.0,-166.52
10666,-155.0,-166.12
10667,-146.0,-165.85
10668,-155.0,-165.87
10669,-153.0,-165.61
10670,-151.0,-165.33
10671,-185.0,-165.65
10672,-180.0,-165.9
10673,-188.0,-166.22
10674,-171.0,-166.12
10675,-155.0,-165.74
10676,-159.0,-165.41
10677,-169.0,-165.16
10678,-191.0,-165.52
10679,-155.0,-165.5
10680,-155.0,-165.5
10681,-174.0,-165.4
10682,-158.0,-165.42
10683,-155.0,-165.43
10684,-152.0,-165.4
10685,-168.0,-165.25
10686,-149.0,-164.78
10687,-150.0,-164.44
10688,-175.0,-164.39
10689,-181.0,-164.26
10690,-175.0,-164.48
10691,-154.0,-164.47
10692,-146.0,-164.17
10693,-157.0,-164.22
10694,-184.0,-164.26
10695,-172.0,-164.43
10696,-176.0,-164.64
10697,-168.0,-164.52
10698,-147.0,-164.36
10699,-165.0,-164.31
10700,-157.0,-164.06
10701,-156.0,-164.09
10702,-170.0,-164.25
10703,-153.0,-164.05
10704,-176.0,-164.26
10705,-150.0,-164.22
10706,-154.0,-164.21
10707,-173.0,-164.32
10708,-159.0,-164.21
10709,-154.0,-163.96
10710,-179.0,-163.87
10711,-171.0,-164.15
10712,-145.0,-164.16
10713,-143.0,-164.07
10714,-157.0,-164.09
10715,-163.0,-164.04
10716,-149.0,-163.95
10717,-177.0,-164.02
10718,-177.0,-164.29
10719,-179.0,-164.36
10720,-153.0,-164.19
10721,-147.0,-163.96
10722,-154.0,-163.98
10723,-145.0,-163.72
10724,-143.0,-163.48
10725,-146.0,-163.3
10726,-158.0,-163.45
10727,-146.0,-163.03
10728,-143.0,-162.75
10729,-155.0,-162.59
10730,-154.0,-162.34
10731,-146.0,-162.32
10732,-145.0,-162.23
10733,-147.0,-162.17
10734,-145.0,-162.08
10735,-161.0,-161.84
10736,-146.0,-161.55
10737,-143.0,-161.29
10738,-156.0,-161.33
10739,-174.0,-161.29
10740,-191.0,-161.46
10741,-187.0,-161.8
10742,-172.0,-161.99
10743,-172.0,-162.15
10744,-167.0,-162.07
10745,-170.0,-161.98
10746,-156.0,-161.8
10747,-161.0,-161.85
10748,-188.0,-162.2
10749,-177.0,-162.24
10750,-187.0,-162.56
10751,-193.0,-162.95
10752,-196.0,-163.36
10753,-168.0,-163.28
10754,-199.0,-163.56
10755,-188.0,-163.72
10756,-144.0,-163.41
10757,-144.0,-163.12
10758,-159.0,-163.02
10759,-185.0,-163.17
10760,-200.0,-163.65
10761,-182.0,-163.78
10762,-158.0,-163.66
10763,-195.0,-164.12
10764,-157.0,-163.95
10765,-194.0,-164.13
10766,-191.0,-164.49
10767,-154.0,-164.57
10768,-158.0,-164.6
10769,-186.0,-164.93
10770,-192.0,-165.34
10771,-188.0,-165.37
10772,-196.0,-165.53
10773,-161.0,-165.26
10774,-146.0,-165.01
10775,-148.0,-164.94
10776,-144.0,-164.79
10777,-144.0,-164.54
10778,-154.0,-164.17
10779,-146.0,-164.08
10780,-150.0,-164.03
10781,-143.0,-163.72
10782,-143.0,-163.57
10783,-147.0,-163.49
10784,-144.0,-163.41
10785,-156.0,-163.29
10786,-152.0,-163.32
10787,-200.0,-163.82
10788,-146.0,-163.53
10789,-150.0,-163.22
10790,-155.0,-163.02
10791,-155.0,-163.03
10792,-149.0,-163.06
10793,-200.0,-163.49
10794,-153.0,-163.18
10795,-150.0,-162.96
10796,-200.0,-163.2
10797,-154.0,-163.06
10798,-153.0,-163.12
10799,-166.0,-163.13
10800,-196.0,-163.52
10801,-196.0,-163.92
10802,-154.0,-163.76
10803,-195.0,-164.18
10804,-200.0,-164.42
10805,-148.0,-164.4
10806,-149.0,-164.35
10807,-200.0,-164.62
10808,-191.0,-164.94
10809,-200.0,-165.4
10810,-200.0,-165.61
10811,-200.0,-165.9
10812,-149.0,-165.94
10813,-148.0,-165.99
10814,-200.0,-166.42
10815,-193.0,-166.72
10816,-197.0,-167.2
10817,-200.0,-167.43
10818,-151.0,-167.17
10819,-150.0,-166.88
10820,-148.0,-166.83
10821,-200.0,-167.36
10822,-200.0,-167.82
10823,-153.0,-167.9
10824,-164.0,-168.11
10825,-150.0,-168.15
10826,-153.0,-168.1
10827,-150.0,-168.14
10828,-199.0,-168.7
10829,-200.0,-169.15
10830,-152.0,-169.13
10831,-151.0,-169.18
10832,-200.0,-169.73
10833,-151.0,-169.77
10834,-200.0,-170.32
10835,-159.0,-170.3
10836,-200.0,-170.84
10837,-200.0,-171.41
10838,-200.0,-171.85
10839,-152.0,-171.63
10840,-191.0,-171.63
10841,-167.0,-171.43
10842,-167.0,-171.38
10843,-157.0,-171.23
10844,-168.0,-171.24
10845,-199.0,-171.53
10846,-157.0,-171.54
10847,-160.0,-171.53
10848,-168.0,-171.33
10849,-160.0,-171.16
10850,-200.0,-171.29
10851,-200.0,-171.36
10852,-157.0,-170.97
10853,-200.0,-171.29
10854,-165.0,-170.95
10855,-163.0,-170.7
10856,-150.0,-170.76
10857,-156.0,-170.88
10858,-200.0,-171.29
10859,-166.0,-171.1
10860,-160.0,-170.7
10861,-163.0,-170.51
10862,-200.0,-170.93
10863,-200.0,-170.98
10864,-116.0,-170.57
10865,-162.0,-170.25
10866,-156.0,-169.9
10867,-157.0,-169.93
10868,-200.0,-170.35
10869,-200.0,-170.49
10870,-133.0,-169.9
10871,-160.0,-169.62
10872,-156.0,-169.22
10873,-176.0,-169.37
10874,-135.0,-169.26
10875,-114.0,-168.92
10876,-151.0,-168.99
10877,-139.0,-168.94
10878,-152.0,-168.92
10879,-159.0,-169.05
10880,-157.0,-169.12
10881,-149.0,-169.18
10882,-151.0,-169.26
10883,-137.0,-169.16
10884,-159.0,-169.31
10885,-139.0,-169.14
10886,-152.0,-169.14
10887,-200.0,-169.14
10888,-154.0,-169.22
10889,-164.0,-169.36
10890,-182.0,-169.63
10891,-200.0,-170.08
10892,-149.0,-170.08
10893,-150.0,-169.58
10894,-159.0,-169.64
10895,-157.0,-169.71
10896,-152.0,-169.23
10897,-154.0,-169.23
10898,-144.0,-169.14
10899,-116.0,-168.64
10900,-196.0,-168.64
10901,-117.0,-167.85
10902,-154.0,-167.85
10903,-200.0,-167.9
10904,-118.0,-167.08
10905,-200.0,-167.6
10906,-120.0,-167.31
10907,-200.0,-167.31
10908,-168.0,-167.08
10909,-115.0,-166.23
10910,-159.0,-165.82
10911,-153.0,-165.35
10912,-138.0,-165.24
10913,-153.0,-165.29
10914,-196.0,-165.25
10915,-157.0,-164.89
10916,-200.0,-164.92
10917,-140.0,-164.32
10918,-137.0,-164.18
10919,-161.0,-164.29
10920,-136.0,-164.17
10921,-164.0,-163.81
10922,-200.0,-163.81
10923,-157.0,-163.85
10924,-158.0,-163.79
10925,-157.0,-163.86
10926,-200.0,-164.33
10927,-156.0,-164.39
10928,-135.0,-163.75
10929,-200.0,-163.75
10930,-136.0,-163.59
10931,-132.0,-163.4
10932,-156.0,-162.96
10933,-133.0,-162.78
10934,-152.0,-162.3
10935,-167.0,-162.38
10936,-126.0,-161.64
10937,-151.0,-161.15
10938,-154.0,-160.69
10939,-147.0,-160.64
10940,-147.0,-160.2
10941,-139.0,-159.92
10942,-147.0,-159.72
10943,-151.0,-159.66
10944,-155.0,-159.53
10945,-150.0,-159.04
10946,-134.0,-158.81
10947,-144.0,-158.65
10948,-130.0,-158.27
10949,-157.0,-158.24
10950,-140.0,-157.64
10951,-140.0,-157.04
10952,-133.0,-156.8
10953,-137.0,-156.17
10954,-146.0,-155.98
10955,-200.0,-156.35
10956,-147.0,-156.32
10957,-151.0,-156.27
10958,-145.0,-155.72
10959,-133.0,-155.39
10960,-148.0,-155.27
10961,-121.0,-154.85
10962,-126.0,-154.11
10963,-112.0,-153.23
10964,-130.0,-153.37
10965,-145.0,-153.2
10966,-124.0,-152.88
10967,-159.0,-152.9
10968,-159.0,-152.49
10969,-150.0,-151.99
10970,-147.0,-152.13
10971,-117.0,-151.7
10972,-149.0,-151.63
10973,-149.0,-151.36
10974,-149.0,-151.5
10975,-149.0,-151.85
10976,-154.0,-151.88
10977,-146.0,-151.95
10978,-148.0,-151.91
10979,-114.0,-151.46
10980,-139.0,-151.28
10981,-146.0,-151.25
10982,-114.0,-150.88
10983,-146.0,-150.97
10984,-147.0,-150.85
10985,-122.0,-150.68
10986,-158.0,-150.74
10987,-158.0,-150.32
10988,-148.0,-150.26
10989,-148.0,-150.1
10990,-113.0,-149.41
10991,-138.0,-148.79
10992,-146.0,-148.76
10993,-115.0,-148.41
10994,-155.0,-148.37
10995,-149.0,-148.29
10996,-148.0,-148.25
10997,-117.0,-147.88
10998,-122.0,-147.66
10999,-120.0,-147.7
11000,-127.0,-147.01
11001,-147.0,-147.31
11002,-132.0,-147.09
11003,-145.0,-146.54
11004,-144.0,-146.8
11005,-146.0,-146.26
11006,-117.0,-146.23
11007,-147.0,-145.7
11008,-116.0,-145.18
11009,-113.0,-145.16
11010,-162.0,-145.19
11011,-119.0,-144.85
11012,-148.0,-144.95
11013,-120.0,-144.62
11014,-121.0,-143.87
11015,-136.0,-143.66
11016,-153.0,-143.19
11017,-131.0,-143.1
11018,-149.0,-143.22
11019,-124.0,-142.85
11020,-126.0,-142.75
11021,-149.0,-142.6
11022,-121.0,-141.81
11023,-147.0,-141.71
11024,-147.0,-141.6
11025,-161.0,-141.64
11026,-155.0,-141.19
11027,-150.0,-141.13
11028,-124.0,-141.02
11029,-141.0,-140.43
11030,-152.0,-140.59
11031,-117.0,-140.44
11032,-152.0,-140.4
11033,-129.0,-140.36
11034,-128.0,-140.12
11035,-159.0,-140.04
11036,-136.0,-140.14
11037,-115.0,-139.78
11038,-147.0,-139.71
11039,-132.0,-139.56
11040,-133.0,-139.42
11041,-159.0,-139.62
11042,-151.0,-139.66
11043,-125.0,-139.4
11044,-137.0,-139.22
11045,-151.0,-139.23
11046,-116.0,-139.05
11047,-160.0,-139.21
11048,-151.0,-139.42
11049,-147.0,-139.32
11050,-135.0,-139.27
11051,-124.0,-139.11
11052,-136.0,-139.14
11053,-149.0,-139.26
11054,-116.0,-138.96
11055,-157.0,-138.53
11056,-158.0,-138.64
11057,-153.0,-138.66
11058,-147.0,-138.68
11059,-160.0,-138.95
11060,-148.0,-138.95
11061,-127.0,-139.01
11062,-145.0,-139.2
11063,-130.0,-139.38
11064,-121.0,-139.29
11065,-145.0,-139.29
11066,-156.0,-139.61
11067,-156.0,-139.58
11068,-118.0,-139.17
11069,-161.0,-139.28
11070,-147.0,-139.28
11071,-150.0,-139.61
11072,-146.0,-139.58
11073,-146.0,-139.55
11074,-146.0,-139.52
11075,-129.0,-139.32
11076,-145.0,-139.23
11077,-149.0,-139.26
11078,-136.0,-139.14
11079,-118.0,-139.18
11080,-146.0,-139.25
11081,-123.0,-139.02
11082,-146.0,-139.34
11083,-147.0,-139.35
11084,-136.0,-139.24
11085,-147.0,-139.49
11086,-133.0,-139.24
11087,-146.0,-139.12
11088,-144.0,-139.08
11089,-137.0,-138.97
11090,-159.0,-139.43
11091,-149.0,-139.54
11092,-121.0,-139.29
11093,-200.0,-140.14
11094,-144.0,-140.03
11095,-143.0,-139.97
11096,-151.0,-140.0
11097,-147.0,-140.3
11098,-154.0,-140.62
11099,-146.0,-140.88
11100,-156.0,-141.17
11101,-146.0,-141.16
11102,-118.0,-141.02
11103,-158.0,-141.15
11104,-152.0,-141.23
11105,-135.0,-141.12
11106,-138.0,-141.33
11107,-146.0,-141.32
11108,-146.0,-141.62
11109,-132.0,-141.81
11110,-148.0,-141.67
11111,-133.0,-141.81
11112,-157.0,-141.9
11113,-148.0,-142.18
11114,-151.0,-142.48
11115,-151.0,-142.63
11116,-131.0,-142.41
11117,-163.0,-142.73
11118,-159.0,-142.83
11119,-120.0,-142.79
11120,-118.0,-142.71
11121,-144.0,-142.66
11122,-124.0,-142.69
11123,-149.0,-142.71
11124,-153.0,-142.77
11125,-147.0,-142.63
11126,-161.0,-142.69
11127,-120.0,-142.39
11128,-117.0,-142.32
11129,-146.0,-142.37
11130,-123.0,-142.08
11131,-157.0,-142.48
11132,-148.0,-142.44
11133,-149.0,-142.64
11134,-151.0,-142.87
11135,-153.0,-142.81
11136,-123.0,-142.68
11137,-118.0,-142.71
11138,-162.0,-142.86
11139,-129.0,-142.83
11140,-116.0,-142.66
11141,-152.0,-142.59
11142,-149.0,-142.57
11143,-126.0,-142.58
11144,-150.0,-142.71
11145,-150.0,-142.7
11146,-147.0,-143.01
11147,-150.0,-142.91
11148,-115.0,-142.55
11149,-117.0,-142.25
11150,-118.0,-142.08
11151,-149.0,-142.33
11152,-115.0,-142.12
11153,-115.0,-141.78
11154,-113.0,-141.75
11155,-145.0,-141.63
11156,-165.0,-141.7
11157,-157.0,-141.74
11158,-149.0,-141.76
11159,-114.0,-141.3
11160,-116.0,-140.98
11161,-116.0,-140.87
11162,-114.0,-140.56
11163,-148.0,-140.74
11164,-149.0,-141.02
11165,-115.0,-140.72
11166,-115.0,-140.31
11167,-116.0,-139.91
11168,-147.0,-140.2
11169,-116.0,-139.75
11170,-148.0,-139.76
11171,-156.0,-139.82
11172,-116.0,-139.52
11173,-145.0,-139.51
11174,-116.0,-139.21
11175,-146.0,-139.38
11176,-122.0,-139.15
11177,-123.0,-138.89
11178,-156.0,-139.09
11179,-148.0,-139.39
11180,-116.0,-139.09
11181,-150.0,-139.36
11182,-120.0,-139.1
11183,-150.0,-139.13
11184,-161.0,-139.38
11185,-134.0,-139.25
11186,-127.0,-139.19
11187,-115.0,-138.88
11188,-155.0,-138.99
11189,-123.0,-138.85
11190,-116.0,-138.42
11191,-117.0,-138.1
11192,-132.0,-138.21
11193,-154.0,-137.75
11194,-151.0,-137.82
11195,-149.0,-137.88
11196,-115.0,-137.52
11197,-117.0,-137.22
11198,-136.0,-137.04
11199,-116.0,-136.74
11200,-117.0,-136.35
11201,-133.0,-136.22
11202,-150.0,-136.54
11203,-146.0,-136.42
11204,-151.0,-136.41
11205,-161.0,-136.67
11206,-120.0,-136.49
11207,-115.0,-136.18
11208,-161.0,-136.33
11209,-149.0,-136.5
11210,-114.0,-136.16
11211,-149.0,-136.32
11212,-112.0,-135.87
11213,-150.0,-135.89
11214,-154.0,-135.92
11215,-114.0,-135.55
11216,-113.0,-135.37
11217,-149.0,-135.23
11218,-151.0,-135.15
11219,-162.0,-135.57
11220,-151.0,-135.9
11221,-155.0,-136.01
11222,-150.0,-136.27
11223,-149.0,-136.27
11224,-150.0,-136.24
11225,-147.0,-136.24
11226,-117.0,-135.8
11227,-148.0,-136.08
11228,-116.0,-136.07
11229,-152.0,-136.13
11230,-151.0,-136.41
11231,-154.0,-136.38
11232,-149.0,-136.39
11233,-115.0,-136.05
11234,-158.0,-136.12
11235,-114.0,-135.73
11236,-156.0,-136.06
11237,-156.0,-136.44
11238,-110.0,-135.92
11239,-152.0,-136.15
11240,-115.0,-136.14
11241,-163.0,-136.25
11242,-151.0,-136.27
11243,-114.0,-136.15
11244,-119.0,-135.84
11245,-115.0,-135.49
11246,-151.0,-135.53
11247,-149.0,-135.52
11248,-115.0,-135.52
11249,-114.0,-135.49
11250,-111.0,-135.42
11251,-152.0,-135.45
11252,-149.0,-135.79
11253,-158.0,-136.22
11254,-115.0,-136.24
11255,-152.0,-136.31
11256,-114.0,-135.8
11257,-115.0,-135.38
11258,-110.0,-134.99
11259,-112.0,-134.97
11260,-114.0,-134.95
11261,-115.0,-134.94
11262,-148.0,-135.28
11263,-118.0,-134.98
11264,-117.0,-134.66
11265,-112.0,-134.63
11266,-114.0,-134.62
11267,-148.0,-134.94
11268,-154.0,-135.01
11269,-113.0,-134.98
11270,-114.0,-134.64
11271,-114.0,-134.22
11272,-148.0,-134.54
11273,-111.0,-134.2
11274,-147.0,-134.51
11275,-111.0,-134.16
11276,-147.0,-134.41
11277,-148.0,-134.66
11278,-146.0,-134.56
11279,-115.0,-134.23
11280,-114.0,-134.21
11281,-157.0,-134.28
11282,-112.0,-134.2
11283,-155.0,-134.25
11284,-114.0,-133.78
11285,-115.0,-133.59
11286,-161.0,-133.93
11287,-149.0,-134.27
11288,-117.0,-133.89
11289,-117.0,-133.83
11290,-113.0,-133.8
11291,-148.0,-134.11
11292,-152.0,-134.31
11293,-156.0,-134.33
11294,-150.0,-134.32
11295,-117.0,-134.0
11296,-153.0,-134.38
11297,-110.0,-134.31
11298,-149.0,-134.44
11299,-114.0,-134.42
11300,-150.0,-134.75
11301,-112.0,-134.54
11302,-152.0,-134.56
11303,-165.0,-134.75
11304,-116.0,-134.4
11305,-111.0,-133.9
11306,-156.0,-134.26
11307,-111.0,-134.22
11308,-116.0,-133.77
11309,-114.0,-133.42
11310,-111.0,-133.39
11311,-155.0,-133.45
11312,-117.0,-133.5
11313,-155.0,-133.55
11314,-155.0,-133.56
11315,-158.0,-134.0
11316,-151.0,-134.38
11317,-119.0,-134.08
11318,-117.0,-133.74
11319,-148.0,-133.6
11320,-113.0,-133.22
11321,-111.0,-132.78
11322,-153.0,-132.81
11323,-117.0,-132.49
11324,-123.0,-132.22
11325,-113.0,-131.88
11326,-153.0,-132.24
11327,-152.0,-132.28
11328,-113.0,-132.25
11329,-114.0,-131.87
11330,-151.0,-131.87
11331,-114.0,-131.47
11332,-151.0,-131.49
11333,-114.0,-131.48
11334,-114.0,-131.04
11335,-164.0,-131.54
11336,-111.0,-131.09
11337,-145.0,-130.98
11338,-115.0,-131.03
11339,-112.0,-130.63
11340,-147.0,-130.95
11341,-160.0,-130.92
11342,-114.0,-130.55
11343,-152.0,-130.93
11344,-148.0,-131.22
11345,-146.0,-131.53
11346,-146.0,-131.48
11347,-114.0,-131.13
11348,-147.0,-131.45
11349,-158.0,-131.89
11350,-155.0,-132.33
11351,-145.0,-132.26
11352,-153.0,-132.3
11353,-113.0,-131.85
11354,-153.0,-132.23
11355,-155.0,-132.26
11356,-117.0,-132.29
11357,-148.0,-132.62
11358,-155.0,-133.07
11359,-112.0,-133.07
11360,-114.0,-133.07
11361,-114.0,-133.06
11362,-155.0,-133.13
11363,-158.0,-133.53
11364,-113.0,-133.49
11365,-150.0,-133.87
11366,-146.0,-134.19
11367,-148.0,-134.19
11368,-150.0,-134.15
11369,-114.0,-134.16
11370,-154.0,-134.56
11371,-152.0,-134.94
11372,-114.0,-134.6
11373,-153.0,-135.02
11374,-152.0,-135.07
11375,-158.0,-135.54
11376,-114.0,-135.21
11377,-116.0,-134.89
11378,-153.0,-134.96
11379,-151.0,-135.32
11380,-160.0,-135.78
11381,-152.0,-135.73
11382,-149.0,-136.1
11383,-155.0,-136.1
11384,-127.0,-136.23
11385,-117.0,-136.25
11386,-157.0,-136.21
11387,-154.0,-136.26
11388,-114.0,-136.23
11389,-111.0,-136.17
11390,-114.0,-136.18
11391,-146.0,-136.16
11392,-147.0,-136.11
11393,-114.0,-135.69
11394,-115.0,-135.34
11395,-115.0,-135.32
11396,-116.0,-134.95
11397,-149.0,-135.34
11398,-114.0,-134.99
11399,-113.0,-134.98
11400,-144.0,-134.92
11401,-114.0,-134.94
11402,-147.0,-134.89
11403,-145.0,-134.69
11404,-117.0,-134.7
11405,-149.0,-135.08
11406,-113.0,-134.65
11407,-111.0,-134.65
11408,-145.0,-134.94
11409,-146.0,-135.26
11410,-147.0,-135.62
11411,-115.0,-135.22
11412,-114.0,-135.19
11413,-117.0,-134.81
11414,-145.0,-134.71
11415,-144.0,-134.57
11416,-145.0,-134.51
11417,-147.0,-134.79
11418,-146.0,-135.08
11419,-113.0,-134.73
11420,-114.0,-134.74
11421,-146.0,-135.09
11422,-115.0,-134.71
11423,-116.0,-134.7
11424,-114.0,-134.61
11425,-117.0,-134.65
11426,-156.0,-134.68
11427,-150.0,-134.66
11428,-152.0,-135.05
11429,-154.0,-135.45
11430,-122.0,-135.16
11431,-117.0,-135.19
11432,-155.0,-135.23
11433,-150.0,-135.59
11434,-117.0,-135.62
11435,-157.0,-135.55
11436,-150.0,-135.94
11437,-152.0,-136.01
11438,-118.0,-136.04
11439,-153.0,-136.45
11440,-114.0,-136.12
11441,-115.0,-135.67
11442,-157.0,-136.1
11443,-117.0,-135.75
11444,-161.0,-135.88
11445,-152.0,-135.94
11446,-163.0,-136.11
11447,-112.0,-136.09
11448,-114.0,-135.76
11449,-164.0,-135.82
11450,-110.0,-135.37
11451,-114.0,-135.06
11452,-157.0,-135.1
11453,-144.0,-135.41
11454,-152.0,-135.4
11455,-114.0,-134.99
11456,-156.0,-135.38
11457,-143.0,-135.33
11458,-143.0,-135.21
11459,-152.0,-135.61
11460,-114.0,-135.61
11461,-110.0,-135.57
11462,-147.0,-135.49
11463,-114.0,-135.05
11464,-117.0,-135.09
11465,-161.0,-135.2
11466,-146.0,-135.2
11467,-114.0,-134.86
11468,-143.0,-134.79
11469,-155.0,-135.2
11470,-114.0,-134.8
11471,-113.0,-134.41
11472,-153.0,-134.8
11473,-114.0,-134.41
11474,-153.0,-134.42
11475,-147.0,-134.31
11476,-114.0,-134.31
11477,-114.0,-134.29
11478,-145.0,-134.21
11479,-144.0,-134.14
11480,-111.0,-133.65
11481,-147.0,-133.6
11482,-116.0,-133.27
11483,-148.0,-133.2
11484,-155.0,-133.48
11485,-114.0,-133.45
11486,-158.0,-133.46
11487,-146.0,-133.38
11488,-143.0,-133.67
11489,-118.0,-133.74
11490,-118.0,-133.78
11491,-155.0,-133.87
11492,-154.0,-133.94
11493,-117.0,-133.97
11494,-116.0,-133.98
11495,-145.0,-134.28
11496,-116.0,-134.28
11497,-116.0,-133.95
11498,-147.0,-134.28
11499,-151.0,-134.66
11500,-119.0,-134.41
11501,-145.0,-134.72
11502,-158.0,-134.83
11503,-115.0,-134.53
11504,-152.0,-134.88
11505,-145.0,-134.84
11506,-147.0,-135.18
11507,-144.0,-135.51
11508,-115.0,-135.21
11509,-110.0,-134.85
11510,-114.0,-134.52
11511,-115.0,-134.52
11512,-146.0,-134.84
11513,-114.0,-134.81
11514,-118.0,-134.54
11515,-159.0,-134.69
11516,-158.0,-134.82
11517,-114.0,-134.49
11518,-148.0,-134.51
11519,-115.0,-134.53
11520,-161.0,-135.0
11521,-114.0,-134.68
11522,-112.0,-134.65
11523,-151.0,-135.0
11524,-145.0,-135.31
11525,-146.0,-135.6
11526,-147.0,-135.51
11527,-111.0,-135.12
11528,-144.0,-135.04
11529,-116.0,-134.66
11530,-115.0,-134.59
11531,-117.0,-134.59
11532,-146.0,-134.5
11533,-127.0,-134.27
11534,-146.0,-134.56
11535,-155.0,-134.54
11536,-114.0,-134.18
11537,-146.0,-134.12
11538,-115.0,-134.09
11539,-115.0,-133.71
11540,-146.0,-134.03
11541,-144.0,-134.32
11542,-150.0,-134.25
11543,-157.0,-134.65
11544,-145.0,-134.49
11545,-153.0,-134.5
11546,-116.0,-134.03
11547,-115.0,-134.06
11548,-147.0,-134.39
11549,-144.0,-134.19
11550,-114.0,-134.23
11551,-144.0,-134.53
11552,-114.0,-134.1
11553,-114.0,-133.8
11554,-152.0,-133.8
11555,-114.0,-133.8
11556,-148.0,-133.72
11557,-111.0,-133.4
11558,-147.0,-133.44
11559,-111.0,-133.03
11560,-117.0,-133.06
11561,-149.0,-133.45
11562,-148.0,-133.46
11563,-114.0,-133.46
11564,-144.0,-133.73
11565,-149.0,-133.61
11566,-144.0,-133.59
11567,-139.0,-133.84
11568,-115.0,-133.56
11569,-120.0,-133.21
11570,-114.0,-133.21
11571,-144.0,-133.52
11572,-144.0,-133.43
11573,-145.0,-133.74
11574,-113.0,-133.34
11575,-116.0,-133.03
11576,-117.0,-133.06
11577,-117.0,-133.09
11578,-142.0,-133.06
11579,-146.0,-133.08
11580,-154.0,-133.51
11581,-114.0,-133.18
11582,-144.0,-133.46
11583,-116.0,-133.14
11584,-138.0,-132.97
11585,-117.0,-133.0
11586,-146.0,-132.88
11587,-115.0,-132.57
11588,-145.0,-132.59
11589,-142.0,-132.83
11590,-142.0,-133.07
11591,-117.0,-132.69
11592,-121.0,-132.36
11593,-114.0,-132.33
11594,-151.0,-132.68
11595,-145.0,-132.68
11596,-113.0,-132.65
11597,-113.0,-132.62
11598,-142.0,-132.57
11599,-144.0,-132.5
11600,-114.0,-132.45
11601,-142.0,-132.42
11602,-114.0,-131.98
11603,-145.0,-132.28
11604,-114.0,-131.9
11605,-115.0,-131.6
11606,-117.0,-131.3
11607,-116.0,-131.02
11608,-128.0,-131.15
11609,-144.0,-131.49
11610,-119.0,-131.54
11611,-145.0,-131.84
11612,-146.0,-131.84
11613,-145.0,-132.15
11614,-145.0,-132.42
11615,-116.0,-131.99
11616,-116.0,-131.57
11617,-114.0,-131.57
11618,-153.0,-131.62
11619,-140.0,-131.87
11620,-110.0,-131.36
11621,-150.0,-131.72
11622,-116.0,-131.76
11623,-114.0,-131.39
11624,-145.0,-131.39
11625,-151.0,-131.44
11626,-141.0,-131.38
11627,-148.0,-131.75
11628,-142.0,-131.73
11629,-114.0,-131.71
11630,-153.0,-132.09
11631,-117.0,-132.09
11632,-140.0,-132.03
11633,-138.0,-132.14
11634,-114.0,-131.82
11635,-141.0,-131.68
11636,-114.0,-131.68
11637,-119.0,-131.41
11638,-114.0,-131.4
11639,-141.0,-131.66
11640,-119.0,-131.39
11641,-112.0,-131.07
11642,-145.0,-131.02
11643,-155.0,-131.0
11644,-139.0,-130.94
11645,-143.0,-130.84
11646,-142.0,-131.1
11647,-143.0,-131.38
11648,-115.0,-131.06
11649,-118.0,-130.8
11650,-117.0,-130.83
11651,-141.0,-130.8
11652,-111.0,-130.77
11653,-143.0,-131.06
11654,-115.0,-130.69
11655,-109.0,-130.64
11656,-114.0,-130.3
11657,-149.0,-130.68
11658,-145.0,-130.66
11659,-146.0,-131.01
11660,-114.0,-130.98
11661,-146.0,-130.95
11662,-153.0,-131.0
11663,-143.0,-131.29
11664,-143.0,-131.28
11665,-150.0,-131.29
11666,-110.0,-130.95
11667,-117.0,-130.73
11668,-142.0,-131.0
11669,-115.0,-130.95
11670,-116.0,-130.97
11671,-117.0,-130.7
11672,-115.0,-130.41
11673,-111.0,-130.07
11674,-145.0,-130.39
11675,-116.0,-130.39
11676,-115.0,-130.37
11677,-114.0,-130.34
11678,-114.0,-130.06
11679,-145.0,-130.05
11680,-142.0,-129.93
11681,-119.0,-129.98
11682,-112.0,-129.66
11683,-142.0,-129.92
11684,-115.0,-129.69
11685,-118.0,-129.7
11686,-148.0,-129.72
11687,-144.0,-130.01
11688,-143.0,-129.99
11689,-114.0,-129.71
11690,-147.0,-129.76
11691,-118.0,-129.77
11692,-157.0,-130.13
11693,-150.0,-130.49
11694,-114.0,-130.12
11695,-146.0,-130.13
11696,-114.0,-130.14
11697,-117.0,-130.18
11698,-114.0,-129.9
11699,-147.0,-129.93
11700,-151.0,-130.3
11701,-147.0,-130.35
11702,-138.0,-130.59
11703,-110.0,-130.24
11704,-146.0,-130.56
11705,-117.0,-130.58
11706,-116.0,-130.57
11707,-114.0,-130.55
11708,-114.0,-130.41
11709,-138.0,-130.35
11710,-115.0,-130.31
11711,-137.0,-130.23
11712,-147.0,-130.24
11713,-119.0,-129.98
11714,-115.0,-129.68
11715,-114.0,-129.66
11716,-147.0,-129.97
11717,-132.0,-130.15
11718,-147.0,-130.09
11719,-147.0,-130.16
11720,-114.0,-130.2
11721,-114.0,-129.84
11722,-144.0,-130.12
11723,-141.0,-130.39
11724,-110.0,-130.04
11725,-144.0,-129.97
11726,-146.0,-130.02
11727,-114.0,-129.68
11728,-115.0,-129.41
11729,-145.0,-129.72
11730,-144.0,-129.63
11731,-142.0,-129.88
11732,-147.0,-129.95
11733,-145.0,-130.02
11734,-115.0,-130.03
11735,-117.0,-129.79
11736,-120.0,-129.85
11737,-146.0,-130.12
11738,-120.0,-130.18
11739,-158.0,-130.35
11740,-115.0,-130.31
11741,-114.0,-130.33
11742,-114.0,-130.02
11743,-145.0,-129.92
11744,-146.0,-129.99
11745,-142.0,-129.98
11746,-111.0,-129.67
11747,-142.0,-129.66
11748,-116.0,-129.67
11749,-114.0,-129.63
11750,-113.0,-129.59
11751,-110.0,-129.28
11752,-144.0,-129.61
11753,-115.0,-129.33
11754,-162.0,-129.8
11755,-165.0,-130.36
11756,-115.0,-130.37
11757,-150.0,-130.38
11758,-140.0,-130.33
11759,-114.0,-130.01
11760,-157.0,-130.44
11761,-148.0,-130.46
11762,-141.0,-130.34
11763,-142.0,-130.33
11764,-150.0,-130.4
11765,-158.0,-130.48
11766,-119.0,-130.57
11767,-132.0,-130.72
11768,-114.0,-130.44
11769,-115.0,-130.44
11770,-152.0,-130.8
11771,-116.0,-130.79
11772,-111.0,-130.75
11773,-150.0,-131.14
11774,-163.0,-131.32
11775,-150.0,-131.66
11776,-111.0,-131.62
11777,-146.0,-131.94
11778,-116.0,-131.96
11779,-150.0,-132.01
11780,-152.0,-132.11
11781,-114.0,-132.06
11782,-115.0,-132.09
11783,-143.0,-132.1
11784,-142.0,-132.37
11785,-110.0,-132.29
11786,-137.0,-132.18
11787,-150.0,-132.24
11788,-138.0,-132.19
11789,-137.0,-132.42
11790,-135.0,-132.3
11791,-135.0,-132.47
11792,-151.0,-132.41
11793,-136.0,-132.27
11794,-151.0,-132.64
11795,-144.0,-132.62
11796,-110.0,-132.58
11797,-117.0,-132.58
11798,-117.0,-132.61
11799,-116.0,-132.3
11800,-139.0,-132.18
11801,-115.0,-131.86
11802,-117.0,-131.65
11803,-136.0,-131.91
11804,-141.0,-131.86
11805,-139.0,-132.08
11806,-136.0,-132.28
11807,-114.0,-132.28
11808,-117.0,-132.31
11809,-121.0,-132.14
11810,-137.0,-132.36
11811,-116.0,-132.15
11812,-112.0,-131.8
11813,-114.0,-131.75
11814,-110.0,-131.7
11815,-132.0,-131.88
11816,-114.0,-131.55
11817,-114.0,-131.37
11818,-148.0,-131.38
11819,-136.0,-131.27
11820,-115.0,-131.28
11821,-114.0,-131.28
11822,-117.0,-131.01
11823,-114.0,-130.74
11824,-110.0,-130.74
11825,-110.0,-130.4
11826,-136.0,-130.3
11827,-142.0,-130.58
11828,-114.0,-130.57
11829,-152.0,-130.64
11830,-114.0,-130.34
11831,-114.0,-130.06
11832,-114.0,-129.73
11833,-112.0,-129.4
11834,-115.0,-129.4
11835,-136.0,-129.59
11836,-116.0,-129.55
11837,-139.0,-129.48
11838,-115.0,-129.43
11839,-134.0,-129.19
11840,-142.0,-129.46
11841,-136.0,-129.68
11842,-143.0,-129.97
11843,-143.0,-129.95
11844,-117.0,-129.66
11845,-117.0,-129.41
11846,-116.0,-129.46
11847,-114.0,-129.18
11848,-140.0,-129.42
11849,-140.0,-129.68
11850,-117.0,-129.72
11851,-137.0,-129.99
11852,-116.0,-129.71
11853,-153.0,-130.09
11854,-115.0,-129.62
11855,-114.0,-129.11
11856,-143.0,-129.39
11857,-116.0,-129.05
11858,-140.0,-129.05
11859,-122.0,-129.13
11860,-139.0,-128.95
11861,-112.0,-128.59
11862,-136.0,-128.54
11863,-114.0,-128.26
11864,-113.0,-127.89
11865,-129.0,-127.6
11866,-114.0,-127.55
11867,-146.0,-127.69
11868,-117.0,-127.72
11869,-115.0,-127.72
11870,-157.0,-127.77
11871,-118.0,-127.79
11872,-160.0,-128.28
11873,-143.0,-128.21
11874,-137.0,-127.95
11875,-147.0,-127.92
11876,-140.0,-128.21
11877,-147.0,-128.22
11878,-147.0,-128.53
11879,-140.0,-128.43
11880,-138.0,-128.29
11881,-140.0,-128.55
11882,-136.0,-128.76
11883,-115.0,-128.48
11884,-115.0,-128.21
11885,-115.0,-128.26
11886,-147.0,-128.36
11887,-118.0,-128.04
11888,-149.0,-128.15
11889,-136.0,-128.14
11890,-135.0,-128.14
11891,-138.0,-128.17
11892,-139.0,-128.05
11893,-116.0,-127.85
11894,-140.0,-127.74
11895,-139.0,-127.69
11896,-137.0,-127.96
11897,-146.0,-128.25
11898,-119.0,-128.27
11899,-118.0,-128.29
11900,-114.0,-128.04
11901,-135.0,-128.24
11902,-118.0,-128.25
11903,-110.0,-127.99
11904,-135.0,-127.93
11905,-126.0,-127.8
11906,-114.0,-127.58
11907,-139.0,-127.83
11908,-157.0,-128.23
11909,-166.0,-128.68
11910,-110.0,-128.41
11911,-143.0,-128.68
11912,-142.0,-128.98
11913,-163.0,-129.47
11914,-159.0,-129.96
11915,-143.0,-130.07
11916,-113.0,-130.06
11917,-144.0,-130.36
11918,-151.0,-130.39
11919,-140.0,-130.43
11920,-147.0,-130.75
11921,-114.0,-130.75
11922,-138.0,-130.96
11923,-137.0,-131.19
11924,-118.0,-131.27
11925,-156.0,-131.73
11926,-122.0,-131.59
11927,-118.0,-131.35
11928,-136.0,-131.57
11929,-153.0,-131.58
11930,-128.0,-131.72
11931,-115.0,-131.73
11932,-163.0,-132.22
11933,-116.0,-132.26
11934,-141.0,-132.52
11935,-148.0,-132.64
11936,-135.0,-132.83
11937,-115.0,-132.59
11938,-114.0,-132.58
11939,-139.0,-132.63
11940,-138.0,-132.59
11941,-110.0,-132.33
11942,-154.0,-132.44
11943,-149.0,-132.5
11944,-117.0,-132.5
11945,-140.0,-132.73
11946,-116.0,-132.73
11947,-111.0,-132.7
11948,-146.0,-132.76
11949,-143.0,-132.79
11950,-162.0,-133.24
11951,-150.0,-133.37
11952,-114.0,-133.35
11953,-139.0,-133.21
11954,-141.0,-133.47
11955,-114.0,-133.47
11956,-134.0,-133.38
11957,-140.0,-133.62
11958,-115.0,-133.37
11959,-136.0,-133.51
11960,-120.0,-133.32
11961,-114.0,-133.34
11962,-148.0,-133.46
11963,-134.0,-133.66
11964,-114.0,-133.67
11965,-110.0,-133.48
11966,-114.0,-133.48
11967,-138.0,-133.4
11968,-135.0,-133.58
11969,-116.0,-133.59
11970,-139.0,-133.41
11971,-138.0,-133.61
11972,-135.0,-133.36
11973,-143.0,-133.36
11974,-114.0,-133.13
11975,-143.0,-133.09
11976,-114.0,-132.83
11977,-114.0,-132.5
11978,-138.0,-132.41
11979,-139.0,-132.4
11980,-129.0,-132.31
11981,-139.0,-132.3
11982,-112.0,-132.06
11983,-139.0,-132.3
11984,-117.0,-132.32
11985,-119.0,-132.36
11986,-119.0,-132.08
11987,-117.0,-132.07
11988,-138.0,-131.96
11989,-135.0,-131.95
11990,-135.0,-131.95
11991,-139.0,-131.96
11992,-115.0,-131.72
11993,-153.0,-132.09
11994,-142.0,-132.11
11995,-142.0,-132.14
11996,-156.0,-132.33
11997,-148.0,-132.35
11998,-115.0,-132.31
11999,-111.0,-132.24
12000,-138.0,-132.48
12001,-145.0,-132.58
12002,-139.0,-132.79
12003,-114.0,-132.83
12004,-138.0,-132.86
12005,-116.0,-132.76
12006,-155.0,-133.17
12007,-140.0,-133.18
12008,-140.0,-133.01
12009,-141.0,-132.76
12010,-153.0,-133.19
12011,-146.0,-133.22
12012,-115.0,-132.95
12013,-138.0,-132.7
12014,-138.0,-132.49
12015,-138.0,-132.44
12016,-135.0,-132.66
12017,-117.0,-132.39
12018,-135.0,-132.23
12019,-112.0,-131.95
12020,-116.0,-131.64
12021,-114.0,-131.64
12022,-115.0,-131.41
12023,-138.0,-131.42
12024,-114.0,-131.38
12025,-126.0,-131.08
12026,-135.0,-131.21
12027,-110.0,-131.13
12028,-136.0,-131.13
12029,-115.0,-130.75
12030,-141.0,-130.88
12031,-117.0,-130.9
12032,-134.0,-130.61
12033,-151.0,-130.96
12034,-114.0,-130.69
12035,-145.0,-130.66
12036,-116.0,-130.47
12037,-134.0,-130.66
12038,-117.0,-130.69
12039,-152.0,-130.82
12040,-135.0,-130.79
12041,-136.0,-131.05
12042,-115.0,-130.66
12043,-114.0,-130.31
12044,-115.0,-130.29
12045,-113.0,-130.02
12046,-153.0,-130.39
12047,-154.0,-130.82
12048,-113.0,-130.49
12049,-114.0,-130.2
12050,-111.0,-129.69
12051,-137.0,-129.56
12052,-148.0,-129.9
12053,-134.0,-129.85
12054,-139.0,-129.83
12055,-145.0,-130.14
12056,-156.0,-130.36
12057,-118.0,-130.14
12058,-142.0,-130.41
12059,-141.0,-130.46
12060,-139.0,-130.65
12061,-149.0,-131.0
12062,-162.0,-131.14
12063,-154.0,-131.34
12064,-136.0,-131.56
12065,-138.0,-131.84
12066,-130.0,-132.0
12067,-113.0,-131.75
12068,-114.0,-131.54
12069,-111.0,-131.49
12070,-111.0,-131.21
12071,-114.0,-130.97
12072,-147.0,-131.09
12073,-115.0,-130.81
12074,-135.0,-131.02
12075,-138.0,-130.97
12076,-137.0,-131.2
12077,-114.0,-131.2
12078,-116.0,-130.98
12079,-114.0,-130.73
12080,-151.0,-130.95
12081,-114.0,-130.7
12082,-120.0,-130.78
12083,-114.0,-130.53
12084,-137.0,-130.73
12085,-116.0,-130.7
12086,-135.0,-130.86
12087,-134.0,-131.03
12088,-113.0,-130.78
12089,-118.0,-130.61
12090,-145.0,-130.71
12091,-117.0,-130.49
12092,-117.0,-130.51
12093,-136.0,-130.34
12094,-137.0,-130.29
12095,-140.0,-130.27
12096,-111.0,-129.82
12097,-145.0,-129.79
12098,-147.0,-130.11
12099,-136.0,-130.36
12100,-138.0,-130.36
12101,-144.0,-130.35
12102,-114.0,-130.1
12103,-136.0,-130.32
12104,-114.0,-130.08
12105,-138.0,-130.3
12106,-114.0,-129.89
12107,-134.0,-129.83
12108,-115.0,-129.58
12109,-115.0,-129.32
12110,-136.0,-129.15
12111,-135.0,-129.04
12112,-138.0,-129.27
12113,-137.0,-129.26
12114,-115.0,-129.03
12115,-137.0,-129.02
12116,-138.0,-129.05
12117,-114.0,-129.02
12118,-151.0,-129.18
12119,-113.0,-129.19
12120,-114.0,-129.17
12121,-150.0,-129.53
12122,-114.0,-129.52
12123,-116.0,-129.3
12124,-136.0,-129.52
12125,-121.0,-129.47
12126,-146.0,-129.58
12127,-119.0,-129.67
12128,-144.0,-129.75
12129,-135.0,-129.95
12130,-152.0,-130.06
12131,-137.0,-130.26
12132,-147.0,-130.39
12133,-117.0,-130.05
12134,-115.0,-130.06
12135,-137.0,-129.98
12136,-115.0,-129.97
12137,-145.0,-130.08
12138,-119.0,-130.1
12139,-113.0,-129.71
12140,-114.0,-129.5
12141,-115.0,-129.29
12142,-115.0,-129.29
12143,-125.0,-129.4
12144,-115.0,-129.4
12145,-140.0,-129.67
12146,-137.0,-129.51
12147,-114.0,-129.11
12148,-114.0,-129.12
12149,-111.0,-129.09
12150,-115.0,-129.13
12151,-137.0,-129.13
12152,-150.0,-129.15
12153,-139.0,-129.2
12154,-137.0,-129.18
12155,-116.0,-128.89
12156,-135.0,-128.68
12157,-147.0,-128.97
12158,-148.0,-129.03
12159,-152.0,-129.14
12160,-113.0,-128.88
12161,-124.0,-128.63
12162,-137.0,-128.38
12163,-137.0,-128.21
12164,-117.0,-128.02
12165,-137.0,-128.01
12166,-140.0,-128.11
12167,-136.0,-128.34
12168,-150.0,-128.7
12169,-137.0,-128.96
12170,-115.0,-129.0
12171,-139.0,-129.25
12172,-112.0,-128.9
12173,-115.0,-128.9
12174,-116.0,-128.71
12175,-114.0,-128.47
12176,-115.0,-128.25
12177,-115.0,-128.26
12178,-138.0,-128.48
12179,-117.0,-128.51
12180,-137.0,-128.37
12181,-145.0,-128.68
12182,-116.0,-128.64
12183,-139.0,-128.89
12184,-113.0,-128.65
12185,-115.0,-128.64
12186,-116.0,-128.45
12187,-115.0,-128.26
12188,-150.0,-128.63
12189,-145.0,-128.9
12190,-138.0,-128.83
12191,-117.0,-128.83
12192,-121.0,-128.87
12193,-137.0,-128.88
12194,-137.0,-128.88
12195,-138.0,-128.86
12196,-138.0,-129.13
12197,-114.0,-128.82
12198,-115.0,-128.5
12199,-137.0,-128.51
12200,-136.0,-128.49
12201,-150.0,-128.55
12202,-137.0,-128.78
12203,-112.0,-128.54
12204,-135.0,-128.75
12205,-148.0,-128.85
12206,-144.0,-129.15
12207,-118.0,-128.99
12208,-138.0,-129.22
12209,-112.0,-129.19
12210,-139.0,-129.22
12211,-114.0,-129.01
12212,-134.0,-128.97
12213,-123.0,-128.83
12214,-119.0,-128.87
12215,-116.0,-128.66
12216,-144.0,-128.72
12217,-136.0,-128.94
12218,-112.0,-128.55
12219,-115.0,-128.57
12220,-137.0,-128.8
12221,-115.0,-128.45
12222,-115.0,-128.46
12223,-152.0,-128.82
12224,-146.0,-128.92
12225,-139.0,-129.1
12226,-115.0,-128.79
12227,-138.0,-128.98
12228,-137.0,-128.91
12229,-115.0,-128.71
12230,-136.0,-128.55
12231,-115.0,-128.33
12232,-148.0,-128.34
12233,-139.0,-128.56
12234,-115.0,-128.56
12235,-149.0,-128.68
12236,-116.0,-128.69
12237,-135.0,-128.59
12238,-113.0,-128.53
12239,-136.0,-128.76
12240,-113.0,-128.75
12241,-119.0,-128.79
12242,-140.0,-129.04
12243,-149.0,-129.28
12244,-135.0,-129.48
12245,-150.0,-129.58
12246,-138.0,-129.59
12247,-118.0,-129.63
12248,-117.0,-129.66
12249,-137.0,-129.92
12250,-137.0,-130.14
12251,-148.0,-130.25
12252,-138.0,-130.13
12253,-149.0,-130.23
12254,-145.0,-130.31
12255,-135.0,-130.5
12256,-152.0,-130.67
12257,-140.0,-130.6
12258,-154.0,-130.66
12259,-134.0,-130.48
12260,-137.0,-130.72
12261,-139.0,-130.87
12262,-137.0,-130.87
12263,-112.0,-130.62
12264,-140.0,-130.85
12265,-137.0,-130.85
12266,-120.0,-130.65
12267,-134.0,-130.63
12268,-115.0,-130.28
12269,-115.0,-130.06
12270,-131.0,-130.22
12271,-136.0,-130.19
12272,-138.0,-130.45
12273,-115.0,-130.45
12274,-137.0,-130.66
12275,-114.0,-130.66
12276,-117.0,-130.68
12277,-138.0,-130.91
12278,-141.0,-130.94
12279,-127.0,-131.04
12280,-134.0,-131.01
12281,-137.0,-130.93
12282,-137.0,-131.14
12283,-153.0,-131.28
12284,-136.0,-131.51
12285,-116.0,-131.52
12286,-115.0,-131.51
12287,-115.0,-131.51
12288,-114.0,-131.15
12289,-141.0,-131.11
12290,-113.0,-130.86
12291,-147.0,-131.16
12292,-135.0,-131.3
12293,-136.0,-131.29
12294,-150.0,-131.42
12295,-115.0,-131.19
12296,-115.0,-130.96
12297,-116.0,-130.98
12298,-151.0,-131.34
12299,-119.0,-131.16
12300,-138.0,-131.18
12301,-138.0,-131.06
12302,-139.0,-131.08
12303,-112.0,-131.08
12304,-146.0,-131.19
12305,-115.0,-130.86
12306,-151.0,-130.93
12307,-115.0,-130.9
12308,-140.0,-130.92
12309,-117.0,-130.97
12310,-140.0,-130.98
12311,-135.0,-131.19
12312,-137.0,-131.22
12313,-137.0,-131.36
12314,-138.0,-131.55
12315,-138.0,-131.77
12316,-115.0,-131.48
12317,-116.0,-131.28
12318,-137.0,-131.53
12319,-139.0,-131.77
12320,-116.0,-131.56
12321,-138.0,-131.79
12322,-138.0,-132.02
12323,-136.0,-131.86
12324,-116.0,-131.56
12325,-116.0,-131.33
12326,-116.0,-131.34
12327,-139.0,-131.35
12328,-137.0,-131.35
12329,-115.0,-131.35
12330,-150.0,-131.49
12331,-124.0,-131.58
12332,-150.0,-131.6
12333,-115.0,-131.36
12334,-138.0,-131.59
12335,-138.0,-131.48
12336,-115.0,-131.47
12337,-138.0,-131.5
12338,-137.0,-131.74
12339,-114.0,-131.52
12340,-116.0,-131.55
12341,-151.0,-131.87
12342,-139.0,-131.86
12343,-117.0,-131.54
12344,-113.0,-131.32
12345,-136.0,-131.18
12346,-119.0,-130.99
12347,-138.0,-131.19
12348,-115.0,-131.17
12349,-138.0,-131.18
12350,-117.0,-130.98
12351,-136.0,-130.86
12352,-115.0,-130.63
12353,-116.0,-130.3
12354,-145.0,-130.3
12355,-136.0,-130.31
12356,-112.0,-129.91
12357,-152.0,-130.03
12358,-138.0,-129.87
12359,-112.0,-129.65
12360,-114.0,-129.42
12361,-138.0,-129.41
12362,-137.0,-129.41
12363,-117.0,-129.46
12364,-116.0,-129.22
12365,-140.0,-129.25
12366,-138.0,-129.43
12367,-147.0,-129.56
12368,-139.0,-129.8
12369,-115.0,-129.8
12370,-139.0,-129.88
12371,-116.0,-129.68
12372,-137.0,-129.67
12373,-139.0,-129.91
12374,-137.0,-129.91
12375,-121.0,-129.98
12376,-138.0,-130.19
12377,-136.0,-130.17
12378,-116.0,-129.92
12379,-138.0,-130.03
12380,-117.0,-129.86
12381,-138.0,-129.87
12382,-144.0,-129.94
12383,-115.0,-129.56
12384,-115.0,-129.35
12385,-115.0,-129.34
12386,-118.0,-129.37
12387,-138.0,-129.6
12388,-115.0,-129.61
12389,-148.0,-129.68
12390,-115.0,-129.7
12391,-141.0,-129.64
12392,-116.0,-129.45
12393,-140.0,-129.49
12394,-137.0,-129.36
12395,-117.0,-129.38
12396,-115.0,-129.38
12397,-139.0,-129.61
12398,-115.0,-129.25
12399,-112.0,-129.18
12400,-140.0,-129.2
12401,-156.0,-129.38
12402,-137.0,-129.36
12403,-137.0,-129.61
12404,-115.0,-129.3
12405,-138.0,-129.53
12406,-114.0,-129.16
12407,-115.0,-129.16
12408,-118.0,-128.94
12409,-139.0,-129.16
12410,-139.0,-129.15
12411,-113.0,-128.93
12412,-134.0,-128.9
12413,-114.0,-128.67
12414,-137.0,-128.66
12415,-116.0,-128.44
12416,-137.0,-128.66
12417,-149.0,-128.99
12418,-136.0,-128.98
12419,-117.0,-128.76
12420,-116.0,-128.76
12421,-145.0,-128.83
12422,-115.0,-128.6
12423,-152.0,-128.76
12424,-139.0,-128.99
12425,-136.0,-129.19
12426,-142.0,-129.45
12427,-137.0,-129.43
12428,-138.0,-129.44
12429,-116.0,-129.45
12430,-115.0,-129.1
12431,-119.0,-129.05
12432,-154.0,-129.09
12433,-137.0,-129.31
12434,-115.0,-129.08
12435,-151.0,-129.21
12436,-114.0,-129.2
12437,-137.0,-129.19
12438,-139.0,-129.21
12439,-112.0,-129.19
12440,-138.0,-129.41
12441,-138.0,-129.28
12442,-115.0,-129.04
12443,-112.0,-128.99
12444,-112.0,-128.98
12445,-136.0,-128.98
12446,-149.0,-129.28
12447,-116.0,-129.06
12448,-141.0,-129.32
12449,-118.0,-129.12
12450,-115.0,-129.1
12451,-117.0,-128.91
12452,-138.0,-129.14
12453,-115.0,-129.13
12454,-115.0,-128.83
12455,-150.0,-128.97
12456,-118.0,-129.03
12457,-139.0,-128.9
12458,-115.0,-128.67
12459,-137.0,-128.92
12460,-136.0,-129.14
12461,-118.0,-128.94
12462,-139.0,-128.96
12463,-144.0,-129.23
12464,-139.0,-129.46
12465,-115.0,-129.21
12466,-113.0,-128.96
12467,-115.0,-128.64
12468,-136.0,-128.61
12469,-137.0,-128.83
12470,-147.0,-128.91
12471,-136.0,-129.11
12472,-115.0,-128.89
12473,-115.0,-128.65
12474,-115.0,-128.43
12475,-117.0,-128.39
12476,-150.0,-128.51
12477,-115.0,-128.3
12478,-115.0,-128.29
12479,-147.0,-128.38
12480,-141.0,-128.62
12481,-140.0,-128.64
12482,-139.0,-128.59
12483,-151.0,-128.95
12484,-129.0,-129.09
12485,-136.0,-129.3
12486,-136.0,-129.48
12487,-139.0,-129.49
12488,-115.0,-129.49
12489,-138.0,-129.39
12490,-125.0,-129.49
12491,-138.0,-129.46
12492,-151.0,-129.81
12493,-136.0,-129.77
12494,-115.0,-129.55
12495,-145.0,-129.83
12496,-154.0,-130.22
12497,-138.0,-130.21
12498,-138.0,-130.44
12499,-118.0,-130.5
12500,-115.0,-130.25
12501,-117.0,-129.86
12502,-135.0,-129.84
12503,-138.0,-129.85
12504,-136.0,-130.06
12505,-115.0,-129.83
12506,-115.0,-129.84
12507,-139.0,-130.08
12508,-139.0,-130.29
12509,-138.0,-130.28
12510,-139.0,-130.28
12511,-136.0,-130.51
12512,-136.0,-130.53
12513,-135.0,-130.74
12514,-115.0,-130.52
12515,-136.0,-130.72
12516,-117.0,-130.52
12517,-116.0,-130.19
12518,-136.0,-130.19
12519,-138.0,-130.4
12520,-146.0,-130.7
12521,-149.0,-130.74
12522,-137.0,-130.96
12523,-114.0,-130.58
12524,-115.0,-130.34
12525,-154.0,-130.52
12526,-116.0,-130.26
12527,-115.0,-130.04
12528,-138.0,-130.04
12529,-149.0,-130.37
12530,-139.0,-130.61
12531,-137.0,-130.79
12532,-139.0,-130.64
12533,-116.0,-130.43
12534,-113.0,-130.41
12535,-136.0,-130.26
12536,-147.0,-130.59
12537,-138.0,-130.6
12538,-116.0,-130.37
12539,-138.0,-130.63
12540,-149.0,-130.74
12541,-114.0,-130.5
12542,-136.0,-130.71
12543,-152.0,-131.11
12544,-136.0,-131.35
12545,-115.0,-131.14
12546,-137.0,-131.02
12547,-140.0,-131.26
12548,-139.0,-131.24
12549,-138.0,-131.44
12550,-137.0,-131.66
12551,-137.0,-131.86
12552,-137.0,-131.85
12553,-138.0,-132.08
12554,-115.0,-132.08
12555,-139.0,-131.97
12556,-143.0,-132.22
12557,-113.0,-131.96
12558,-115.0,-131.96
12559,-138.0,-131.97
12560,-118.0,-131.79
12561,-115.0,-131.76
12562,-118.0,-131.55
12563,-135.0,-131.46
12564,-147.0,-131.54
12565,-138.0,-131.77
12566,-150.0,-132.14
12567,-114.0,-132.13
12568,-117.0,-131.94
12569,-139.0,-131.96
12570,-138.0,-131.87
12571,-140.0,-131.91
12572,-114.0,-131.9
12573,-116.0,-131.91
12574,-116.0,-131.92
12575,-136.0,-132.11
12576,-116.0,-131.77
12577,-136.0,-131.98
12578,-115.0,-131.98
12579,-113.0,-131.64
12580,-113.0,-131.36
12581,-114.0,-131.1
12582,-138.0,-131.09
12583,-115.0,-130.73
12584,-138.0,-130.82
12585,-115.0,-130.61
12586,-115.0,-130.4
12587,-115.0,-130.16
12588,-137.0,-130.38
12589,-152.0,-130.52
12590,-137.0,-130.64
12591,-143.0,-130.69
12592,-118.0,-130.36
12593,-115.0,-130.15
12594,-140.0,-130.4
12595,-147.0,-130.42
12596,-114.0,-130.02
12597,-145.0,-130.09
12598,-142.0,-130.13
12599,-138.0,-130.33
12600,-117.0,-130.35
12601,-115.0,-130.33
12602,-146.0,-130.44
12603,-116.0,-130.22
12604,-150.0,-130.36
12605,-138.0,-130.59
12606,-113.0,-130.57
12607,-115.0,-130.33
12608,-140.0,-130.34
12609,-139.0,-130.35
12610,-115.0,-130.11
12611,-115.0,-129.9
12612,-144.0,-129.98
12613,-115.0,-129.78
12614,-115.0,-129.78
12615,-115.0,-129.57
12616,-113.0,-129.53
12617,-138.0,-129.75
12618,-138.0,-129.77
12619,-136.0,-129.75
12620,-145.0,-129.74
12621,-142.0,-129.67
12622,-116.0,-129.46
12623,-139.0,-129.71
12624,-136.0,-129.92
12625,-115.0,-129.53
12626,-136.0,-129.73
12627,-138.0,-129.96
12628,-136.0,-129.94
12629,-113.0,-129.58
12630,-139.0,-129.58
12631,-114.0,-129.35
12632,-115.0,-129.11
12633,-140.0,-129.35
12634,-132.0,-129.54
12635,-149.0,-129.67
12636,-136.0,-129.56
12637,-114.0,-129.32
12638,-117.0,-129.33
12639,-150.0,-129.45
12640,-116.0,-129.12
12641,-117.0,-129.15
12642,-139.0,-129.18
12643,-113.0,-128.79
12644,-139.0,-128.82
12645,-135.0,-129.02
12646,-112.0,-128.77
12647,-115.0,-128.52
12648,-148.0,-128.61
12649,-115.0,-128.38
12650,-115.0,-128.16
12651,-118.0,-127.97
12652,-116.0,-127.76
12653,-139.0,-127.77
12654,-115.0,-127.77
12655,-137.0,-127.75
12656,-139.0,-127.71
12657,-140.0,-127.98
12658,-135.0,-128.18
12659,-116.0,-127.96
12660,-138.0,-128.16
12661,-115.0,-128.16
12662,-146.0,-128.44
12663,-140.0,-128.49
12664,-115.0,-128.17
12665,-116.0,-127.95
12666,-147.0,-127.92
12667,-140.0,-128.18
12668,-138.0,-128.39
12669,-135.0,-128.35
12670,-121.0,-128.18
12671,-139.0,-128.17
12672,-118.0,-128.21
12673,-142.0,-128.47
12674,-152.0,-128.83
12675,-138.0,-128.85
12676,-116.0,-128.85
12677,-138.0,-128.87
12678,-115.0,-128.87
12679,-115.0,-128.89
12680,-115.0,-128.91
12681,-139.0,-129.16
12682,-115.0,-128.93
12683,-151.0,-129.29
12684,-115.0,-129.06
12685,-145.0,-129.36
12686,-115.0,-129.36
12687,-142.0,-129.63
12688,-118.0,-129.44
12689,-152.0,-129.44
12690,-137.0,-129.44
12691,-150.0,-129.51
12692,-119.0,-129.52
12693,-142.0,-129.79
12694,-136.0,-129.75
12695,-126.0,-129.54
12696,-138.0,-129.78
12697,-139.0,-129.72
12698,-137.0,-129.67
12699,-149.0,-129.78
12700,-136.0,-129.97
12701,-139.0,-130.21
12702,-115.0,-129.9
12703,-116.0,-129.9
12704,-138.0,-129.78
12705,-115.0,-129.55
12706,-119.0,-129.61
12707,-138.0,-129.84
12708,-139.0,-129.83
12709,-115.0,-129.59
12710,-135.0,-129.79
12711,-138.0,-130.02
12712,-136.0,-129.94
12713,-114.0,-129.93
12714,-115.0,-129.93
12715,-113.0,-129.91
12716,-137.0,-130.15
12717,-146.0,-130.23
12718,-139.0,-130.24
12719,-136.0,-130.24
12720,-125.0,-130.04
12721,-137.0,-129.99
12722,-147.0,-130.3
12723,-145.0,-130.36
12724,-141.0,-130.41
12725,-137.0,-130.63
12726,-117.0,-130.44
12727,-115.0,-130.21
12728,-138.0,-130.23
12729,-138.0,-130.48
12730,-115.0,-130.24
12731,-119.0,-130.29
12732,-137.0,-130.51
12733,-138.0,-130.49
12734,-139.0,-130.56
12735,-137.0,-130.44
12736,-138.0,-130.46
12737,-115.0,-130.47
12738,-115.0,-130.45
12739,-137.0,-130.32
12740,-149.0,-130.65
12741,-137.0,-130.85
12742,-114.0,-130.6
12743,-154.0,-131.01
12744,-138.0,-131.0
12745,-115.0,-130.8
12746,-115.0,-130.83
12747,-139.0,-131.07
12748,-138.0,-130.97
12749,-136.0,-131.18
12750,-149.0,-131.52
12751,-139.0,-131.73
12752,-115.0,-131.72
12753,-115.0,-131.48
12754,-143.0,-131.76
12755,-126.0,-131.65
12756,-136.0,-131.62
12757,-114.0,-131.36
12758,-148.0,-131.49
12759,-115.0,-131.48
12760,-137.0,-131.47
12761,-114.0,-131.46
12762,-116.0,-131.16
12763,-122.0,-130.98
12764,-137.0,-131.2
12765,-147.0,-131.51
12766,-133.0,-131.37
12767,-149.0,-131.46
12768,-121.0,-131.29
12769,-124.0,-131.18
12770,-149.0,-131.46
12771,-115.0,-131.22
12772,-115.0,-131.19
12773,-137.0,-131.14
12774,-137.0,-130.99
12775,-116.0,-130.77
12776,-137.0,-130.98
12777,-134.0,-130.94
12778,-135.0,-131.14
12779,-148.0,-131.47
12780,-123.0,-131.55
12781,-152.0,-131.68
12782,-137.0,-131.9
12783,-123.0,-131.62
12784,-151.0,-131.98
12785,-112.0,-131.65
12786,-137.0,-131.87
12787,-112.0,-131.57
12788,-149.0,-131.88
12789,-136.0,-131.72
12790,-153.0,-131.88
12791,-136.0,-131.74
12792,-115.0,-131.7
12793,-126.0,-131.54
12794,-115.0,-131.33
12795,-115.0,-131.22
12796,-121.0,-131.05
12797,-120.0,-130.86
12798,-115.0,-130.64
12799,-139.0,-130.54
12800,-133.0,-130.51
12801,-144.0,-130.56
12802,-136.0,-130.77
12803,-144.0,-131.05
12804,-123.0,-130.9
12805,-148.0,-131.23
12806,-150.0,-131.54
12807,-136.0,-131.52
12808,-115.0,-131.28
12809,-115.0,-131.28
12810,-122.0,-131.15
12811,-137.0,-131.14
12812,-144.0,-131.22
12813,-131.0,-131.39
12814,-150.0,-131.74
12815,-142.0,-132.03
12816,-119.0,-131.85
12817,-140.0,-131.79
12818,-135.0,-131.75
12819,-115.0,-131.54
12820,-135.0,-131.64
12821,-136.0,-131.63
12822,-115.0,-131.31
12823,-122.0,-131.08
12824,-132.0,-130.99
12825,-121.0,-130.83
12826,-128.0,-130.94
12827,-138.0,-131.17
12828,-137.0,-131.16
12829,-150.0,-131.28
12830,-147.0,-131.6
12831,-139.0,-131.8
12832,-122.0,-131.65
12833,-145.0,-131.72
12834,-144.0,-131.77
12835,-138.0,-131.78
12836,-136.0,-131.76
12837,-118.0,-131.79
12838,-135.0,-131.99
12839,-142.0,-132.04
12840,-136.0,-131.91
12841,-140.0,-131.94
12842,-139.0,-132.19
12843,-120.0,-131.85
12844,-122.0,-131.69
12845,-121.0,-131.75
12846,-154.0,-132.14
12847,-118.0,-131.93
12848,-126.0,-131.81
12849,-135.0,-131.8
12850,-143.0,-131.74
12851,-133.0,-131.68
12852,-137.0,-131.9
12853,-151.0,-132.26
12854,-129.0,-132.12
12855,-124.0,-132.1
12856,-136.0,-132.1
12857,-124.0,-132.2
12858,-114.0,-131.86
12859,-158.0,-132.29
12860,-137.0,-132.29
12861,-140.0,-132.55
12862,-147.0,-132.86
12863,-150.0,-133.14
12864,-145.0,-133.22
12865,-129.0,-133.04
12866,-138.0,-133.09
12867,-114.0,-132.74
12868,-148.0,-133.01
12869,-115.0,-132.92
12870,-134.0,-132.77
12871,-137.0,-132.99
12872,-139.0,-133.23
12873,-115.0,-133.01
12874,-139.0,-133.03
12875,-112.0,-132.99
12876,-137.0,-132.99
12877,-123.0,-132.88
12878,-112.0,-132.65
12879,-127.0,-132.44
12880,-114.0,-132.35
12881,-118.0,-132.01
12882,-139.0,-132.03
12883,-114.0,-131.94
12884,-154.0,-131.97
12885,-148.0,-132.33
12886,-112.0,-132.08
12887,-137.0,-132.33
12888,-123.0,-132.07
12889,-142.0,-132.13
12890,-146.0,-132.06
12891,-117.0,-131.87
12892,-116.0,-131.88
12893,-135.0,-131.97
12894,-123.0,-132.05
12895,-115.0,-132.05
12896,-125.0,-132.09
12897,-145.0,-132.34
12898,-135.0,-132.54
12899,-115.0,-132.3
12900,-138.0,-132.35
12901,-136.0,-132.27
12902,-138.0,-132.29
12903,-127.0,-132.12
12904,-115.0,-132.04
12905,-138.0,-131.94
12906,-137.0,-131.81
12907,-137.0,-131.82
12908,-145.0,-132.12
12909,-122.0,-132.19
12910,-147.0,-132.44
12911,-144.0,-132.51
12912,-151.0,-132.58
12913,-115.0,-132.42
12914,-136.0,-132.28
12915,-159.0,-132.45
12916,-119.0,-132.45
12917,-112.0,-132.17
12918,-140.0,-132.22
12919,-145.0,-132.52
12920,-125.0,-132.42
12921,-121.0,-132.27
12922,-145.0,-132.57
12923,-146.0,-132.81
12924,-138.0,-132.87
12925,-141.0,-133.07
12926,-142.0,-133.21
12927,-136.0,-133.19
12928,-139.0,-133.21
12929,-141.0,-133.12
12930,-139.0,-133.04
12931,-114.0,-132.79
12932,-117.0,-132.74
12933,-115.0,-132.44
12934,-141.0,-132.41
12935,-138.0,-132.41
12936,-139.0,-132.44
12937,-117.0,-132.43
12938,-139.0,-132.47
12939,-146.0,-132.51
12940,-125.0,-132.4
12941,-114.0,-132.14
12942,-140.0,-132.15
12943,-116.0,-132.11
12944,-141.0,-132.3
12945,-141.0,-132.5
12946,-140.0,-132.36
12947,-143.0,-132.61
12948,-137.0,-132.72
12949,-119.0,-132.56
12950,-125.0,-132.38
12951,-129.0,-132.34
12952,-123.0,-132.2
12953,-139.0,-132.08
12954,-152.0,-132.31
12955,-121.0,-132.28
12956,-116.0,-132.08
12957,-139.0,-132.23
12958,-119.0,-132.28
12959,-120.0,-131.9
12960,-139.0,-131.92
12961,-116.0,-131.68
12962,-114.0,-131.35
12963,-142.0,-131.27
12964,-115.0,-130.97
12965,-126.0,-130.94
12966,-115.0,-130.71
12967,-149.0,-131.06
12968,-121.0,-130.79
12969,-153.0,-131.17
12970,-128.0,-131.11
12971,-114.0,-130.88
12972,-121.0,-130.7
12973,-116.0,-130.71
12974,-123.0,-130.55
12975,-119.0,-130.62
12976,-150.0,-130.75
12977,-122.0,-130.74
12978,-149.0,-131.11
12979,-139.0,-131.23
12980,-112.0,-131.21
12981,-115.0,-131.18
12982,-138.0,-131.17
12983,-146.0,-131.49
12984,-138.0,-131.33
12985,-123.0,-131.08
12986,-139.0,-131.35
12987,-150.0,-131.48
12988,-138.0,-131.63
12989,-130.0,-131.51
12990,-138.0,-131.43
12991,-113.0,-131.39
12992,-136.0,-131.59
12993,-148.0,-131.72
12994,-149.0,-131.98
12995,-125.0,-132.08
12996,-115.0,-131.98
12997,-152.0,-132.05
12998,-145.0,-132.15
12999,-113.0,-132.13
13000,-153.0,-132.28
13001,-147.0,-132.39
13002,-151.0,-132.52
13003,-115.0,-132.4
13004,-135.0,-132.6
13005,-138.0,-132.6
13006,-142.0,-132.65
13007,-138.0,-132.66
13008,-135.0,-132.56
13009,-151.0,-132.85
13010,-122.0,-132.6
13011,-147.0,-132.63
13012,-145.0,-132.57
13013,-147.0,-132.89
13014,-145.0,-132.98
13015,-136.0,-132.75
13016,-159.0,-133.15
13017,-155.0,-133.58
13018,-119.0,-133.37
13019,-114.0,-133.06
13020,-139.0,-133.2
13021,-151.0,-133.5
13022,-116.0,-133.21
13023,-123.0,-132.98
13024,-117.0,-132.77
13025,-123.0,-132.59
13026,-149.0,-132.66
13027,-139.0,-132.69
13028,-135.0,-132.65
13029,-138.0,-132.62
13030,-141.0,-132.64
13031,-138.0,-132.88
13032,-119.0,-132.9
13033,-158.0,-133.33
13034,-124.0,-133.16
13035,-117.0,-132.95
13036,-143.0,-132.99
13037,-140.0,-133.22
13038,-138.0,-133.21
13039,-144.0,-133.19
13040,-150.0,-133.44
13041,-140.0,-133.7
13042,-115.0,-133.45
13043,-143.0,-133.72
13044,-145.0,-133.76
13045,-138.0,-133.73
13046,-123.0,-133.56
13047,-139.0,-133.52
13048,-137.0,-133.52
13049,-117.0,-133.5
13050,-129.0,-133.54
13051,-116.0,-133.41
13052,-144.0,-133.62
13053,-139.0,-133.62
13054,-117.0,-133.27
13055,-140.0,-133.46
13056,-151.0,-133.81
13057,-118.0,-133.6
13058,-139.0,-133.8
13059,-114.0,-133.74
13060,-145.0,-133.8
13061,-129.0,-133.93
13062,-151.0,-134.3
13063,-121.0,-134.09
13064,-139.0,-134.33
13065,-151.0,-134.58
13066,-118.0,-134.61
13067,-152.0,-134.64
13068,-125.0,-134.68
13069,-115.0,-134.3
13070,-145.0,-134.47
13071,-118.0,-134.51
13072,-121.0,-134.51
13073,-122.0,-134.57
13074,-152.0,-134.86
13075,-145.0,-135.12
13076,-123.0,-134.85
13077,-140.0,-135.03
13078,-149.0,-135.03
13079,-137.0,-135.01
13080,-137.0,-135.26
13081,-118.0,-135.29
13082,-121.0,-135.12
13083,-139.0,-135.05
13084,-137.0,-135.04
13085,-140.0,-135.21
13086,-115.0,-134.97
13087,-137.0,-134.84
13088,-152.0,-134.98
13089,-128.0,-134.96
13090,-151.0,-135.09
13091,-119.0,-135.15
13092,-145.0,-135.24
13093,-138.0,-135.14
13094,-131.0,-134.96
13095,-153.0,-135.24
13096,-150.0,-135.59
13097,-124.0,-135.31
13098,-123.0,-135.09
13099,-139.0,-135.35
13100,-116.0,-134.98
13101,-138.0,-134.89
13102,-139.0,-134.77
13103,-124.0,-134.86
13104,-142.0,-134.93
13105,-154.0,-135.09
13106,-140.0,-135.07
13107,-148.0,-135.17
13108,-116.0,-134.98
13109,-116.0,-134.63
13110,-140.0,-134.81
13111,-116.0,-134.5
13112,-144.0,-134.49
13113,-144.0,-134.46
13114,-117.0,-134.18
13115,-116.0,-133.98
13116,-139.0,-133.78
13117,-141.0,-133.64
13118,-145.0,-133.9
13119,-126.0,-134.02
13120,-121.0,-133.84
13121,-122.0,-133.55
13122,-141.0,-133.8
13123,-139.0,-133.96
13124,-142.0,-134.21
13125,-116.0,-134.14
13126,-116.0,-133.81
13127,-154.0,-133.96
13128,-123.0,-133.84
13129,-140.0,-133.86
13130,-119.0,-133.64
13131,-126.0,-133.52
13132,-116.0,-133.49
13133,-116.0,-133.07
13134,-116.0,-132.99
13135,-142.0,-133.24
13136,-137.0,-133.18
13137,-116.0,-132.94
13138,-141.0,-132.97
13139,-143.0,-132.96
13140,-152.0,-132.98
13141,-118.0,-132.76
13142,-144.0,-133.05
13143,-145.0,-133.07
13144,-153.0,-133.15
13145,-141.0,-133.18
13146,-142.0,-133.37
13147,-143.0,-133.41
13148,-124.0,-133.28
13149,-143.0,-133.54
13150,-117.0,-133.42
13151,-147.0,-133.73
13152,-155.0,-133.84
13153,-126.0,-133.71
13154,-134.0,-133.88
13155,-138.0,-133.86
13156,-165.0,-134.0
13157,-121.0,-134.03
13158,-139.0,-134.03
13159,-160.0,-134.49
13160,-150.0,-134.54
13161,-125.0,-134.5
13162,-155.0,-134.54
13163,-121.0,-134.54
13164,-137.0,-134.52
13165,-165.0,-134.66
13166,-134.0,-134.82
13167,-140.0,-134.7
13168,-139.0,-134.84
13169,-122.0,-134.91
13170,-145.0,-134.91
13171,-146.0,-135.19
13172,-153.0,-135.51
13173,-131.0,-135.6
13174,-118.0,-135.26
13175,-121.0,-135.02
13176,-127.0,-135.06
13177,-137.0,-135.03
13178,-136.0,-134.9
13179,-136.0,-134.89
13180,-144.0,-134.96
13181,-143.0,-135.21
13182,-126.0,-135.26
13183,-124.0,-135.11
13184,-150.0,-135.24
13185,-153.0,-135.37
13186,-126.0,-135.48
13187,-149.0,-135.6
13188,-151.0,-135.59
13189,-138.0,-135.69
13190,-116.0,-135.34
13191,-128.0,-135.43
13192,-124.0,-135.22
13193,-125.0,-135.09
13194,-113.0,-134.91
13195,-123.0,-134.61
13196,-156.0,-134.67
13197,-120.0,-134.63
13198,-116.0,-134.56
13199,-150.0,-134.67
13200,-151.0,-135.02
13201,-159.0,-135.23
13202,-120.0,-135.04
13203,-139.0,-135.19
13204,-125.0,-135.02
13205,-125.0,-134.73
13206,-121.0,-134.54
13207,-148.0,-134.54
13208,-112.0,-134.5
13209,-134.0,-134.68
13210,-143.0,-134.71
13211,-133.0,-134.88
13212,-159.0,-135.03
13213,-151.0,-135.1
13214,-124.0,-135.17
13215,-112.0,-135.13
13216,-146.0,-135.2
13217,-150.0,-135.29
13218,-151.0,-135.35
13219,-139.0,-135.48
13220,-128.0,-135.55
13221,-148.0,-135.81
13222,-119.0,-135.59
13223,-125.0,-135.45
13224,-126.0,-135.29
13225,-139.0,-135.52
13226,-139.0,-135.75
13227,-125.0,-135.46
13228,-123.0,-135.46
13229,-138.0,-135.44
13230,-143.0,-135.68
13231,-159.0,-136.01
13232,-124.0,-136.09
13233,-147.0,-136.4
13234,-140.0,-136.64
13235,-116.0,-136.38
13236,-148.0,-136.49
13237,-154.0,-136.87
13238,-125.0,-136.71
13239,-129.0,-136.57
13240,-123.0,-136.28
13241,-149.0,-136.59
13242,-161.0,-136.76
13243,-159.0,-136.9
13244,-151.0,-136.88
13245,-127.0,-136.74
13246,-123.0,-136.55
13247,-124.0,-136.36
13248,-144.0,-136.56
13249,-143.0,-136.56
13250,-140.0,-136.79
13251,-151.0,-136.83
13252,-128.0,-136.56
13253,-162.0,-136.92
13254,-122.0,-136.8
13255,-126.0,-136.68
13256,-163.0,-136.66
13257,-124.0,-136.69
13258,-154.0,-136.84
13259,-147.0,-136.71
13260,-127.0,-136.48
13261,-130.0,-136.53
13262,-158.0,-136.56
13263,-150.0,-136.85
13264,-149.0,-136.97
13265,-168.0,-137.0
13266,-157.0,-137.23
13267,-148.0,-137.31
13268,-158.0,-137.5
13269,-123.0,-137.51
13270,-154.0,-137.6
13271,-151.0,-137.65
13272,-150.0,-137.62
13273,-155.0,-137.86
13274,-129.0,-137.97
13275,-149.0,-138.25
13276,-151.0,-138.49
13277,-134.0,-138.46
13278,-154.0,-138.64
13279,-125.0,-138.53
13280,-153.0,-138.62
13281,-152.0,-138.71
13282,-150.0,-138.95
13283,-133.0,-139.04
13284,-150.0,-139.04
13285,-128.0,-138.79
13286,-153.0,-139.06
13287,-129.0,-138.86
13288,-130.0,-138.65
13289,-164.0,-138.91
13290,-133.0,-139.08
13291,-146.0,-139.26
13292,-168.0,-139.7
13293,-167.0,-140.12
13294,-148.0,-140.47
13295,-159.0,-140.83
13296,-159.0,-140.86
13297,-128.0,-140.94
13298,-163.0,-141.41
13299,-134.0,-141.25
13300,-127.0,-141.01
13301,-126.0,-140.68
13302,-149.0,-140.97
13303,-132.0,-140.9
13304,-165.0,-141.3
13305,-151.0,-141.56
13306,-129.0,-141.64
13307,-149.0,-141.65
13308,-133.0,-141.86
13309,-182.0,-142.34
13310,-151.0,-142.42
13311,-167.0,-142.76
13312,-134.0,-142.51
13313,-138.0,-142.38
13314,-133.0,-142.47
13315,-167.0,-143.02
13316,-162.0,-143.18
13317,-130.0,-142.98
13318,-151.0,-142.98
13319,-149.0,-143.08
13320,-165.0,-143.45
13321,-152.0,-143.49
13322,-154.0,-143.84
13323,-133.0,-143.92
13324,-129.0,-143.95
13325,-131.0,-143.87
13326,-154.0,-144.02
13327,-155.0,-144.32
13328,-134.0,-144.43
13329,-151.0,-144.56
13330,-169.0,-144.82
13331,-155.0,-144.78
13332,-173.0,-145.27
13333,-130.0,-145.1
13334,-155.0,-145.25
13335,-144.0,-145.53
13336,-154.0,-145.59
13337,-156.0,-145.61
13338,-152.0,-145.88
13339,-130.0,-145.89
13340,-155.0,-146.21
13341,-154.0,-146.26
13342,-130.0,-145.95
13343,-129.0,-145.65
13344,-165.0,-145.79
13345,-132.0,-145.84
13346,-135.0,-145.96
13347,-134.0,-146.06
13348,-126.0,-145.88
13349,-154.0,-145.99
13350,-152.0,-146.11
13351,-134.0,-145.94
13352,-200.0,-146.66
13353,-131.0,-146.35
13354,-136.0,-146.49
13355,-157.0,-146.8
13356,-169.0,-146.86
13357,-134.0,-146.96
13358,-160.0,-147.02
13359,-161.0,-147.16
13360,-154.0,-147.43
13361,-168.0,-147.81
13362,-130.0,-147.53
13363,-131.0,-147.34
13364,-133.0,-147.18
13365,-128.0,-146.78
13366,-134.0,-146.55
13367,-132.0,-146.39
13368,-160.0,-146.41
13369,-129.0,-146.47
13370,-136.0,-146.29
13371,-163.0,-146.41
13372,-139.0,-146.3
13373,-161.0,-146.36
13374,-154.0,-146.61
13375,-162.0,-146.74
13376,-157.0,-146.8
13377,-137.0,-146.83
13378,-127.0,-146.56
13379,-129.0,-146.6
13380,-135.0,-146.42
13381,-155.0,-146.45
13382,-143.0,-146.38
13383,-152.0,-146.57
13384,-132.0,-146.39
13385,-134.0,-146.45
13386,-135.0,-146.27
13387,-160.0,-146.58
13388,-129.0,-146.57
13389,-156.0,-146.49
13390,-142.0,-146.58
13391,-153.0,-146.65
13392,-159.0,-146.56
13393,-133.0,-146.22
13394,-170.0,-146.44
13395,-167.0,-146.52
13396,-155.0,-146.48
13397,-135.0,-146.55
13398,-172.0,-146.64
13399,-156.0,-146.86
13400,-138.0,-146.97
13401,-140.0,-147.11
13402,-158.0,-147.2
13403,-154.0,-147.42
13404,-140.0,-147.17
13405,-164.0,-147.3
13406,-153.0,-147.54
13407,-130.0,-147.35
13408,-152.0,-147.54
13409,-165.0,-147.37
13410,-134.0,-147.2
13411,-140.0,-146.93
13412,-140.0,-146.99
13413,-118.0,-146.79
13414,-142.0,-146.88
13415,-139.0,-146.6
13416,-124.0,-146.22
13417,-119.0,-146.11
13418,-156.0,-146.16
13419,-136.0,-146.03
13420,-117.0,-145.55
13421,-128.0,-145.31
13422,-116.0,-144.93
13423,-129.0,-144.89
13424,-133.0,-144.93
13425,-126.0,-144.88
13426,-140.0,-144.74
13427,-149.0,-144.68
13428,-134.0,-144.68
13429,-154.0,-144.71
13430,-129.0,-144.31
13431,-148.0,-144.24
13432,-149.0,-144.0
13433,-151.0,-144.21
13434,-153.0,-144.19
13435,-150.0,-144.25
13436,-159.0,-144.3
13437,-154.0,-144.28
13438,-151.0,-144.27
13439,-129.0,-144.26
13440,-115.0,-143.86
13441,-155.0,-143.87
13442,-151.0,-144.08
13443,-167.0,-144.46
13444,-150.0,-144.31
13445,-148.0,-144.47
13446,-146.0,-144.58
13447,-156.0,-144.8
13448,-156.0,-145.1
13449,-116.0,-144.72
13450,-159.0,-144.79
13451,-153.0,-144.98
13452,-127.0,-144.25
13453,-155.0,-144.49
13454,-155.0,-144.68
13455,-131.0,-144.42
13456,-131.0,-144.04
13457,-151.0,-144.21
13458,-125.0,-143.86
13459,-123.0,-143.48
13460,-129.0,-143.23
13461,-156.0,-143.11
13462,-151.0,-143.32
13463,-154.0,-143.55
13464,-126.0,-143.48
13465,-152.0,-143.72
13466,-149.0,-143.87
13467,-150.0,-144.05
13468,-162.0,-144.07
13469,-162.0,-144.4
13470,-157.0,-144.61
13471,-128.0,-144.26
13472,-162.0,-144.49
13473,-151.0,-144.39
13474,-127.0,-144.12
13475,-153.0,-144.03
13476,-129.0,-143.75
13477,-124.0,-143.62
13478,-151.0,-143.86
13479,-126.0,-143.83
13480,-161.0,-144.09
13481,-154.0,-144.08
13482,-156.0,-144.21
13483,-129.0,-143.98
13484,-159.0,-144.25
13485,-128.0,-144.19
13486,-153.0,-144.37
13487,-132.0,-144.09
13488,-126.0,-144.06
13489,-153.0,-144.03
13490,-128.0,-143.89
13491,-164.0,-144.0
13492,-157.0,-143.98
13493,-153.0,-144.18
13494,-130.0,-143.78
13495,-168.0,-143.79
13496,-130.0,-143.54
13497,-158.0,-143.77
13498,-171.0,-143.76
13499,-150.0,-143.7
13500,-131.0,-143.63
13501,-122.0,-143.45
13502,-126.0,-143.13
13503,-157.0,-143.16
13504,-118.0,-142.94
13505,-126.0,-142.56
13506,-133.0,-142.36
13507,-127.0,-142.33
13508,-165.0,-142.46
13509,-154.0,-142.35
13510,-129.0,-142.3
13511,-130.0,-142.2
13512,-128.0,-142.08
13513,-153.0,-142.43
13514,-154.0,-142.55
13515,-159.0,-142.75
13516,-165.0,-143.16
13517,-149.0,-143.46
13518,-133.0,-143.23
13519,-155.0,-143.42
13520,-126.0,-143.51
13521,-173.0,-143.96
13522,-161.0,-144.41
13523,-134.0,-144.46
13524,-171.0,-144.84
13525,-166.0,-145.24
13526,-162.0,-145.46
13527,-161.0,-145.58
13528,-185.0,-146.09
13529,-160.0,-146.15
13530,-159.0,-146.45
13531,-136.0,-146.33
13532,-189.0,-146.73
13533,-161.0,-146.83
13534,-137.0,-146.67
13535,-163.0,-146.8
13536,-187.0,-147.08
13537,-156.0,-147.1
13538,-161.0,-147.2
13539,-162.0,-147.53
13540,-160.0,-147.98
13541,-154.0,-147.97
13542,-172.0,-148.18
13543,-159.0,-148.1
13544,-159.0,-148.19
13545,-144.0,-148.15
13546,-178.0,-148.47
13547,-167.0,-148.58
13548,-162.0,-148.64
13549,-161.0,-149.09
13550,-163.0,-149.13
13551,-162.0,-149.22
13552,-160.0,-149.55
13553,-168.0,-149.68
13554,-162.0,-149.75
13555,-169.0,-150.13
13556,-172.0,-150.54
13557,-164.0,-150.67
13558,-189.0,-151.31
13559,-169.0,-151.77
13560,-165.0,-152.13
13561,-148.0,-152.05
13562,-168.0,-152.22
13563,-138.0,-152.06
13564,-147.0,-152.27
13565,-170.0,-152.45
13566,-141.0,-152.37
13567,-170.0,-152.57
13568,-141.0,-152.36
13569,-180.0,-152.54
13570,-144.0,-152.41
13571,-171.0,-152.84
13572,-176.0,-152.98
13573,-139.0,-152.86
13574,-160.0,-153.19
13575,-143.0,-153.09
13576,-137.0,-153.17
13577,-165.0,-153.58
13578,-175.0,-153.82
13579,-169.0,-154.25
13580,-138.0,-154.02
13581,-158.0,-154.06
13582,-169.0,-154.19
13583,-137.0,-154.27
13584,-164.0,-154.32
13585,-180.0,-154.84
13586,-200.0,-155.31
13587,-150.0,-155.49
13588,-140.0,-155.63
13589,-164.0,-155.74
13590,-165.0,-156.11
13591,-162.0,-156.09
13592,-139.0,-155.91
13593,-182.0,-156.2
13594,-151.0,-156.41
13595,-145.0,-156.18
13596,-165.0,-156.53
13597,-138.0,-156.33
13598,-143.0,-156.05
13599,-168.0,-156.23
13600,-147.0,-156.39
13601,-167.0,-156.84
13602,-141.0,-156.99
13603,-167.0,-157.09
13604,-200.0,-157.91
13605,-200.0,-158.65
13606,-158.0,-158.9
13607,-157.0,-159.2
13608,-158.0,-159.13
13609,-168.0,-159.27
13610,-168.0,-159.66
13611,-172.0,-160.08
13612,-162.0,-160.42
13613,-173.0,-160.62
13614,-162.0,-160.7
13615,-141.0,-160.52
13616,-139.0,-160.26
13617,-142.0,-160.19
13618,-165.0,-160.51
13619,-166.0,-160.62
13620,-149.0,-160.85
13621,-144.0,-160.56
13622,-166.0,-160.61
13623,-166.0,-160.93
13624,-144.0,-160.66
13625,-161.0,-160.61
13626,-160.0,-160.59
13627,-173.0,-160.71
13628,-167.0,-160.53
13629,-157.0,-160.5
13630,-146.0,-160.37
13631,-174.0,-160.75
13632,-167.0,-160.53
13633,-168.0,-160.6
13634,-174.0,-160.97
13635,-183.0,-161.17
13636,-172.0,-161.02
13637,-173.0,-161.19
13638,-171.0,-161.29
13639,-164.0,-161.31
13640,-178.0,-161.49
13641,-162.0,-161.57
13642,-185.0,-161.7
13643,-165.0,-161.76
13644,-168.0,-161.85
13645,-170.0,-162.11
13646,-164.0,-161.97
13647,-162.0,-161.92
13648,-171.0,-162.01
13649,-145.0,-161.85
13650,-172.0,-161.94
13651,-144.0,-161.76
13652,-146.0,-161.62
13653,-162.0,-161.56
13654,-162.0,-161.56
13655,-139.0,-161.26
13656,-141.0,-160.95
13657,-140.0,-160.71
13658,-162.0,-160.44
13659,-142.0,-160.17
13660,-162.0,-160.14
13661,-140.0,-160.06
13662,-149.0,-159.87
13663,-137.0,-159.86
13664,-156.0,-159.95
13665,-172.0,-159.97
13666,-169.0,-160.25
13667,-143.0,-159.98
13668,-139.0,-159.96
13669,-167.0,-159.83
13670,-164.0,-160.03
13671,-144.0,-159.76
13672,-163.0,-159.63
13673,-172.0,-159.96
13674,-136.0,-159.72
13675,-167.0,-159.96
13676,-141.0,-160.0
13677,-175.0,-160.1
13678,-165.0,-160.0
13679,-189.0,-160.2
13680,-185.0,-160.67
13681,-167.0,-160.76
13682,-171.0,-160.78
13683,-200.0,-161.41
13684,-200.0,-161.77
13685,-200.0,-161.97
13686,-200.0,-161.97
13687,-155.0,-162.02
13688,-134.0,-161.96
13689,-163.0,-161.95
13690,-135.0,-161.65
13691,-145.0,-161.48
13692,-170.0,-161.79
13693,-143.0,-161.4
13694,-146.0,-161.35
13695,-138.0,-161.28
13696,-146.0,-161.09
13697,-161.0,-161.32
13698,-176.0,-161.65
13699,-162.0,-161.59
13700,-138.0,-161.5
13701,-165.0,-161.48
13702,-171.0,-161.78
13703,-132.0,-161.43
13704,-142.0,-160.85
13705,-163.0,-160.48
13706,-136.0,-160.26
13707,-173.0,-160.42
13708,-153.0,-160.37
13709,-140.0,-160.09
13710,-169.0,-160.1
13711,-144.0,-159.82
13712,-140.0,-159.6
13713,-160.0,-159.47
13714,-164.0,-159.49
13715,-140.0,-159.48
13716,-160.0,-159.69
13717,-166.0,-159.93
13718,-139.0,-159.67
13719,-174.0,-159.75
13720,-161.0,-159.87
13721,-144.0,-159.87
13722,-136.0,-159.57
13723,-168.0,-159.59
13724,-142.0,-159.57
13725,-166.0,-159.62
13726,-167.0,-159.69
13727,-169.0,-159.65
13728,-149.0,-159.47
13729,-141.0,-159.31
13730,-166.0,-159.51
13731,-185.0,-159.62
13732,-146.0,-159.41
13733,-163.0,-159.36
13734,-166.0,-159.28
13735,-136.0,-158.81
13736,-149.0,-158.58
13737,-187.0,-158.72
13738,-144.0,-158.45
13739,-138.0,-158.19
13740,-185.0,-158.26
13741,-158.0,-158.22
13742,-145.0,-157.82
13743,-146.0,-157.63
13744,-134.0,-157.29
13745,-160.0,-157.19
13746,-168.0,-157.23
13747,-179.0,-157.4
13748,-168.0,-157.37
13749,-177.0,-157.69
13750,-173.0,-157.7
13751,-161.0,-157.87
13752,-181.0,-158.22
13753,-198.0,-158.58
13754,-200.0,-158.96
13755,-167.0,-159.24
13756,-186.0,-159.69
13757,-169.0,-159.98
13758,-177.0,-160.13
13759,-162.0,-160.33
13760,-145.0,-160.16
13761,-180.0,-160.56
13762,-153.0,-160.6
13763,-184.0,-161.07
13764,-184.0,-161.35
13765,-137.0,-161.0
13766,-148.0,-160.79
13767,-159.0,-160.95
13768,-140.0,-160.96
13769,-137.0,-160.66
13770,-135.0,-160.37
13771,-164.0,-160.57
13772,-159.0,-160.53
13773,-132.0,-160.13
13774,-167.0,-160.44
13775,-150.0,-160.27
13776,-171.0,-160.57
13777,-163.0,-160.45
13778,-139.0,-160.19
13779,-139.0,-159.69
13780,-144.0,-159.28
13781,-171.0,-159.32
13782,-134.0,-158.95
13783,-172.0,-158.67
13784,-174.0,-158.41
13785,-170.0,-158.11
13786,-159.0,-157.7
13787,-171.0,-157.86
13788,-169.0,-158.21
13789,-135.0,-157.93
13790,-144.0,-158.02
13791,-167.0,-158.24
13792,-139.0,-157.93
13793,-174.0,-158.24
13794,-194.0,-158.72
13795,-165.0,-158.99
13796,-185.0,-159.38
13797,-179.0,-159.56
13798,-168.0,-159.48
13799,-152.0,-159.38
13800,-180.0,-159.8
13801,-157.0,-159.72
13802,-189.0,-159.9
13803,-155.0,-160.13
13804,-182.0,-160.53
13805,-170.0,-160.6
13806,-142.0,-160.66
13807,-178.0,-160.71
13808,-179.0,-160.97
13809,-166.0,-161.23
13810,-185.0,-161.39
13811,-171.0,-161.66
13812,-175.0,-162.01
13813,-161.0,-162.02
13814,-169.0,-162.07
13815,-167.0,-162.34
13816,-164.0,-162.38
13817,-185.0,-162.57
13818,-152.0,-162.7
13819,-146.0,-162.42
13820,-143.0,-162.24
13821,-176.0,-162.56
13822,-176.0,-162.96
13823,-177.0,-163.05
13824,-138.0,-163.01
13825,-142.0,-162.77
13826,-170.0,-162.8
13827,-167.0,-162.78
13828,-165.0,-162.94
13829,-197.0,-163.5
13830,-177.0,-163.61
13831,-143.0,-163.19
13832,-200.0,-163.73
13833,-141.0,-163.51
13834,-169.0,-163.54
13835,-172.0,-163.9
13836,-173.0,-164.14
13837,-151.0,-163.78
13838,-140.0,-163.74
13839,-200.0,-164.36
13840,-176.0,-164.27
13841,-137.0,-164.06
13842,-151.0,-164.12
13843,-200.0,-164.66
13844,-142.0,-164.74
13845,-176.0,-164.9
13846,-200.0,-165.22
13847,-141.0,-164.84
13848,-200.0,-165.16
13849,-200.0,-165.39
13850,-200.0,-165.66
13851,-200.0,-166.05
13852,-200.0,-166.24
13853,-200.0,-166.26
13854,-180.0,-166.06
13855,-200.0,-166.39
13856,-200.0,-166.53
13857,-200.0,-166.84
13858,-200.0,-167.07
13859,-200.0,-167.45
13860,-200.0,-168.0
13861,-200.0,-168.2
13862,-200.0,-168.67
13863,-200.0,-168.83
13864,-200.0,-168.99
13865,-200.0,-169.62
13866,-200.0,-170.14
13867,-200.0,-170.55
13868,-200.0,-171.15
13869,-166.0,-171.44
13870,-157.0,-171.66
13871,-167.0,-171.69
13872,-200.0,-172.1
13873,-158.0,-172.36
13874,-200.0,-172.69
13875,-161.0,-172.8
13876,-148.0,-172.57
13877,-141.0,-172.35
13878,-142.0,-172.38
13879,-159.0,-172.58
13880,-166.0,-172.8
13881,-138.0,-172.47
13882,-139.0,-172.52
13883,-171.0,-172.51
13884,-159.0,-172.36
13885,-140.0,-172.06
13886,-150.0,-171.97
13887,-154.0,-171.8
13888,-165.0,-171.76
13889,-168.0,-172.09
13890,-170.0,-172.35
13891,-140.0,-172.08
13892,-159.0,-172.28
13893,-200.0,-172.54
13894,-138.0,-171.98
13895,-136.0,-171.69
13896,-160.0,-171.44
13897,-160.0,-171.25
13898,-165.0,-171.22
13899,-141.0,-171.11
13900,-146.0,-170.77
13901,-139.0,-170.59
13902,-159.0,-170.29
13903,-169.0,-170.43
13904,-137.0,-169.98
13905,-157.0,-169.85
13906,-138.0,-169.81
13907,-152.0,-169.55
13908,-147.0,-169.23
13909,-136.0,-168.93
13910,-137.0,-168.45
13911,-162.0,-168.36
13912,-164.0,-168.25
13913,-142.0,-168.06
13914,-148.0,-167.85
13915,-200.0,-168.18
13916,-111.0,-167.65
13917,-110.0,-166.9
13918,-163.0,-167.01
13919,-139.0,-166.94
13920,-159.0,-167.1
13921,-142.0,-166.76
13922,-142.0,-166.42
13923,-151.0,-166.16
13924,-200.0,-166.78
13925,-200.0,-167.36
13926,-134.0,-167.0
13927,-195.0,-167.28
13928,-145.0,-167.08
13929,-141.0,-166.52
13930,-159.0,-166.34
13931,-138.0,-166.29
13932,-182.0,-166.11
13933,-196.0,-166.66
13934,-138.0,-166.35
13935,-140.0,-166.03
13936,-110.0,-165.4
13937,-159.0,-165.48
13938,-144.0,-165.52
13939,-138.0,-164.9
13940,-152.0,-164.66
13941,-148.0,-164.77
13942,-173.0,-164.99
13943,-193.0,-164.92
13944,-148.0,-164.98
13945,-151.0,-164.73
13946,-136.0,-164.09
13947,-108.0,-163.76
13948,-151.0,-163.27
13949,-140.0,-162.67
13950,-190.0,-162.57
13951,-108.0,-161.65
13952,-109.0,-160.74
13953,-177.0,-160.51
13954,-195.0,-160.66
13955,-153.0,-160.19
13956,-158.0,-159.77
13957,-170.0,-159.47
13958,-112.0,-158.59
13959,-161.0,-158.2
13960,-161.0,-157.81
13961,-135.0,-157.16
13962,-155.0,-156.71
13963,-164.0,-156.35
13964,-170.0,-156.05
13965,-155.0,-155.6
13966,-126.0,-154.86
13967,-108.0,-153.94
13968,-153.0,-153.47
13969,-108.0,-152.89
13970,-171.0,-153.03
13971,-169.0,-153.05
13972,-148.0,-152.53
13973,-164.0,-152.59
13974,-146.0,-152.05
13975,-151.0,-151.95
13976,-111.0,-151.58
13977,-128.0,-151.45
13978,-137.0,-151.4
13979,-153.0,-151.34
13980,-146.0,-151.14
13981,-166.0,-151.42
13982,-127.0,-151.3
13983,-131.0,-150.9
13984,-148.0,-150.79
13985,-108.0,-150.47
13986,-149.0,-150.46
13987,-135.0,-150.27
13988,-145.0,-150.07
13989,-145.0,-149.84
13990,-177.0,-149.91
13991,-155.0,-150.06
13992,-172.0,-150.19
13993,-144.0,-149.63
13994,-145.0,-149.7
13995,-142.0,-149.76
13996,-152.0,-149.68
13997,-173.0,-149.81
13998,-141.0,-149.57
13999,-154.0,-149.7
14000,-109.0,-149.33
14001,-151.0,-149.45
14002,-127.0,-149.13
14003,-200.0,-149.44
14004,-146.0,-149.53
14005,-200.0,-149.96
14006,-171.0,-150.29
14007,-150.0,-150.27
14008,-148.0,-150.28
14009,-147.0,-150.39
14010,-179.0,-150.81
14011,-176.0,-150.95
14012,-146.0,-150.77
14013,-157.0,-150.92
14014,-108.0,-150.52
14015,-140.0,-149.92
14016,-108.0,-149.89
14017,-150.0,-150.29
14018,-149.0,-150.15
14019,-146.0,-150.22
14020,-113.0,-149.76
14021,-152.0,-149.86
14022,-107.0,-149.51
14023,-168.0,-149.68
14024,-159.0,-149.27
14025,-155.0,-148.82
14026,-153.0,-149.01
14027,-148.0,-148.54
14028,-153.0,-148.62
14029,-161.0,-148.82
14030,-105.0,-148.28
14031,-115.0,-148.05
14032,-159.0,-147.82
14033,-108.0,-146.94
14034,-123.0,-146.79
14035,-147.0,-146.86
14036,-153.0,-147.29
14037,-105.0,-146.75
14038,-107.0,-146.38
14039,-148.0,-146.48
14040,-124.0,-146.2
14041,-164.0,-146.36
14042,-150.0,-146.13
14043,-150.0,-145.7
14044,-158.0,-145.8
14045,-149.0,-145.78
14046,-108.0,-145.5
14047,-145.0,-145.87
14048,-149.0,-145.85
14049,-108.0,-145.53
14050,-150.0,-145.13
14051,-149.0,-145.54
14052,-149.0,-145.94
14053,-153.0,-145.7
14054,-109.0,-144.84
14055,-153.0,-144.84
14056,-157.0,-144.83
14057,-108.0,-144.21
14058,-159.0,-144.68
14059,-153.0,-144.6
14060,-149.0,-144.48
14061,-157.0,-144.7
14062,-147.0,-144.62
14063,-108.0,-144.06
14064,-161.0,-143.97
14065,-109.0,-143.51
14066,-108.0,-143.33
14067,-152.0,-143.77
14068,-150.0,-143.74
14069,-152.0,-144.18
14070,-149.0,-143.96
14071,-153.0,-143.8
14072,-109.0,-143.41
14073,-153.0,-143.3
14074,-109.0,-142.93
14075,-149.0,-142.91
14076,-200.0,-143.8
14077,-164.0,-144.16
14078,-148.0,-144.27
14079,-151.0,-144.25
14080,-144.0,-144.23
14081,-108.0,-143.65
14082,-152.0,-143.9
14083,-154.0,-144.13
14084,-151.0,-144.16
14085,-109.0,-144.17
14086,-108.0,-143.76
14087,-159.0,-144.0
14088,-146.0,-144.01
14089,-109.0,-143.65
14090,-155.0,-143.43
14091,-159.0,-143.47
14092,-144.0,-143.19
14093,-147.0,-143.22
14094,-108.0,-142.85
14095,-148.0,-142.91
14096,-144.0,-142.83
14097,-153.0,-142.63
14098,-147.0,-142.69
14099,-110.0,-142.25
14100,-150.0,-142.66
14101,-146.0,-142.61
14102,-145.0,-142.79
14103,-149.0,-142.28
14104,-109.0,-141.91
14105,-146.0,-141.37
14106,-155.0,-141.21
14107,-149.0,-141.2
14108,-144.0,-141.16
14109,-152.0,-141.21
14110,-150.0,-140.92
14111,-109.0,-140.25
14112,-109.0,-139.88
14113,-109.0,-139.4
14114,-159.0,-139.91
14115,-152.0,-140.03
14116,-158.0,-140.53
14117,-151.0,-140.54
14118,-148.0,-140.53
14119,-109.0,-140.16
14120,-148.0,-140.51
14121,-109.0,-140.08
14122,-145.0,-140.46
14123,-148.0,-140.26
14124,-109.0,-139.76
14125,-109.0,-139.3
14126,-152.0,-139.29
14127,-145.0,-139.26
14128,-108.0,-138.81
14129,-150.0,-138.7
14130,-153.0,-139.18
14131,-147.0,-139.5
14132,-147.0,-139.38
14133,-146.0,-139.76
14134,-152.0,-140.05
14135,-108.0,-139.66
14136,-150.0,-139.63
14137,-150.0,-140.08
14138,-109.0,-140.1
14139,-109.0,-139.71
14140,-108.0,-139.55
14141,-109.0,-139.0
14142,-200.0,-139.5
14143,-157.0,-139.57
14144,-108.0,-139.07
14145,-147.0,-139.05
14146,-147.0,-139.44
14147,-108.0,-139.07
14148,-111.0,-138.69
14149,-149.0,-139.1
14150,-150.0,-139.1
14151,-154.0,-139.15
14152,-146.0,-139.12
14153,-168.0,-139.27
14154,-145.0,-139.63
14155,-143.0,-139.53
14156,-108.0,-139.04
14157,-109.0,-139.05
14158,-109.0,-138.55
14159,-146.0,-138.48
14160,-108.0,-138.07
14161,-110.0,-137.6
14162,-148.0,-137.61
14163,-110.0,-137.63
14164,-108.0,-137.1
14165,-145.0,-137.46
14166,-108.0,-137.46
14167,-107.0,-137.01
14168,-142.0,-136.93
14169,-109.0,-136.5
14170,-151.0,-136.52
14171,-144.0,-136.43
14172,-110.0,-136.44
14173,-108.0,-135.99
14174,-139.0,-136.29
14175,-143.0,-136.23
14176,-108.0,-135.31
14177,-108.0,-134.75
14178,-139.0,-134.66
14179,-142.0,-134.57
14180,-108.0,-134.21
14181,-110.0,-134.23
14182,-160.0,-134.31
14183,-140.0,-134.17
14184,-145.0,-134.11
14185,-157.0,-134.59
14186,-109.0,-134.6
14187,-109.0,-134.1
14188,-109.0,-133.73
14189,-152.0,-134.16
14190,-109.0,-133.7
14191,-109.0,-133.2
14192,-143.0,-133.19
14193,-145.0,-133.17
14194,-109.0,-133.18
14195,-109.0,-132.79
14196,-145.0,-132.8
14197,-110.0,-132.37
14198,-146.0,-132.36
14199,-143.0,-132.69
14200,-144.0,-132.63
14201,-143.0,-132.6
14202,-143.0,-132.58
14203,-109.0,-132.18
14204,-147.0,-132.56
14205,-150.0,-132.6
14206,-109.0,-132.14
14207,-144.0,-132.09
14208,-110.0,-131.75
14209,-110.0,-131.33
14210,-142.0,-131.25
14211,-142.0,-131.58
14212,-111.0,-131.6
14213,-146.0,-131.97
14214,-141.0,-131.79
14215,-110.0,-131.37
14216,-109.0,-130.88
14217,-149.0,-130.86
14218,-110.0,-130.48
14219,-110.0,-130.49
14220,-110.0,-130.11
14221,-138.0,-130.4
14222,-110.0,-130.05
14223,-148.0,-130.05
14224,-110.0,-130.06
14225,-139.0,-130.36
14226,-146.0,-130.3
14227,-110.0,-129.95
14228,-146.0,-130.33
14229,-153.0,-130.36
14230,-110.0,-129.93
14231,-199.0,-130.45
14232,-148.0,-130.46
14233,-141.0,-130.41
14234,-109.0,-129.98
14235,-140.0,-130.3
14236,-150.0,-130.3
14237,-109.0,-129.89
14238,-147.0,-130.27
14239,-147.0,-130.65
14240,-144.0,-131.01
14241,-110.0,-131.02
14242,-146.0,-130.48
14243,-109.0,-130.0
14244,-149.0,-130.41
14245,-109.0,-130.03
14246,-109.0,-129.65
14247,-139.0,-129.96
14248,-109.0,-129.94
14249,-110.0,-129.55
14250,-151.0,-129.56
14251,-108.0,-129.1
14252,-110.0,-128.74
14253,-147.0,-128.53
14254,-140.0,-128.48
14255,-144.0,-128.49
14256,-151.0,-128.92
14257,-108.0,-128.91
14258,-154.0,-129.36
14259,-145.0,-129.35
14260,-139.0,-129.66
14261,-200.0,-130.56
14262,-157.0,-130.65
14263,-109.0,-130.64
14264,-109.0,-130.65
14265,-145.0,-130.65
14266,-109.0,-130.66
14267,-145.0,-131.04
14268,-142.0,-131.04
14269,-108.0,-131.03
14270,-108.0,-130.6
14271,-144.0,-130.6
14272,-145.0,-130.95
14273,-146.0,-131.33
14274,-109.0,-131.03
14275,-141.0,-131.01
14276,-143.0,-131.36
14277,-139.0,-131.67
14278,-108.0,-131.36
14279,-109.0,-131.03
14280,-143.0,-131.38
14281,-109.0,-131.37
14282,-144.0,-131.21
14283,-108.0,-130.89
14284,-147.0,-130.91
14285,-148.0,-130.82
14286,-155.0,-131.28
14287,-109.0,-131.28
14288,-109.0,-131.28
14289,-146.0,-131.22
14290,-152.0,-131.65
14291,-109.0,-131.65
14292,-144.0,-131.66
14293,-141.0,-131.62
14294,-109.0,-131.62
14295,-144.0,-131.97
14296,-109.0,-131.61
14297,-108.0,-131.59
14298,-144.0,-131.57
14299,-156.0,-131.7
14300,-143.0,-131.69
14301,-150.0,-131.76
14302,-152.0,-131.85
14303,-109.0,-131.85
14304,-151.0,-131.89
14305,-108.0,-131.47
14306,-146.0,-131.84
14307,-108.0,-131.48
14308,-200.0,-132.38
14309,-108.0,-132.36
14310,-156.0,-132.5
14311,-144.0,-132.52
14312,-109.0,-132.5
14313,-108.0,-132.12
14314,-109.0,-131.8
14315,-108.0,-131.78
14316,-109.0,-131.78
14317,-152.0,-131.81
14318,-110.0,-131.81
14319,-142.0,-132.13
14320,-146.0,-132.49
14321,-109.0,-132.2
14322,-147.0,-132.57
14323,-109.0,-132.18
14324,-195.0,-133.03
14325,-142.0,-133.06
14326,-144.0,-133.04
14327,-110.0,-133.04
14328,-111.0,-132.69
14329,-144.0,-132.6
14330,-161.0,-133.11
14331,-109.0,-132.21
14332,-147.0,-132.2
14333,-148.0,-132.27
14334,-150.0,-132.68
14335,-147.0,-132.75
14336,-142.0,-132.67
14337,-120.0,-132.78
14338,-108.0,-132.39
14339,-109.0,-132.01
14340,-108.0,-131.65
14341,-146.0,-132.01
14342,-145.0,-132.0
14343,-195.0,-132.86
14344,-109.0,-132.46
14345,-145.0,-132.82
14346,-157.0,-133.3
14347,-109.0,-133.0
14348,-141.0,-133.32
14349,-109.0,-133.31
14350,-144.0,-133.24
14351,-113.0,-133.29
14352,-195.0,-134.14
14353,-109.0,-133.76
14354,-148.0,-133.84
14355,-149.0,-133.89
14356,-152.0,-133.9
14357,-144.0,-134.26
14358,-113.0,-133.85
14359,-154.0,-133.94
14360,-110.0,-133.65
14361,-145.0,-133.1
14362,-149.0,-133.02
14363,-151.0,-133.44
14364,-141.0,-133.76
14365,-143.0,-133.74
14366,-109.0,-133.74
14367,-143.0,-133.72
14368,-147.0,-133.77
14369,-108.0,-133.77
14370,-109.0,-133.78
14371,-154.0,-133.88
14372,-151.0,-133.94
14373,-108.0,-133.56
14374,-151.0,-133.98
14375,-110.0,-133.67
14376,-145.0,-133.69
14377,-109.0,-133.39
14378,-143.0,-133.74
14379,-150.0,-134.15
14380,-145.0,-134.17
14381,-151.0,-134.59
14382,-109.0,-134.24
14383,-142.0,-134.58
14384,-109.0,-134.2
14385,-109.0,-133.81
14386,-154.0,-133.8
14387,-151.0,-134.22
14388,-110.0,-134.23
14389,-109.0,-133.86
14390,-145.0,-133.79
14391,-148.0,-134.18
14392,-109.0,-133.83
14393,-146.0,-133.88
14394,-145.0,-134.24
14395,-109.0,-133.89
14396,-146.0,-134.26
14397,-109.0,-134.27
14398,-110.0,-133.93
14399,-143.0,-133.8
14400,-108.0,-133.45
14401,-111.0,-133.06
14402,-109.0,-132.63
14403,-147.0,-133.01
14404,-153.0,-133.03
14405,-148.0,-133.43
14406,-151.0,-133.48
14407,-108.0,-133.48
14408,-144.0,-132.92
14409,-152.0,-133.36
14410,-151.0,-133.31
14411,-143.0,-133.3
14412,-149.0,-133.7
14413,-108.0,-133.7
14414,-111.0,-133.72
14415,-109.0,-133.73
14416,-108.0,-133.72
14417,-147.0,-133.67
14418,-110.0,-133.67
14419,-151.0,-133.76
14420,-108.0,-133.38
14421,-152.0,-133.81
14422,-112.0,-133.46
14423,-152.0,-133.89
14424,-146.0,-133.4
14425,-111.0,-133.09
14426,-109.0,-132.74
14427,-149.0,-133.13
14428,-108.0,-133.1
14429,-108.0,-132.74
14430,-109.0,-132.22
14431,-148.0,-132.61
14432,-145.0,-132.59
14433,-109.0,-132.2
14434,-142.0,-132.12
14435,-113.0,-131.78
14436,-145.0,-131.81
14437,-132.0,-131.93
14438,-145.0,-132.3
14439,-109.0,-132.3
14440,-141.0,-132.63
14441,-145.0,-132.62
14442,-110.0,-132.27
14443,-145.0,-131.77
14444,-142.0,-132.1
14445,-111.0,-131.76
14446,-108.0,-131.27
14447,-108.0,-131.26
14448,-109.0,-130.94
14449,-155.0,-131.4
14450,-109.0,-131.05
14451,-110.0,-131.02
14452,-145.0,-130.52
14453,-110.0,-130.53
14454,-153.0,-130.58
14455,-155.0,-130.64
14456,-109.0,-130.21
14457,-109.0,-129.86
14458,-110.0,-129.83
14459,-150.0,-129.79
14460,-147.0,-130.16
14461,-155.0,-130.26
14462,-154.0,-130.31
14463,-108.0,-129.88
14464,-123.0,-129.7
14465,-146.0,-129.73
14466,-109.0,-129.73
14467,-148.0,-129.78
14468,-145.0,-129.76
14469,-149.0,-130.17
14470,-109.0,-130.17
14471,-143.0,-130.06
14472,-144.0,-129.99
14473,-109.0,-130.0
14474,-150.0,-129.99
14475,-152.0,-130.41
14476,-144.0,-130.4
14477,-147.0,-130.78
14478,-109.0,-130.44
14479,-109.0,-130.03
14480,-144.0,-130.02
14481,-157.0,-130.08
14482,-146.0,-130.45
14483,-149.0,-130.52
14484,-110.0,-130.53
14485,-108.0,-130.52
14486,-108.0,-130.06
14487,-109.0,-129.64
14488,-149.0,-130.03
14489,-142.0,-130.36
14490,-110.0,-130.01
14491,-141.0,-129.94
14492,-110.0,-129.95
14493,-146.0,-129.95
14494,-144.0,-129.94
14495,-144.0,-130.29
14496,-156.0,-130.39
14497,-109.0,-130.39
14498,-109.0,-130.38
14499,-158.0,-130.53
14500,-148.0,-130.93
14501,-109.0,-130.91
14502,-155.0,-131.37
14503,-109.0,-130.99
14504,-109.0,-130.55
14505,-145.0,-130.52
14506,-109.0,-130.1
14507,-152.0,-130.54
14508,-109.0,-130.19
14509,-151.0,-130.18
14510,-146.0,-130.13
14511,-108.0,-129.78
14512,-108.0,-129.37
14513,-109.0,-129.38
14514,-117.0,-129.44
14515,-108.0,-129.43
14516,-109.0,-129.44
14517,-157.0,-129.54
14518,-148.0,-129.92
14519,-109.0,-129.5
14520,-146.0,-129.88
14521,-145.0,-129.81
14522,-146.0,-130.15
14523,-147.0,-130.1
14524,-148.0,-130.12
14525,-109.0,-130.1
14526,-151.0,-130.52
14527,-144.0,-130.47
14528,-108.0,-130.47
14529,-150.0,-130.89
14530,-143.0,-131.23
14531,-146.0,-131.21
14532,-150.0,-131.26
14533,-109.0,-131.26
14534,-150.0,-131.34
14535,-150.0,-131.71
14536,-158.0,-131.84
14537,-145.0,-131.97
14538,-143.0,-131.95
14539,-108.0,-131.94
14540,-149.0,-132.02
14541,-149.0,-132.06
14542,-145.0,-132.41
14543,-108.0,-132.04
14544,-149.0,-132.11
14545,-153.0,-132.53
14546,-109.0,-132.54
14547,-150.0,-132.96
14548,-144.0,-133.31
14549,-150.0,-133.26
14550,-108.0,-133.25
14551,-147.0,-133.62
14552,-147.0,-133.64
14553,-147.0,-134.01
14554,-145.0,-133.93
14555,-109.0,-133.47
14556,-108.0,-133.46
14557,-144.0,-133.81
14558,-109.0,-133.8
14559,-152.0,-133.82
14560,-151.0,-133.86
14561,-148.0,-133.79
14562,-148.0,-133.73
14563,-140.0,-134.05
14564,-142.0,-134.24
14565,-143.0,-134.21
14566,-150.0,-134.62
14567,-109.0,-134.23
14568,-147.0,-134.25
14569,-150.0,-134.26
14570,-147.0,-134.64
14571,-108.0,-134.29
14572,-110.0,-133.95
14573,-149.0,-134.35
14574,-108.0,-133.93
14575,-151.0,-133.92
14576,-148.0,-133.96
14577,-108.0,-133.57
14578,-150.0,-133.98
14579,-143.0,-134.32
14580,-148.0,-134.36
14581,-111.0,-133.9
14582,-109.0,-133.53
14583,-109.0,-133.13
14584,-157.0,-133.6
14585,-152.0,-134.04
14586,-108.0,-134.04
14587,-148.0,-134.43
14588,-136.0,-134.3
14589,-108.0,-133.96
14590,-108.0,-133.94
14591,-151.0,-134.04
14592,-150.0,-134.44
14593,-152.0,-134.5
14594,-151.0,-134.57
14595,-113.0,-134.26
14596,-144.0,-134.14
14597,-109.0,-134.14
14598,-110.0,-134.15
14599,-156.0,-134.13
14600,-109.0,-133.74
14601,-148.0,-134.13
14602,-148.0,-134.06
14603,-149.0,-134.46
14604,-142.0,-134.79
14605,-145.0,-134.79
14606,-143.0,-135.13
14607,-109.0,-134.7
14608,-144.0,-135.05
14609,-109.0,-134.63
14610,-108.0,-134.25
14611,-110.0,-134.27
14612,-108.0,-134.27
14613,-148.0,-134.66
14614,-145.0,-134.94
14615,-143.0,-135.29
14616,-108.0,-135.28
14617,-144.0,-135.15
14618,-149.0,-135.16
14619,-109.0,-135.16
14620,-108.0,-134.78
14621,-144.0,-134.77
14622,-144.0,-134.75
14623,-121.0,-134.49
14624,-109.0,-134.1
14625,-163.0,-134.64
14626,-155.0,-134.68
14627,-108.0,-134.32
14628,-118.0,-134.42
14629,-144.0,-134.36
14630,-144.0,-134.37
14631,-109.0,-134.0
14632,-108.0,-133.58
14633,-147.0,-133.96
14634,-151.0,-133.97
14635,-108.0,-133.55
14636,-109.0,-133.06
14637,-110.0,-132.71
14638,-142.0,-132.7
14639,-109.0,-132.71
14640,-143.0,-132.65
14641,-151.0,-132.67
14642,-148.0,-132.7
14643,-109.0,-132.71
14644,-154.0,-132.76
14645,-143.0,-132.66
14646,-109.0,-132.66
14647,-108.0,-132.24
14648,-142.0,-132.22
14649,-150.0,-132.22
14650,-152.0,-132.66
14651,-152.0,-132.71
14652,-151.0,-132.75
14653,-151.0,-132.79
14654,-109.0,-132.43
14655,-148.0,-132.82
14656,-145.0,-133.19
14657,-152.0,-133.27
14658,-153.0,-133.71
14659,-142.0,-133.61
14660,-109.0,-133.19
14661,-108.0,-132.79
14662,-108.0,-132.39
14663,-110.0,-132.09
14664,-109.0,-131.76
14665,-155.0,-131.88
14666,-150.0,-131.88
14667,-155.0,-132.34
14668,-140.0,-132.27
14669,-110.0,-131.87
14670,-141.0,-131.81
14671,-109.0,-131.82
14672,-157.0,-132.29
14673,-109.0,-131.89
14674,-109.0,-131.9
14675,-108.0,-131.47
14676,-142.0,-131.41
14677,-144.0,-131.77
14678,-110.0,-131.37
14679,-109.0,-131.03
14680,-109.0,-130.64
14681,-108.0,-130.61
14682,-146.0,-130.98
14683,-140.0,-131.29
14684,-144.0,-131.16
14685,-145.0,-131.09
14686,-108.0,-131.09
14687,-143.0,-131.04
14688,-143.0,-131.11
14689,-110.0,-131.13
14690,-108.0,-131.13
14691,-110.0,-130.72
14692,-155.0,-130.77
14693,-110.0,-130.35
14694,-152.0,-130.36
14695,-155.0,-130.78
14696,-110.0,-130.44
14697,-116.0,-130.51
14698,-145.0,-130.86
14699,-146.0,-130.76
14700,-141.0,-131.08
14701,-112.0,-130.72
14702,-109.0,-130.33
14703,-109.0,-129.93
14704,-109.0,-129.6
14705,-151.0,-129.66
14706,-108.0,-129.31
14707,-144.0,-129.66
14708,-109.0,-129.31
14709,-110.0,-129.32
14710,-144.0,-129.68
14711,-142.0,-130.0
14712,-109.0,-130.01
14713,-109.0,-129.62
14714,-147.0,-129.64
14715,-156.0,-129.77
14716,-145.0,-130.14
14717,-108.0,-129.78
14718,-141.0,-129.7
14719,-109.0,-129.7
14720,-142.0,-130.04
14721,-143.0,-130.03
14722,-143.0,-130.02
14723,-149.0,-130.3
14724,-110.0,-130.31
14725,-108.0,-129.76
14726,-119.0,-129.4
14727,-155.0,-129.87
14728,-143.0,-130.12
14729,-160.0,-130.28
14730,-110.0,-129.94
14731,-146.0,-130.31
14732,-142.0,-130.65
14733,-109.0,-130.27
14734,-109.0,-129.85
14735,-109.0,-129.86
14736,-155.0,-130.32
14737,-144.0,-130.66
14738,-155.0,-130.79
14739,-157.0,-131.27
14740,-109.0,-130.93
14741,-153.0,-130.95
14742,-109.0,-130.56
14743,-109.0,-130.56
14744,-111.0,-130.13
14745,-148.0,-130.18
14746,-149.0,-130.58
14747,-152.0,-131.02
14748,-144.0,-131.04
14749,-108.0,-130.62
14750,-108.0,-130.18
14751,-158.0,-130.24
14752,-152.0,-130.25
14753,-109.0,-129.83
14754,-108.0,-129.82
14755,-145.0,-129.79
14756,-149.0,-129.83
14757,-109.0,-129.4
14758,-110.0,-128.97
14759,-109.0,-128.64
14760,-152.0,-129.07
14761,-108.0,-129.07
14762,-143.0,-129.42
14763,-143.0,-129.75
14764,-143.0,-130.09
14765,-142.0,-129.96
14766,-141.0,-129.87
14767,-112.0,-129.44
14768,-108.0,-129.12
14769,-159.0,-129.61
14770,-147.0,-129.67
14771,-143.0,-130.01
14772,-143.0,-129.87
14773,-141.0,-130.19
14774,-151.0,-130.61
14775,-109.0,-130.62
14776,-140.0,-130.6
14777,-149.0,-130.65
14778,-143.0,-130.98
14779,-108.0,-130.97
14780,-142.0,-131.3
14781,-108.0,-131.3
14782,-109.0,-130.93
14783,-109.0,-130.62
14784,-141.0,-130.59
14785,-108.0,-130.22
14786,-137.0,-130.51
14787,-152.0,-130.6
14788,-108.0,-130.25
14789,-109.0,-130.24
14790,-144.0,-130.6
14791,-147.0,-130.97
14792,-135.0,-130.77
14793,-110.0,-130.77
14794,-108.0,-130.33
14795,-139.0,-130.17
14796,-142.0,-130.49
14797,-109.0,-130.42
14798,-108.0,-130.05
14799,-109.0,-129.68
14800,-153.0,-129.8
14801,-137.0,-130.05
14802,-139.0,-130.35
14803,-110.0,-130.36
14804,-110.0,-130.37
14805,-109.0,-129.95
14806,-141.0,-130.28
14807,-145.0,-130.29
14808,-149.0,-130.69
14809,-142.0,-131.01
14810,-109.0,-130.66
14811,-110.0,-130.34
14812,-108.0,-130.33
14813,-136.0,-130.6
14814,-109.0,-130.22
14815,-146.0,-130.12
14816,-109.0,-129.76
14817,-108.0,-129.76
14818,-108.0,-129.43
14819,-109.0,-129.43
14820,-157.0,-129.58
14821,-109.0,-129.24
14822,-141.0,-129.22
14823,-142.0,-129.15
14824,-147.0,-129.52
14825,-109.0,-129.53
14826,-141.0,-129.75
14827,-109.0,-129.29
14828,-108.0,-128.94
14829,-109.0,-128.43
14830,-139.0,-128.72
14831,-151.0,-128.77
14832,-138.0,-128.73
14833,-147.0,-129.11
14834,-141.0,-129.43
14835,-109.0,-129.43
14836,-150.0,-129.38
14837,-153.0,-129.47
14838,-147.0,-129.39
14839,-142.0,-129.24
14840,-108.0,-129.23
14841,-109.0,-128.79
14842,-148.0,-129.18
14843,-142.0,-129.51
14844,-109.0,-129.49
14845,-142.0,-129.43
14846,-111.0,-129.05
14847,-138.0,-128.91
14848,-176.0,-129.23
14849,-153.0,-129.68
14850,-108.0,-129.68
14851,-109.0,-129.19
14852,-147.0,-129.14
14853,-153.0,-129.58
14854,-108.0,-129.58
14855,-109.0,-129.22
14856,-148.0,-129.21
14857,-162.0,-129.74
14858,-108.0,-129.72
14859,-108.0,-129.71
14860,-166.0,-129.85
14861,-146.0,-130.23
14862,-154.0,-130.34
14863,-109.0,-130.0
14864,-109.0,-129.66
14865,-155.0,-129.79
14866,-109.0,-129.47
14867,-145.0,-129.8
14868,-108.0,-129.8
14869,-108.0,-129.29
14870,-146.0,-129.28
14871,-110.0,-128.95
14872,-108.0,-128.6
14873,-109.0,-128.28
14874,-109.0,-127.86
14875,-145.0,-128.22
14876,-109.0,-127.91
14877,-152.0,-127.94
14878,-140.0,-127.91
14879,-145.0,-128.28
14880,-157.0,-128.43
14881,-148.0,-128.83
14882,-148.0,-129.22
14883,-152.0,-129.65
14884,-109.0,-129.33
14885,-160.0,-129.85
14886,-155.0,-130.03
14887,-154.0,-130.05
14888,-149.0,-130.46
14889,-109.0,-130.46
14890,-142.0,-130.44
14891,-162.0,-130.59
14892,-109.0,-130.33
14893,-108.0,-130.31
14894,-154.0,-130.77
14895,-159.0,-130.97
14896,-141.0,-130.96
14897,-161.0,-131.48
14898,-110.0,-131.5
14899,-159.0,-132.0
14900,-163.0,-132.1
14901,-147.0,-132.2
14902,-108.0,-131.89
14903,-171.0,-132.5
14904,-142.0,-132.82
14905,-155.0,-133.28
14906,-109.0,-132.96
14907,-108.0,-132.59
14908,-121.0,-132.31
14909,-154.0,-132.43
14910,-154.0,-132.88
14911,-109.0,-132.87
14912,-159.0,-133.38
14913,-155.0,-133.57
14914,-152.0,-134.0
14915,-165.0,-134.19
14916,-108.0,-134.18
14917,-109.0,-134.19
14918,-108.0,-134.19
14919,-155.0,-134.65
14920,-109.0,-134.17
14921,-110.0,-134.18
14922,-156.0,-134.33
14923,-160.0,-134.51
14924,-109.0,-134.13
14925,-158.0,-134.62
14926,-147.0,-134.68
14927,-109.0,-134.68
14928,-157.0,-135.17
14929,-139.0,-135.47
14930,-108.0,-135.16
14931,-109.0,-134.74
14932,-164.0,-135.0
14933,-136.0,-134.89
14934,-108.0,-134.56
14935,-159.0,-135.06
14936,-157.0,-135.13
14937,-111.0,-134.71
14938,-169.0,-134.93
14939,-153.0,-135.04
14940,-158.0,-135.54
14941,-109.0,-135.54
14942,-109.0,-135.15
14943,-108.0,-134.81
14944,-108.0,-134.8
14945,-158.0,-134.96
14946,-109.0,-134.94
14947,-110.0,-134.66
14948,-109.0,-133.99
14949,-139.0,-133.85
14950,-157.0,-134.34
14951,-137.0,-134.62
14952,-117.0,-134.32
14953,-158.0,-134.37
14954,-160.0,-134.89
14955,-109.0,-134.89
14956,-109.0,-134.5
14957,-109.0,-133.97
14958,-157.0,-134.46
14959,-138.0,-134.76
14960,-109.0,-134.19
14961,-157.0,-134.3
14962,-168.0,-134.44
14963,-172.0,-135.07
14964,-110.0,-135.08
14965,-112.0,-134.65
14966,-161.0,-135.17
14967,-110.0,-134.82
14968,-159.0,-135.33
14969,-140.0,-135.65
14970,-108.0,-135.27
14971,-157.0,-135.74
14972,-154.0,-136.2
14973,-109.0,-136.2
14974,-110.0,-136.21
14975,-110.0,-135.86
14976,-157.0,-136.34
14977,-144.0,-136.26
14978,-141.0,-136.27
14979,-169.0,-136.51
14980,-157.0,-136.51
14981,-143.0,-136.46
14982,-158.0,-136.56
14983,-109.0,-136.13
14984,-161.0,-136.65
14985,-113.0,-136.18
14986,-157.0,-136.2
14987,-110.0,-135.76
14988,-134.0,-135.61
14989,-108.0,-135.6
14990,-156.0,-135.74
14991,-156.0,-135.68
14992,-111.0,-135.7
14993,-159.0,-136.21
14994,-165.0,-136.32
14995,-109.0,-135.82
14996,-168.0,-136.09
14997,-109.0,-135.57
14998,-141.0,-135.88
14999,-157.0,-135.86
15000,-161.0,-135.84
15001,-109.0,-135.46
15002,-152.0,-135.9
15003,-153.0,-135.72
15004,-156.0,-135.86
15005,-109.0,-135.4
15006,-109.0,-135.4
15007,-109.0,-135.41
15008,-109.0,-135.29
15009,-110.0,-134.85
15010,-156.0,-134.87
15011,-108.0,-134.86
15012,-110.0,-134.37
15013,-157.0,-134.39
15014,-109.0,-133.96
15015,-156.0,-133.87
15016,-144.0,-134.23
15017,-157.0,-134.71
15018,-165.0,-135.28
15019,-109.0,-134.82
15020,-157.0,-135.3
15021,-108.0,-135.28
15022,-110.0,-134.82
15023,-157.0,-134.79
15024,-109.0,-134.79
15025,-109.0,-134.3
15026,-116.0,-133.99
15027,-110.0,-134.0
15028,-156.0,-133.99
15029,-134.0,-133.94
15030,-156.0,-134.42
15031,-154.0,-134.87
15032,-108.0,-134.31
15033,-157.0,-134.52
15034,-109.0,-134.53
15035,-155.0,-134.49
15036,-108.0,-134.0
15037,-157.0,-134.46
15038,-109.0,-133.86
15039,-140.0,-133.73
15040,-109.0,-133.24
15041,-134.0,-133.49
15042,-155.0,-133.95
15043,-156.0,-134.43
15044,-110.0,-134.45
15045,-109.0,-133.96
15046,-110.0,-133.97
15047,-109.0,-133.96
15048,-157.0,-134.44
15049,-109.0,-134.14
15050,-109.0,-133.66
15051,-156.0,-133.85
15052,-156.0,-134.24
15053,-168.0,-134.34
15054,-144.0,-134.18
15055,-153.0,-134.62
15056,-156.0,-135.09
15057,-109.0,-135.09
15058,-135.0,-134.87
15059,-167.0,-135.16
15060,-157.0,-135.64
15061,-155.0,-135.62
15062,-154.0,-135.48
15063,-154.0,-135.3
15064,-110.0,-135.3
15065,-154.0,-135.72
15066,-109.0,-135.2
15067,-155.0,-135.65
15068,-132.0,-135.38
15069,-143.0,-135.41
15070,-168.0,-136.01
15071,-109.0,-135.53
15072,-110.0,-135.09
15073,-109.0,-135.09
15074,-150.0,-135.49
15075,-166.0,-136.05
15076,-153.0,-136.01
15077,-110.0,-135.67
15078,-152.0,-135.78
15079,-109.0,-135.18
15080,-108.0,-134.69
15081,-154.0,-134.8
15082,-110.0,-134.32
15083,-152.0,-134.75
15084,-153.0,-134.67
15085,-144.0,-134.98
15086,-154.0,-134.95
15087,-116.0,-135.01
15088,-110.0,-134.77
15089,-141.0,-135.1
15090,-135.0,-134.89
15091,-134.0,-134.67
15092,-166.0,-135.22
15093,-109.0,-134.72
15094,-109.0,-134.16
15095,-109.0,-134.16
15096,-165.0,-134.13
15097,-156.0,-134.6
15098,-164.0,-134.83
15099,-109.0,-134.35
15100,-152.0,-134.26
15101,-109.0,-134.26
15102,-109.0,-133.83
15103,-155.0,-133.85
15104,-109.0,-133.38
15105,-116.0,-133.45
15106,-152.0,-133.88
15107,-154.0,-134.33
15108,-109.0,-134.33
15109,-109.0,-134.32
15110,-153.0,-134.29
15111,-156.0,-134.77
15112,-113.0,-134.8
15113,-151.0,-134.74
15114,-109.0,-134.74
15115,-117.0,-134.35
15116,-155.0,-134.46
15117,-109.0,-133.98
15118,-153.0,-133.86
15119,-109.0,-133.86
15120,-154.0,-133.83
15121,-113.0,-133.88
15122,-135.0,-134.13
15123,-152.0,-134.08
15124,-138.0,-134.37
15125,-150.0,-134.78
15126,-110.0,-134.72
15127,-151.0,-135.13
15128,-109.0,-134.66
15129,-155.0,-134.87
15130,-152.0,-134.83
15131,-113.0,-134.42
15132,-150.0,-134.84
15133,-152.0,-134.79
15134,-166.0,-135.36
15135,-109.0,-134.9
15136,-109.0,-134.91
15137,-112.0,-134.46
15138,-137.0,-134.74
15139,-109.0,-134.43
15140,-109.0,-134.43
15141,-109.0,-134.18
15142,-108.0,-133.71
15143,-109.0,-133.24
15144,-110.0,-133.24
15145,-150.0,-133.65
15146,-168.0,-134.23
15147,-109.0,-134.23
15148,-152.0,-134.18
15149,-135.0,-134.44
15150,-156.0,-134.91
15151,-151.0,-134.86
15152,-155.0,-134.85
15153,-152.0,-134.69
15154,-109.0,-134.34
15155,-110.0,-133.91
15156,-119.0,-133.54
15157,-168.0,-134.13
15158,-108.0,-133.86
15159,-153.0,-133.72
15160,-154.0,-133.69
15161,-154.0,-133.68
15162,-157.0,-133.71
15163,-135.0,-133.52
15164,-140.0,-133.82
15165,-109.0,-133.37
15166,-109.0,-133.37
15167,-165.0,-133.47
15168,-154.0,-133.69
15169,-155.0,-133.81
15170,-152.0,-133.65
15171,-109.0,-133.65
15172,-153.0,-134.08
15173,-109.0,-134.08
15174,-108.0,-133.66
15175,-109.0,-133.09
15176,-154.0,-133.1
15177,-153.0,-133.53
15178,-155.0,-133.56
15179,-110.0,-133.57
15180,-109.0,-133.58
15181,-109.0,-133.13
15182,-150.0,-133.53
15183,-109.0,-133.1
15184,-109.0,-132.66
15185,-109.0,-132.31
15186,-142.0,-132.19
15187,-154.0,-132.57
15188,-155.0,-133.02
15189,-150.0,-133.11
15190,-170.0,-133.46
15191,-145.0,-133.57
15192,-154.0,-133.45
15193,-153.0,-133.89
15194,-154.0,-134.34
15195,-144.0,-134.69
15196,-135.0,-134.39
15197,-112.0,-133.95
15198,-152.0,-133.83
15199,-109.0,-133.83
15200,-110.0,-133.41
15201,-145.0,-133.77
15202,-167.0,-134.35
15203,-111.0,-133.91
15204,-153.0,-134.35
15205,-109.0,-134.28
15206,-109.0,-133.85
15207,-108.0,-133.39
15208,-152.0,-133.82
15209,-154.0,-134.27
15210,-109.0,-133.83
15211,-153.0,-133.8
15212,-169.0,-134.36
15213,-156.0,-134.41
15214,-153.0,-134.85
15215,-109.0,-134.77
15216,-145.0,-134.67
15217,-152.0,-135.1
15218,-117.0,-134.74
15219,-134.0,-134.99
15220,-108.0,-134.53
15221,-109.0,-134.49
15222,-151.0,-134.65
15223,-139.0,-134.52
15224,-109.0,-134.23
15225,-108.0,-133.81
15226,-108.0,-133.79
15227,-169.0,-133.97
15228,-109.0,-133.97
15229,-153.0,-133.95
15230,-135.0,-133.78
15231,-154.0,-134.19
15232,-153.0,-134.22
15233,-110.0,-133.8
15234,-154.0,-133.68
15235,-108.0,-133.67
15236,-170.0,-134.28
15237,-117.0,-134.33
15238,-142.0,-134.38
15239,-155.0,-134.84
15240,-108.0,-134.83
15241,-110.0,-134.84
15242,-143.0,-135.19
15243,-156.0,-135.66
15244,-110.0,-135.66
15245,-110.0,-135.26
15246,-153.0,-135.11
15247,-109.0,-135.11
15248,-110.0,-134.69
15249,-109.0,-134.43
15250,-153.0,-134.4
15251,-138.0,-134.27
15252,-153.0,-134.25
15253,-163.0,-134.36
15254,-155.0,-134.82
15255,-140.0,-135.12
15256,-156.0,-135.49
15257,-153.0,-135.34
15258,-109.0,-135.35
15259,-108.0,-134.9
15260,-150.0,-134.86
15261,-138.0,-134.7
15262,-109.0,-134.22
15263,-108.0,-133.95
15264,-154.0,-134.09
15265,-109.0,-134.09
15266,-110.0,-134.1
15267,-152.0,-133.97
15268,-165.0,-134.08
15269,-153.0,-134.06
15270,-153.0,-134.07
15271,-117.0,-134.15
15272,-154.0,-134.16
15273,-152.0,-134.59
15274,-110.0,-134.61
15275,-109.0,-134.61
15276,-109.0,-134.16
15277,-109.0,-133.72
15278,-162.0,-133.79
15279,-144.0,-134.13
15280,-119.0,-134.23
15281,-145.0,-134.59
15282,-150.0,-134.59
15283,-108.0,-134.58
15284,-153.0,-135.02
15285,-164.0,-135.57
15286,-112.0,-135.27
15287,-110.0,-134.83
15288,-150.0,-134.78
15289,-151.0,-134.79
15290,-109.0,-134.18
15291,-109.0,-133.82
15292,-109.0,-133.37
15293,-151.0,-133.35
15294,-167.0,-133.48
15295,-143.0,-133.47
15296,-109.0,-133.21
15297,-108.0,-133.17
15298,-152.0,-133.17
15299,-151.0,-133.59
15300,-108.0,-133.57
15301,-152.0,-133.64
15302,-108.0,-133.05
15303,-167.0,-133.61
15304,-151.0,-133.59
15305,-109.0,-133.59
15306,-109.0,-133.59
15307,-138.0,-133.89
15308,-151.0,-133.88
15309,-110.0,-133.44
15310,-109.0,-133.44
15311,-112.0,-133.03
15312,-110.0,-132.44
15313,-154.0,-132.42
15314,-109.0,-131.98
15315,-109.0,-131.98
15316,-152.0,-132.05
15317,-110.0,-131.63
15318,-110.0,-131.56
15319,-149.0,-131.71
15320,-109.0,-131.72
15321,-108.0,-131.71
15322,-155.0,-131.75
15323,-154.0,-131.9
15324,-108.0,-131.89
15325,-109.0,-131.9
15326,-163.0,-132.45
15327,-152.0,-132.28
15328,-153.0,-132.72
15329,-108.0,-132.27
15330,-109.0,-132.01
15331,-109.0,-131.56
15332,-110.0,-131.13
15333,-109.0,-131.12
15334,-145.0,-131.03
15335,-151.0,-131.46
15336,-109.0,-130.85
15337,-110.0,-130.78
15338,-152.0,-130.88
15339,-138.0,-130.71
15340,-151.0,-131.14
15341,-146.0,-131.5
15342,-153.0,-131.6
15343,-136.0,-131.4
15344,-164.0,-131.94
15345,-141.0,-132.25
15346,-163.0,-132.35
15347,-176.0,-133.02
15348,-110.0,-133.02
15349,-108.0,-133.01
15350,-109.0,-132.57
15351,-151.0,-132.7
15352,-111.0,-132.28
15353,-109.0,-131.74
15354,-109.0,-131.28
15355,-163.0,-131.51
15356,-154.0,-131.49
15357,-110.0,-131.06
15358,-110.0,-131.07
15359,-153.0,-131.52
15360,-108.0,-131.1
15361,-153.0,-131.25
15362,-155.0,-131.71
15363,-108.0,-131.71
15364,-170.0,-131.87
15365,-109.0,-131.87
15366,-151.0,-132.28
15367,-148.0,-132.24
15368,-109.0,-131.68
15369,-154.0,-131.69
15370,-154.0,-131.7
15371,-138.0,-131.91
15372,-153.0,-131.9
15373,-145.0,-131.83
15374,-108.0,-131.81
15375,-109.0,-131.81
15376,-109.0,-131.81
15377,-150.0,-132.22
15378,-151.0,-132.11
15379,-155.0,-132.22
15380,-152.0,-132.55
15381,-151.0,-132.61
15382,-109.0,-132.2
15383,-153.0,-132.65
15384,-109.0,-132.21
15385,-154.0,-132.11
15386,-110.0,-132.09
15387,-152.0,-132.51
15388,-110.0,-132.11
15389,-109.0,-131.69
15390,-144.0,-132.04
15391,-164.0,-132.59
15392,-166.0,-133.16
15393,-109.0,-132.74
15394,-151.0,-132.58
15395,-108.0,-132.23
15396,-152.0,-132.66
15397,-154.0,-133.12
15398,-152.0,-133.12
15399,-109.0,-132.7
15400,-141.0,-133.03
15401,-109.0,-132.6
15402,-108.0,-132.6
15403,-152.0,-132.45
15404,-109.0,-132.03
15405,-152.0,-132.46
15406,-145.0,-132.82
15407,-109.0,-132.53
15408,-109.0,-132.11
15409,-155.0,-132.56
15410,-108.0,-132.55
15411,-109.0,-132.52
15412,-151.0,-132.93
15413,-154.0,-132.93
15414,-153.0,-133.37
15415,-136.0,-133.64
15416,-138.0,-133.5
15417,-152.0,-133.92
15418,-108.0,-133.9
15419,-152.0,-133.93
15420,-109.0,-133.93
15421,-114.0,-133.99
15422,-153.0,-133.97
15423,-150.0,-133.93
15424,-166.0,-134.51
15425,-141.0,-134.83
15426,-160.0,-134.8
15427,-109.0,-134.37
15428,-156.0,-134.4
15429,-153.0,-134.85
15430,-110.0,-134.86
15431,-152.0,-135.29
15432,-150.0,-135.69
15433,-112.0,-135.72
15434,-156.0,-135.83
15435,-148.0,-135.8
15436,-165.0,-136.36
15437,-166.0,-136.92
15438,-149.0,-136.89
15439,-109.0,-136.6
15440,-175.0,-136.84
15441,-165.0,-137.03
15442,-155.0,-137.05
15443,-118.0,-136.87
15444,-110.0,-136.33
15445,-108.0,-136.0
15446,-109.0,-135.46
15447,-152.0,-135.22
15448,-109.0,-135.21
15449,-108.0,-135.21
15450,-157.0,-135.69
15451,-109.0,-135.27
15452,-149.0,-135.65
15453,-141.0,-135.97
15454,-108.0,-135.96
15455,-149.0,-135.82
15456,-138.0,-135.66
15457,-165.0,-136.21
15458,-153.0,-136.64
15459,-116.0,-136.27
15460,-108.0,-136.27
15461,-109.0,-135.83
15462,-166.0,-135.94
15463,-108.0,-135.94
15464,-109.0,-135.33
15465,-144.0,-135.68
15466,-109.0,-135.26
15467,-109.0,-134.87
15468,-166.0,-135.44
15469,-110.0,-135.0
15470,-110.0,-134.56
15471,-152.0,-134.7
15472,-154.0,-134.71
15473,-109.0,-134.35
15474,-109.0,-134.36
15475,-154.0,-134.81
15476,-110.0,-134.82
15477,-138.0,-134.7
15478,-154.0,-134.73
15479,-145.0,-134.63
15480,-152.0,-134.63
15481,-118.0,-134.3
15482,-152.0,-134.73
15483,-109.0,-134.29
15484,-154.0,-134.74
15485,-155.0,-134.75
15486,-138.0,-135.03
15487,-108.0,-134.59
15488,-166.0,-135.15
15489,-111.0,-135.17
15490,-142.0,-135.15
15491,-142.0,-134.93
15492,-153.0,-134.8
15493,-108.0,-134.79
15494,-143.0,-134.71
15495,-108.0,-134.71
15496,-141.0,-134.6
15497,-108.0,-134.14
15498,-108.0,-133.7
15499,-152.0,-134.13
15500,-154.0,-134.26
15501,-167.0,-134.84
15502,-109.0,-134.85
15503,-163.0,-134.96
15504,-109.0,-134.96
15505,-109.0,-134.53
15506,-109.0,-134.17
15507,-154.0,-134.62
15508,-109.0,-134.62
15509,-153.0,-134.6
15510,-108.0,-134.6
15511,-136.0,-134.87
15512,-110.0,-134.46
15513,-137.0,-134.29
15514,-113.0,-133.89
15515,-118.0,-133.71
15516,-151.0,-133.84
15517,-137.0,-133.69
15518,-153.0,-134.14
15519,-163.0,-134.25
15520,-147.0,-134.63
15521,-108.0,-134.57
15522,-165.0,-134.69
15523,-108.0,-134.27
15524,-149.0,-134.1
15525,-153.0,-134.22
15526,-152.0,-134.14
15527,-135.0,-134.4
15528,-153.0,-134.37
15529,-109.0,-133.93
15530,-165.0,-134.48
15531,-151.0,-134.47
15532,-109.0,-134.06
15533,-109.0,-134.03
15534,-153.0,-134.0
15535,-141.0,-133.93
15536,-140.0,-133.68
15537,-141.0,-133.43
15538,-109.0,-133.03
15539,-141.0,-133.35
15540,-138.0,-132.98
15541,-137.0,-132.7
15542,-142.0,-132.57
15543,-150.0,-132.89
15544,-109.0,-132.88
15545,-149.0,-133.29
15546,-110.0,-133.3
15547,-109.0,-132.87
15548,-109.0,-132.87
15549,-153.0,-133.32
15550,-112.0,-132.87
15551,-137.0,-133.15
15552,-152.0,-133.18
15553,-149.0,-133.26
15554,-109.0,-133.27
15555,-109.0,-132.87
15556,-137.0,-132.86
15557,-110.0,-132.31
15558,-143.0,-132.21
15559,-108.0,-132.13
15560,-152.0,-132.57
15561,-147.0,-132.95
15562,-109.0,-132.38
15563,-109.0,-132.39
15564,-109.0,-132.39
15565,-109.0,-132.04
15566,-110.0,-132.05
15567,-146.0,-132.42
15568,-141.0,-132.17
15569,-150.0,-132.57
15570,-151.0,-132.98
15571,-108.0,-132.54
15572,-109.0,-132.09
15573,-154.0,-132.54
15574,-145.0,-132.9
15575,-153.0,-132.89
15576,-109.0,-132.88
15577,-153.0,-133.03
15578,-117.0,-132.66
15579,-140.0,-132.61
15580,-151.0,-132.6
15581,-142.0,-132.84
15582,-150.0,-132.82
15583,-148.0,-133.21
15584,-143.0,-133.1
15585,-139.0,-132.94
15586,-112.0,-132.68
15587,-109.0,-132.69
15588,-109.0,-132.12
15589,-138.0,-132.39
15590,-149.0,-132.46
15591,-144.0,-132.48
15592,-143.0,-132.38
15593,-108.0,-132.38
15594,-137.0,-132.32
15595,-109.0,-132.33
15596,-109.0,-132.01
15597,-136.0,-132.29
15598,-142.0,-132.63
15599,-147.0,-132.58
15600,-148.0,-132.52
15601,-141.0,-132.26
15602,-148.0,-132.65
15603,-150.0,-132.52
15604,-146.0,-132.89
15605,-146.0,-133.26
15606,-142.0,-133.59
15607,-109.0,-133.14
15608,-155.0,-133.6
15609,-108.0,-133.15
15610,-109.0,-133.16
15611,-110.0,-132.9
15612,-148.0,-133.28
15613,-155.0,-133.46
15614,-108.0,-133.41
15615,-111.0,-133.34
15616,-148.0,-133.31
15617,-152.0,-133.46
15618,-109.0,-133.02
15619,-154.0,-132.93
15620,-109.0,-132.55
15621,-142.0,-132.89
15622,-141.0,-132.65
15623,-142.0,-132.99
15624,-140.0,-132.9
15625,-108.0,-132.45
15626,-109.0,-132.02
15627,-143.0,-132.1
15628,-108.0,-131.65
15629,-141.0,-131.97
15630,-143.0,-131.75
15631,-110.0,-131.34
15632,-136.0,-131.61
15633,-144.0,-131.96
15634,-109.0,-131.52
15635,-148.0,-131.59
15636,-154.0,-131.73
15637,-108.0,-131.4
15638,-109.0,-131.4
15639,-150.0,-131.49
15640,-147.0,-131.58
15641,-108.0,-131.29
15642,-111.0,-130.98
15643,-108.0,-130.56
15644,-142.0,-130.89
15645,-153.0,-130.93
15646,-145.0,-131.28
15647,-136.0,-131.55
15648,-152.0,-131.98
15649,-109.0,-131.54
15650,-108.0,-131.5
15651,-133.0,-131.46
15652,-138.0,-131.32
15653,-148.0,-131.31
15654,-110.0,-131.32
15655,-109.0,-131.32
15656,-140.0,-131.35
15657,-108.0,-131.33
15658,-109.0,-130.99
15659,-111.0,-131.02
15660,-110.0,-130.6
15661,-149.0,-130.62
15662,-137.0,-130.9
15663,-109.0,-130.9
15664,-109.0,-130.9
15665,-139.0,-131.2
15666,-110.0,-131.2
15667,-136.0,-131.1
15668,-111.0,-130.8
15669,-137.0,-130.67
15670,-109.0,-130.25
15671,-109.0,-130.26
15672,-109.0,-130.26
15673,-144.0,-130.16
15674,-109.0,-129.8
15675,-153.0,-129.8
15676,-142.0,-130.13
15677,-109.0,-129.69
15678,-108.0,-129.6
15679,-109.0,-129.29
15680,-138.0,-129.16
15681,-117.0,-128.91
15682,-109.0,-128.5
15683,-109.0,-128.11
15684,-147.0,-128.15
15685,-158.0,-128.34
15686,-135.0,-128.57
15687,-108.0,-128.56
15688,-141.0,-128.88
15689,-109.0,-128.59
15690,-138.0,-128.48
15691,-139.0,-128.43
15692,-110.0,-128.1
15693,-135.0,-128.37
15694,-109.0,-128.09
15695,-110.0,-128.1
15696,-109.0,-128.1
15697,-138.0,-128.12
15698,-135.0,-128.05
15699,-109.0,-127.67
15700,-137.0,-127.56
15701,-139.0,-127.54
15702,-138.0,-127.44
15703,-109.0,-127.03
15704,-109.0,-126.66
15705,-145.0,-126.65
15706,-109.0,-126.32
15707,-149.0,-126.72
15708,-139.0,-126.56
15709,-138.0,-126.86
15710,-149.0,-127.26
15711,-149.0,-127.65
15712,-109.0,-127.26
15713,-108.0,-126.79
15714,-109.0,-126.8
15715,-141.0,-127.1
15716,-137.0,-126.99
15717,-109.0,-126.56
15718,-109.0,-126.56
15719,-135.0,-126.37
15720,-153.0,-126.81
15721,-144.0,-126.83
15722,-136.0,-126.78
15723,-108.0,-126.44
15724,-151.0,-126.55
15725,-139.0,-126.86
15726,-144.0,-127.21
15727,-139.0,-127.17
15728,-139.0,-127.48
15729,-109.0,-127.16
15730,-151.0,-127.24
15731,-109.0,-127.23
15732,-140.0,-127.27
15733,-135.0,-127.18
15734,-109.0,-127.18
15735,-150.0,-127.2
15736,-109.0,-126.75
15737,-109.0,-126.76
15738,-109.0,-126.76
15739,-142.0,-126.68
15740,-134.0,-126.55
15741,-151.0,-126.98
15742,-139.0,-127.26
15743,-136.0,-127.54
15744,-137.0,-127.49
15745,-109.0,-127.05
15746,-138.0,-126.98
15747,-137.0,-126.99
15748,-109.0,-126.56
15749,-137.0,-126.84
15750,-108.0,-126.84
15751,-109.0,-126.6
15752,-136.0,-126.58
15753,-135.0,-126.45
15754,-149.0,-126.84
15755,-142.0,-127.17
15756,-153.0,-127.3
15757,-135.0,-127.57
15758,-138.0,-127.86
15759,-109.0,-127.84
15760,-135.0,-128.09
15761,-108.0,-127.68
15762,-139.0,-127.7
15763,-109.0,-127.7
15764,-137.0,-127.98
15765,-111.0,-127.7
15766,-109.0,-127.69
15767,-109.0,-127.42
15768,-109.0,-127.4
15769,-141.0,-127.44
15770,-109.0,-127.44
15771,-135.0,-127.7
15772,-109.0,-127.7
15773,-136.0,-127.62
15774,-109.0,-127.62
15775,-108.0,-127.17
15776,-135.0,-127.1
15777,-137.0,-127.38
15778,-136.0,-127.66
15779,-111.0,-127.68
15780,-136.0,-127.66
15781,-109.0,-127.58
15782,-150.0,-127.99
15783,-109.0,-127.99
15784,-109.0,-127.61
15785,-139.0,-127.42
15786,-140.0,-127.47
15787,-108.0,-127.47
15788,-139.0,-127.45
15789,-110.0,-127.46
15790,-109.0,-127.17
15791,-108.0,-126.86
15792,-151.0,-127.27
15793,-109.0,-127.01
15794,-142.0,-127.34
15795,-148.0,-127.72
15796,-142.0,-128.05
15797,-144.0,-128.11
15798,-110.0,-127.86
15799,-150.0,-128.27
15800,-137.0,-128.27
15801,-136.0,-128.24
15802,-146.0,-128.32
15803,-116.0,-128.39
15804,-108.0,-128.38
15805,-135.0,-128.28
15806,-137.0,-128.56
15807,-108.0,-128.15
15808,-109.0,-127.85
15809,-148.0,-127.95
15810,-138.0,-127.84
15811,-136.0,-127.71
15812,-143.0,-128.05
15813,-153.0,-128.5
15814,-138.0,-128.79
15815,-118.0,-128.56
15816,-110.0,-128.29
15817,-136.0,-128.56
15818,-108.0,-128.55
15819,-137.0,-128.57
15820,-109.0,-128.13
15821,-110.0,-127.79
15822,-110.0,-127.53
15823,-109.0,-127.54
15824,-148.0,-127.51
15825,-137.0,-127.49
15826,-143.0,-127.48
15827,-108.0,-127.17
15828,-137.0,-127.15
15829,-109.0,-127.15
15830,-138.0,-127.02
15831,-109.0,-127.02
15832,-138.0,-127.0
15833,-108.0,-126.73
15834,-138.0,-127.02
15835,-111.0,-126.63
15836,-109.0,-126.63
15837,-141.0,-126.95
15838,-109.0,-126.95
15839,-139.0,-126.92
15840,-111.0,-126.69
15841,-155.0,-126.73
15842,-137.0,-126.71
15843,-109.0,-126.44
15844,-135.0,-126.42
15845,-108.0,-126.41
15846,-109.0,-126.12
15847,-110.0,-125.85
15848,-137.0,-126.13
15849,-135.0,-126.11
15850,-111.0,-126.14
15851,-149.0,-126.54
15852,-110.0,-126.28
15853,-109.0,-126.02
15854,-137.0,-125.9
15855,-108.0,-125.56
15856,-137.0,-125.4
15857,-146.0,-125.51
15858,-152.0,-125.65
15859,-109.0,-125.65
15860,-109.0,-125.39
15861,-141.0,-125.72
15862,-109.0,-125.42
15863,-109.0,-125.42
15864,-137.0,-125.42
15865,-143.0,-125.74
15866,-117.0,-125.82
15867,-137.0,-126.1
15868,-139.0,-126.4
15869,-143.0,-126.42
15870,-108.0,-126.41
15871,-109.0,-126.15
15872,-109.0,-126.15
15873,-116.0,-125.95
15874,-151.0,-126.37
15875,-137.0,-126.66
15876,-137.0,-126.68
15877,-109.0,-126.4
15878,-140.0,-126.44
15879,-137.0,-126.7
15880,-137.0,-126.71
15881,-109.0,-126.71
15882,-153.0,-126.74
15883,-151.0,-127.16
15884,-109.0,-127.16
15885,-149.0,-127.26
15886,-109.0,-126.95
15887,-138.0,-127.25
15888,-138.0,-127.24
15889,-152.0,-127.66
15890,-140.0,-127.97
15891,-137.0,-128.26
15892,-133.0,-128.08
15893,-137.0,-128.36
15894,-142.0,-128.36
15895,-140.0,-128.28
15896,-139.0,-128.25
15897,-138.0,-128.19
15898,-139.0,-128.48
15899,-138.0,-128.36
15900,-137.0,-128.36
15901,-149.0,-128.49
15902,-136.0,-128.39
15903,-137.0,-128.6
15904,-139.0,-128.91
15905,-147.0,-129.03
15906,-137.0,-129.03
15907,-137.0,-129.32
15908,-139.0,-129.62
15909,-137.0,-129.51
15910,-144.0,-129.57
15911,-136.0,-129.57
15912,-172.0,-129.86
15913,-141.0,-129.74
15914,-136.0,-129.72
15915,-153.0,-130.07
15916,-141.0,-130.38
15917,-142.0,-130.44
15918,-136.0,-130.72
15919,-137.0,-130.72
15920,-152.0,-131.15
15921,-136.0,-131.41
15922,-136.0,-131.67
15923,-138.0,-131.96
15924,-139.0,-131.87
15925,-179.0,-132.29
15926,-138.0,-132.24
15927,-136.0,-132.52
15928,-171.0,-132.86
15929,-139.0,-133.16
15930,-168.0,-133.46
15931,-109.0,-133.46
15932,-142.0,-133.5
15933,-138.0,-133.8
15934,-138.0,-133.8
15935,-137.0,-134.06
15936,-155.0,-134.52
15937,-162.0,-134.73
15938,-138.0,-135.02
15939,-139.0,-135.02
15940,-139.0,-135.3
15941,-138.0,-135.13
15942,-164.0,-135.4
15943,-139.0,-135.7
15944,-165.0,-136.0
15945,-139.0,-136.31
15946,-110.0,-136.32
15947,-138.0,-136.6
15948,-138.0,-136.61
15949,-137.0,-136.63
15950,-133.0,-136.85
15951,-147.0,-136.83
15952,-137.0,-137.1
15953,-110.0,-137.11
15954,-137.0,-137.11
15955,-147.0,-137.5
15956,-140.0,-137.53
15957,-139.0,-137.46
15958,-135.0,-137.29
15959,-137.0,-137.57
15960,-138.0,-137.86
15961,-135.0,-137.8
15962,-137.0,-138.08
15963,-137.0,-138.36
15964,-139.0,-138.38
15965,-135.0,-138.3
15966,-139.0,-138.52
15967,-138.0,-138.53
15968,-109.0,-138.23
15969,-137.0,-138.17
15970,-137.0,-138.46
15971,-109.0,-138.46
15972,-137.0,-138.74
15973,-136.0,-138.94
15974,-137.0,-138.8
15975,-136.0,-138.79
15976,-139.0,-138.81
15977,-138.0,-139.1
15978,-139.0,-139.09
15979,-135.0,-139.07
15980,-136.0,-139.06
15981,-135.0,-139.32
15982,-136.0,-139.15
15983,-140.0,-139.04
15984,-136.0,-139.31
15985,-138.0,-139.2
15986,-138.0,-139.49
15987,-138.0,-139.49
15988,-138.0,-139.49
15989,-137.0,-139.34
15990,-136.0,-139.3
15991,-109.0,-139.02
15992,-137.0,-139.06
15993,-138.0,-139.07
15994,-139.0,-139.04
15995,-136.0,-139.0
15996,-137.0,-138.98
15997,-133.0,-138.93
15998,-144.0,-138.98
15999,-135.0,-138.95
16000,-139.0,-138.97
16001,-137.0,-138.85
16002,-138.0,-138.87
16003,-140.0,-138.9
16004,-147.0,-138.98
16005,-135.0,-138.86
16006,-143.0,-138.92
16007,-136.0,-138.91
16008,-141.0,-138.93
16009,-109.0,-138.65
16010,-136.0,-138.57
16011,-137.0,-138.58
16012,-140.0,-138.26
16013,-137.0,-138.22
16014,-135.0,-138.21
16015,-137.0,-138.05
16016,-132.0,-137.96
16017,-136.0,-137.9
16018,-132.0,-137.86
16019,-137.0,-137.86
16020,-135.0,-137.69
16021,-138.0,-137.71
16022,-139.0,-137.74
16023,-138.0,-137.74
16024,-139.0,-137.74
16025,-110.0,-137.05
16026,-138.0,-137.05
16027,-135.0,-137.04
16028,-135.0,-136.68
16029,-135.0,-136.64
16030,-138.0,-136.34
16031,-133.0,-136.58
16032,-138.0,-136.54
16033,-109.0,-136.25
16034,-139.0,-136.26
16035,-135.0,-136.24
16036,-142.0,-136.11
16037,-136.0,-135.85
16038,-139.0,-135.86
16039,-135.0,-135.82
16040,-137.0,-135.8
16041,-137.0,-135.79
16042,-137.0,-135.52
16043,-140.0,-135.53
16044,-138.0,-135.26
16045,-138.0,-135.25
16046,-138.0,-135.53
16047,-137.0,-135.52
16048,-136.0,-135.5
16049,-137.0,-135.5
16050,-139.0,-135.56
16051,-136.0,-135.45
16052,-139.0,-135.47
16053,-141.0,-135.78
16054,-137.0,-135.78
16055,-137.0,-135.68
16056,-109.0,-135.37
16057,-139.0,-135.37
16058,-109.0,-135.11
16059,-137.0,-135.11
16060,-110.0,-134.83
16061,-143.0,-134.91
16062,-109.0,-134.63
16063,-137.0,-134.63
16064,-142.0,-134.66
16065,-142.0,-134.73
16066,-138.0,-134.72
16067,-139.0,-134.73
16068,-137.0,-135.01
16069,-136.0,-135.0
16070,-133.0,-134.96
16071,-141.0,-135.28
16072,-109.0,-135.0
16073,-109.0,-134.73
16074,-146.0,-134.82
16075,-139.0,-134.85
16076,-136.0,-134.82
16077,-139.0,-134.83
16078,-136.0,-134.8
16079,-134.0,-134.79
16080,-144.0,-134.87
16081,-137.0,-134.89
16082,-135.0,-134.88
16083,-136.0,-134.84
16084,-109.0,-134.57
16085,-139.0,-134.58
16086,-136.0,-134.56
16087,-135.0,-134.53
16088,-138.0,-134.53
16089,-136.0,-134.52
16090,-137.0,-134.53
16091,-135.0,-134.79
16092,-136.0,-134.78
16093,-139.0,-134.79
16094,-133.0,-134.73
16095,-141.0,-134.78
16096,-144.0,-134.85
16097,-136.0,-134.88
16098,-142.0,-134.86
16099,-135.0,-134.86
16100,-139.0,-134.86
16101,-135.0,-134.84
16102,-135.0,-134.81
16103,-133.0,-134.74
16104,-137.0,-134.64
16105,-136.0,-134.65
16106,-140.0,-134.62
16107,-138.0,-134.64
16108,-138.0,-134.61
16109,-110.0,-134.62
16110,-143.0,-134.69
16111,-109.0,-134.41
16112,-136.0,-134.37
16113,-148.0,-134.48
16114,-110.0,-134.23
16115,-137.0,-134.23
16116,-138.0,-134.29
16117,-110.0,-134.03
16118,-135.0,-134.06
16119,-139.0,-134.08
16120,-135.0,-134.08
16121,-109.0,-133.79
16122,-131.0,-133.71
16123,-159.0,-133.92
16124,-200.0,-134.53
16125,-200.0,-135.43
16126,-109.0,-135.14
16127,-133.0,-135.12
16128,-157.0,-135.34
16129,-110.0,-135.09
16130,-200.0,-135.71
16131,-200.0,-136.38
16132,-141.0,-136.41
16133,-135.0,-136.67
16134,-195.0,-137.23
16135,-180.0,-137.68
16136,-137.0,-137.63
16137,-143.0,-137.7
16138,-200.0,-138.31
16139,-136.0,-138.32
16140,-143.0,-138.38
16141,-131.0,-138.32
16142,-145.0,-138.4
16143,-146.0,-138.46
16144,-147.0,-138.55
16145,-137.0,-138.54
16146,-143.0,-138.59
16147,-139.0,-138.61
16148,-141.0,-138.66
16149,-140.0,-138.69
16150,-140.0,-138.7
16151,-140.0,-138.74
16152,-200.0,-139.35
16153,-139.0,-139.33
16154,-141.0,-139.37
16155,-140.0,-139.4
16156,-139.0,-139.7
16157,-200.0,-140.31
16158,-200.0,-141.22
16159,-142.0,-141.27
16160,-200.0,-142.17
16161,-139.0,-142.13
16162,-200.0,-143.04
16163,-200.0,-143.67
16164,-200.0,-144.25
16165,-200.0,-144.83
16166,-148.0,-144.93
16167,-146.0,-145.0
16168,-136.0,-144.99
16169,-140.0,-145.03
16170,-200.0,-145.7
16171,-138.0,-145.67
16172,-143.0,-146.01
16173,-140.0,-146.32
16174,-141.0,-146.27
16175,-192.0,-146.8
16176,-127.0,-146.71
16177,-134.0,-146.66
16178,-133.0,-146.63
16179,-109.0,-146.38
16180,-138.0,-146.32
16181,-200.0,-146.95
16182,-154.0,-147.14
16183,-128.0,-147.06
16184,-142.0,-147.39
16185,-137.0,-147.37
16186,-138.0,-147.39
16187,-142.0,-147.46
16188,-139.0,-147.47
16189,-138.0,-147.49
16190,-151.0,-147.63
16191,-109.0,-147.37
16192,-138.0,-147.39
16193,-138.0,-147.38
16194,-174.0,-147.79
16195,-141.0,-147.79
16196,-200.0,-148.35
16197,-139.0,-148.38
16198,-110.0,-148.06
16199,-172.0,-148.43
16200,-142.0,-148.46
16201,-140.0,-148.51
16202,-200.0,-149.16
16203,-139.0,-149.22
16204,-139.0,-149.24
16205,-140.0,-149.28
16206,-140.0,-149.28
16207,-188.0,-149.78
16208,-134.0,-149.74
16209,-133.0,-149.97
16210,-138.0,-149.92
16211,-137.0,-150.2
16212,-136.0,-150.2
16213,-135.0,-150.07
16214,-142.0,-150.39
16215,-141.0,-150.43
16216,-141.0,-150.46
16217,-142.0,-150.78
16218,-138.0,-150.81
16219,-144.0,-150.86
16220,-109.0,-150.6
16221,-135.0,-150.86
16222,-141.0,-150.96
16223,-132.0,-150.69
16224,-138.0,-150.07
16225,-134.0,-149.41
16226,-111.0,-149.43
16227,-137.0,-149.47
16228,-136.0,-149.26
16229,-136.0,-149.52
16230,-137.0,-148.89
16231,-135.0,-148.24
16232,-133.0,-148.16
16233,-137.0,-148.18
16234,-138.0,-147.61
16235,-139.0,-147.2
16236,-142.0,-147.25
16237,-140.0,-147.22
16238,-147.0,-146.69
16239,-137.0,-146.7
16240,-138.0,-146.65
16241,-134.0,-146.68
16242,-143.0,-146.66
16243,-141.0,-146.61
16244,-139.0,-146.53
16245,-139.0,-146.55
16246,-135.0,-146.47
16247,-140.0,-146.48
16248,-118.0,-146.25
16249,-135.0,-146.2
16250,-140.0,-146.2
16251,-141.0,-146.21
16252,-138.0,-145.59
16253,-137.0,-145.57
16254,-139.0,-145.55
16255,-137.0,-145.52
16256,-137.0,-145.5
16257,-137.0,-144.87
16258,-146.0,-144.33
16259,-140.0,-144.31
16260,-142.0,-143.73
16261,-136.0,-143.7
16262,-139.0,-143.09
16263,-138.0,-142.47
16264,-130.0,-141.77
16265,-138.0,-141.15
16266,-109.0,-140.76
16267,-110.0,-140.4
16268,-109.0,-140.13
16269,-142.0,-140.15
16270,-139.0,-139.54
16271,-133.0,-139.49
16272,-140.0,-139.46
16273,-139.0,-139.45
16274,-142.0,-139.46
16275,-136.0,-138.9
16276,-134.0,-138.97
16277,-141.0,-139.04
16278,-141.0,-139.12
16279,-138.0,-139.41
16280,-133.0,-139.36
16281,-139.0,-138.75
16282,-138.0,-138.59
16283,-139.0,-138.7
16284,-141.0,-138.69
16285,-140.0,-138.72
16286,-137.0,-138.71
16287,-136.0,-138.65
16288,-140.0,-138.66
16289,-135.0,-138.63
16290,-135.0,-138.47
16291,-141.0,-138.79
16292,-139.0,-138.8
16293,-135.0,-138.77
16294,-133.0,-138.36
16295,-133.0,-138.28
16296,-139.0,-137.67
16297,-139.0,-137.67
16298,-139.0,-137.96
16299,-109.0,-137.33
16300,-146.0,-137.37
16301,-139.0,-137.36
16302,-138.0,-136.74
16303,-135.0,-136.7
16304,-138.0,-136.69
16305,-139.0,-136.68
16306,-140.0,-136.68
16307,-141.0,-136.21
16308,-133.0,-136.2
16309,-139.0,-136.26
16310,-137.0,-136.25
16311,-133.0,-136.21
16312,-136.0,-136.21
16313,-136.0,-136.22
16314,-109.0,-135.89
16315,-133.0,-135.81
16316,-141.0,-135.81
16317,-138.0,-135.77
16318,-140.0,-135.79
16319,-141.0,-135.76
16320,-135.0,-136.02
16321,-133.0,-136.0
16322,-142.0,-136.01
16323,-109.0,-135.78
16324,-140.0,-135.8
16325,-109.0,-135.55
16326,-140.0,-135.84
16327,-139.0,-135.86
16328,-137.0,-135.87
16329,-140.0,-135.91
16330,-135.0,-135.89
16331,-135.0,-135.89
16332,-140.0,-135.96
16333,-143.0,-136.02
16334,-152.0,-136.16
16335,-133.0,-136.1
16336,-133.0,-136.01
16337,-138.0,-135.99
16338,-140.0,-135.92
16339,-134.0,-135.89
16340,-139.0,-135.9
16341,-139.0,-135.95
16342,-138.0,-135.9
16343,-138.0,-135.87
16344,-135.0,-135.83
16345,-138.0,-135.82
16346,-140.0,-135.87
16347,-133.0,-135.8
16348,-134.0,-135.96
16349,-141.0,-136.02
16350,-133.0,-135.95
16351,-140.0,-135.94
16352,-135.0,-135.91
16353,-138.0,-135.92
16354,-136.0,-135.89
16355,-140.0,-135.92
16356,-139.0,-135.94
16357,-137.0,-135.94
16358,-140.0,-135.88
16359,-142.0,-135.9
16360,-109.0,-135.57
16361,-141.0,-135.62
16362,-135.0,-135.58
16363,-140.0,-135.6
16364,-140.0,-135.7
16365,-136.0,-135.68
16366,-138.0,-135.97
16367,-133.0,-136.2
16368,-141.0,-136.52
16369,-140.0,-136.5
16370,-140.0,-136.51
16371,-132.0,-136.5
16372,-132.0,-136.42
16373,-139.0,-136.42
16374,-139.0,-136.39
16375,-146.0,-136.49
16376,-140.0,-136.55
16377,-140.0,-136.54
16378,-139.0,-136.52
16379,-146.0,-136.6
16380,-139.0,-136.66
16381,-132.0,-136.59
16382,-110.0,-136.31
16383,-144.0,-136.36
16384,-139.0,-136.34
16385,-137.0,-136.31
16386,-137.0,-136.31
16387,-142.0,-136.37
16388,-137.0,-136.34
16389,-141.0,-136.4
16390,-139.0,-136.44
16391,-139.0,-136.42
16392,-139.0,-136.42
16393,-141.0,-136.48
16394,-135.0,-136.5
16395,-135.0,-136.52
16396,-141.0,-136.54
16397,-138.0,-136.53
16398,-139.0,-136.53
16399,-140.0,-136.84
16400,-139.0,-136.77
16401,-140.0,-136.78
16402,-141.0,-136.81
16403,-109.0,-136.55
16404,-142.0,-136.59
16405,-109.0,-136.29
16406,-140.0,-136.29
16407,-136.0,-136.24
16408,-133.0,-136.24
16409,-137.0,-136.22
16410,-139.0,-136.24
16411,-141.0,-136.32
16412,-133.0,-136.29
16413,-137.0,-136.3
16414,-138.0,-136.59
16415,-140.0,-136.66
16416,-134.0,-136.59
16417,-138.0,-136.59
16418,-141.0,-136.6
16419,-135.0,-136.54
16420,-139.0,-136.58
16421,-133.0,-136.58
16422,-142.0,-136.58
16423,-139.0,-136.88
16424,-138.0,-136.86
16425,-138.0,-137.15
16426,-133.0,-137.08
16427,-117.0,-136.86
16428,-140.0,-136.89
16429,-133.0,-136.82
16430,-142.0,-136.89
16431,-140.0,-136.94
16432,-142.0,-136.96
16433,-137.0,-136.9
16434,-135.0,-136.73
16435,-131.0,-136.71
16436,-110.0,-136.48
16437,-137.0,-136.47
16438,-139.0,-136.46
16439,-133.0,-136.45
16440,-147.0,-136.53
16441,-138.0,-136.52
16442,-109.0,-136.23
16443,-137.0,-136.22
16444,-110.0,-135.97
16445,-137.0,-135.96
16446,-140.0,-135.96
16447,-113.0,-135.76
16448,-139.0,-135.81
16449,-139.0,-135.79
16450,-110.0,-135.56
16451,-110.0,-135.26
16452,-142.0,-135.33
16453,-136.0,-135.31
16454,-110.0,-135.05
16455,-141.0,-135.06
16456,-109.0,-134.76
16457,-110.0,-134.49
16458,-109.0,-134.18
16459,-138.0,-134.14
16460,-136.0,-134.41
16461,-135.0,-134.35
16462,-138.0,-134.38
16463,-109.0,-134.07
16464,-109.0,-133.76
16465,-139.0,-133.79
16466,-134.0,-133.75
16467,-137.0,-133.79
16468,-140.0,-133.78
16469,-138.0,-133.76
16470,-135.0,-133.71
16471,-136.0,-133.75
16472,-140.0,-133.83
16473,-135.0,-133.79
16474,-139.0,-133.79
16475,-134.0,-133.67
16476,-139.0,-133.66
16477,-140.0,-133.66
16478,-138.0,-133.65
16479,-134.0,-133.53
16480,-139.0,-133.53
16481,-140.0,-133.61
16482,-135.0,-133.86
16483,-136.0,-133.78
16484,-141.0,-133.8
16485,-140.0,-133.83
16486,-135.0,-133.81
16487,-139.0,-133.78
16488,-141.0,-133.82
16489,-139.0,-133.8
16490,-137.0,-133.78
16491,-135.0,-133.74
16492,-140.0,-133.75
16493,-147.0,-133.81
16494,-139.0,-133.85
16495,-139.0,-133.89
16496,-139.0,-133.87
16497,-135.0,-133.84
16498,-140.0,-133.85
16499,-111.0,-133.56
16500,-135.0,-133.52
16501,-139.0,-133.51
16502,-133.0,-133.43
16503,-140.0,-133.74
16504,-138.0,-133.7
16505,-109.0,-133.7
16506,-109.0,-133.39
16507,-138.0,-133.41
16508,-140.0,-133.48
16509,-136.0,-133.47
16510,-109.0,-133.17
16511,-139.0,-133.15
16512,-138.0,-133.2
16513,-140.0,-133.23
16514,-141.0,-133.26
16515,-136.0,-133.22
16516,-139.0,-133.27
16517,-142.0,-133.31
16518,-149.0,-133.39
16519,-141.0,-133.45
16520,-141.0,-133.47
16521,-140.0,-133.54
16522,-141.0,-133.53
16523,-138.0,-133.52
16524,-138.0,-133.52
16525,-141.0,-133.55
16526,-141.0,-133.63
16527,-138.0,-133.84
16528,-135.0,-133.79
16529,-142.0,-133.88
16530,-140.0,-133.86
16531,-139.0,-133.85
16532,-135.0,-133.78
16533,-131.0,-133.72
16534,-139.0,-133.76
16535,-135.0,-133.8
16536,-133.0,-134.03
16537,-140.0,-134.06
16538,-140.0,-134.07
16539,-141.0,-134.15
16540,-140.0,-134.08
16541,-140.0,-134.1
16542,-138.0,-134.39
16543,-142.0,-134.44
16544,-138.0,-134.72
16545,-140.0,-134.75
16546,-138.0,-134.73
16547,-139.0,-134.99
16548,-138.0,-134.98
16549,-138.0,-134.97
16550,-140.0,-135.27
16551,-139.0,-135.56
16552,-138.0,-135.52
16553,-136.0,-135.52
16554,-109.0,-135.51
16555,-147.0,-135.57
16556,-135.0,-135.83
16557,-140.0,-136.13
16558,-138.0,-136.42
16559,-136.0,-136.4
16560,-134.0,-136.38
16561,-136.0,-136.39
16562,-111.0,-136.12
16563,-117.0,-136.2
16564,-137.0,-136.48
16565,-140.0,-136.49
16566,-139.0,-136.54
16567,-135.0,-136.52
16568,-142.0,-136.54
16569,-147.0,-136.63
16570,-137.0,-136.65
16571,-139.0,-136.68
16572,-134.0,-136.62
16573,-142.0,-136.69
16574,-141.0,-136.71
16575,-140.0,-136.77
16576,-141.0,-136.79
16577,-134.0,-136.73
16578,-142.0,-136.77
16579,-138.0,-136.81
16580,-132.0,-136.74
16581,-135.0,-136.69
16582,-147.0,-136.81
16583,-139.0,-136.84
16584,-141.0,-136.84
16585,-140.0,-136.84
16586,-135.0,-136.84
16587,-133.0,-136.78
16588,-137.0,-136.74
16589,-135.0,-136.7
16590,-141.0,-136.74
16591,-141.0,-136.8
16592,-141.0,-136.81
16593,-140.0,-136.74
16594,-139.0,-136.74
16595,-141.0,-136.76
16596,-134.0,-136.71
16597,-140.0,-136.76
16598,-141.0,-136.77
16599,-138.0,-137.04
16600,-139.0,-137.08
16601,-135.0,-137.04
16602,-138.0,-137.09
16603,-137.0,-137.06
16604,-132.0,-137.0
16605,-109.0,-137.0
16606,-139.0,-137.3
16607,-138.0,-137.3
16608,-140.0,-137.3
16609,-147.0,-137.41
16610,-109.0,-137.41
16611,-140.0,-137.42
16612,-138.0,-137.42
16613,-138.0,-137.4
16614,-110.0,-137.09
16615,-136.0,-137.09
16616,-141.0,-137.11
16617,-109.0,-136.78
16618,-134.0,-136.63
16619,-140.0,-136.62
16620,-141.0,-136.62
16621,-138.0,-136.6
16622,-134.0,-136.53
16623,-139.0,-136.54
16624,-135.0,-136.51
16625,-139.0,-136.49
16626,-137.0,-136.45
16627,-138.0,-136.45
16628,-136.0,-136.46
16629,-135.0,-136.39
16630,-139.0,-136.38
16631,-132.0,-136.31
16632,-139.0,-136.35
16633,-132.0,-136.36
16634,-135.0,-136.32
16635,-141.0,-136.38
16636,-134.0,-136.39
16637,-136.0,-136.35
16638,-138.0,-136.33
16639,-135.0,-136.27
16640,-141.0,-136.28
16641,-140.0,-136.28
16642,-135.0,-136.25
16643,-138.0,-136.21
16644,-147.0,-136.3
16645,-133.0,-136.23
16646,-137.0,-136.22
16647,-136.0,-136.19
16648,-136.0,-136.17
16649,-136.0,-136.15
16650,-133.0,-136.08
16651,-141.0,-136.1
16652,-138.0,-136.1
16653,-137.0,-136.11
16654,-148.0,-136.5
16655,-138.0,-136.41
16656,-139.0,-136.45
16657,-139.0,-136.44
16658,-141.0,-136.47
16659,-138.0,-136.49
16660,-140.0,-136.55
16661,-141.0,-136.6
16662,-137.0,-136.86
16663,-137.0,-137.06
16664,-141.0,-137.1
16665,-131.0,-137.01
16666,-136.0,-136.98
16667,-139.0,-137.02
16668,-137.0,-136.97
16669,-140.0,-136.9
16670,-138.0,-136.91
16671,-137.0,-136.89
16672,-142.0,-136.97
16673,-138.0,-136.93
16674,-138.0,-136.9
16675,-133.0,-136.83
16676,-138.0,-136.8
16677,-140.0,-136.86
16678,-133.0,-136.77
16679,-139.0,-136.78
16680,-136.0,-136.82
16681,-141.0,-136.88
16682,-137.0,-136.78
16683,-132.0,-136.71
16684,-138.0,-136.68
16685,-139.0,-136.67
16686,-132.0,-136.64
16687,-140.0,-136.71
16688,-139.0,-136.73
16689,-141.0,-136.79
16690,-133.0,-136.71
16691,-110.0,-136.4
16692,-137.0,-136.36
16693,-110.0,-136.06
16694,-140.0,-136.07
16695,-141.0,-136.07
16696,-141.0,-136.14
16697,-133.0,-136.07
16698,-146.0,-136.12
16699,-138.0,-136.12
16700,-140.0,-136.13
16701,-135.0,-136.13
16702,-139.0,-136.14
16703,-139.0,-136.16
16704,-136.0,-136.2
16705,-110.0,-136.21
16706,-139.0,-136.21
16707,-140.0,-136.23
16708,-138.0,-136.21
16709,-109.0,-135.83
16710,-139.0,-136.13
16711,-133.0,-136.06
16712,-140.0,-136.08
16713,-134.0,-136.04
16714,-140.0,-136.34
16715,-139.0,-136.37
16716,-138.0,-136.34
16717,-109.0,-136.34
16718,-138.0,-136.38
16719,-139.0,-136.37
16720,-142.0,-136.38
16721,-142.0,-136.42
16722,-138.0,-136.46
16723,-138.0,-136.45
16724,-134.0,-136.44
16725,-140.0,-136.45
16726,-134.0,-136.42
16727,-146.0,-136.5
16728,-141.0,-136.55
16729,-139.0,-136.59
16730,-139.0,-136.59
16731,-138.0,-136.65
16732,-132.0,-136.58
16733,-142.0,-136.68
16734,-135.0,-136.68
16735,-133.0,-136.6
16736,-135.0,-136.61
16737,-141.0,-136.66
16738,-134.0,-136.62
16739,-109.0,-136.36
16740,-139.0,-136.34
16741,-110.0,-136.04
16742,-137.0,-136.06
16743,-133.0,-136.01
16744,-135.0,-135.89
16745,-134.0,-135.9
16746,-110.0,-135.63
16747,-109.0,-135.36
16748,-140.0,-135.4
16749,-135.0,-135.39
16750,-110.0,-135.16
16751,-135.0,-135.1
16752,-135.0,-135.07
16753,-139.0,-135.09
16754,-139.0,-135.0
16755,-135.0,-134.97
16756,-138.0,-134.96
16757,-135.0,-134.92
16758,-138.0,-134.89
16759,-138.0,-134.89
16760,-135.0,-134.84
16761,-137.0,-134.8
16762,-137.0,-134.8
16763,-140.0,-134.83
16764,-141.0,-134.83
16765,-136.0,-134.88
16766,-110.0,-134.62
16767,-139.0,-134.62
16768,-135.0,-134.6
16769,-142.0,-134.62
16770,-137.0,-134.61
16771,-135.0,-134.59
16772,-138.0,-134.55
16773,-141.0,-134.58
16774,-133.0,-134.53
16775,-110.0,-134.3
16776,-137.0,-134.29
16777,-136.0,-134.25
16778,-137.0,-134.29
16779,-138.0,-134.28
16780,-141.0,-134.33
16781,-147.0,-134.39
16782,-135.0,-134.37
16783,-109.0,-134.14
16784,-109.0,-133.85
16785,-141.0,-133.87
16786,-146.0,-134.01
16787,-136.0,-133.97
16788,-137.0,-133.95
16789,-149.0,-134.03
16790,-135.0,-134.05
16791,-111.0,-134.06
16792,-145.0,-134.14
16793,-110.0,-134.14
16794,-141.0,-134.15
16795,-142.0,-134.16
16796,-146.0,-134.21
16797,-152.0,-134.4
16798,-146.0,-134.4
16799,-146.0,-134.48
16800,-137.0,-134.45
16801,-141.0,-134.51
16802,-134.0,-134.46
16803,-138.0,-134.45
16804,-139.0,-134.48
16805,-140.0,-134.78
16806,-139.0,-134.78
16807,-148.0,-134.86
16808,-143.0,-134.91
16809,-145.0,-135.27
16810,-142.0,-135.3
16811,-147.0,-135.44
16812,-139.0,-135.43
16813,-141.0,-135.5
16814,-133.0,-135.43
16815,-145.0,-135.49
16816,-140.0,-135.51
16817,-137.0,-135.79
16818,-135.0,-135.76
16819,-137.0,-135.74
16820,-135.0,-135.67
16821,-148.0,-135.73
16822,-141.0,-135.76
16823,-148.0,-135.86
16824,-143.0,-135.95
16825,-136.0,-135.91
16826,-142.0,-135.99
16827,-139.0,-135.92
16828,-135.0,-135.86
16829,-136.0,-135.83
16830,-142.0,-135.86
16831,-140.0,-135.88
16832,-138.0,-135.94
16833,-144.0,-135.96
16834,-141.0,-136.02
16835,-135.0,-136.04
16836,-147.0,-136.16
16837,-142.0,-136.17
16838,-133.0,-136.16
16839,-110.0,-136.17
16840,-140.0,-136.18
16841,-140.0,-136.48
16842,-141.0,-136.52
16843,-139.0,-136.58
16844,-133.0,-136.56
16845,-139.0,-136.61
16846,-138.0,-136.89
16847,-142.0,-137.22
16848,-141.0,-137.23
16849,-135.0,-137.23
16850,-139.0,-137.52
16851,-143.0,-137.6
16852,-136.0,-137.61
16853,-140.0,-137.62
16854,-141.0,-137.64
16855,-135.0,-137.64
16856,-137.0,-137.63
16857,-141.0,-137.69
16858,-147.0,-137.78
16859,-143.0,-137.83
16860,-135.0,-137.83
16861,-140.0,-137.86
16862,-140.0,-137.89
16863,-144.0,-137.93
16864,-136.0,-137.88
16865,-140.0,-137.92
16866,-141.0,-138.23
16867,-141.0,-138.25
16868,-133.0,-138.23
16869,-141.0,-138.22
16870,-138.0,-138.23
16871,-142.0,-138.3
16872,-142.0,-138.34
16873,-134.0,-138.27
16874,-140.0,-138.34
16875,-140.0,-138.64
16876,-142.0,-138.69
16877,-136.0,-138.69
16878,-135.0,-138.67
16879,-134.0,-138.63
16880,-133.0,-138.55
16881,-144.0,-138.52
16882,-133.0,-138.5
16883,-134.0,-138.75
16884,-141.0,-139.07
16885,-142.0,-139.08
16886,-141.0,-139.03
16887,-141.0,-139.08
16888,-141.0,-139.12
16889,-134.0,-138.97
16890,-141.0,-139.03
16891,-135.0,-139.27
16892,-141.0,-139.23
16893,-143.0,-139.56
16894,-142.0,-139.57
16895,-140.0,-139.55
16896,-135.0,-139.44
16897,-141.0,-139.33
16898,-110.0,-138.97
16899,-140.0,-138.91
16900,-135.0,-138.89
16901,-134.0,-138.82
16902,-137.0,-138.85
16903,-110.0,-138.57
16904,-142.0,-138.6
16905,-141.0,-138.61
16906,-144.0,-138.66
16907,-142.0,-138.6
16908,-144.0,-138.61
16909,-142.0,-138.58
16910,-142.0,-138.58
16911,-136.0,-138.47
16912,-139.0,-138.47
16913,-147.0,-138.53
16914,-135.0,-138.55
16915,-139.0,-138.49
16916,-135.0,-138.44
16917,-109.0,-138.16
16918,-141.0,-138.22
16919,-143.0,-138.28
16920,-135.0,-138.28
16921,-142.0,-138.22
16922,-135.0,-138.16
16923,-137.0,-138.05
16924,-141.0,-138.03
16925,-143.0,-138.1
16926,-142.0,-138.1
16927,-143.0,-138.14
16928,-142.0,-138.21
16929,-143.0,-138.28
16930,-141.0,-138.27
16931,-135.0,-138.22
16932,-141.0,-138.25
16933,-141.0,-138.22
16934,-148.0,-138.29
16935,-134.0,-138.28
16936,-136.0,-138.17
16937,-137.0,-138.12
16938,-142.0,-138.21
16939,-143.0,-138.54
16940,-134.0,-138.48
16941,-142.0,-138.5
16942,-135.0,-138.44
16943,-137.0,-138.42
16944,-134.0,-138.43
16945,-141.0,-138.45
16946,-143.0,-138.5
16947,-143.0,-138.51
16948,-142.0,-138.52
16949,-136.0,-138.53
16950,-109.0,-138.23
16951,-136.0,-138.16
16952,-142.0,-138.22
16953,-141.0,-138.23
16954,-138.0,-138.2
16955,-136.0,-138.21
16956,-141.0,-138.25
16957,-143.0,-138.27
16958,-145.0,-138.25
16959,-141.0,-138.23
16960,-142.0,-138.3
16961,-142.0,-138.32
16962,-137.0,-138.29
16963,-140.0,-138.25
16964,-140.0,-138.29
16965,-139.0,-138.28
16966,-143.0,-138.3
16967,-137.0,-138.26
16968,-143.0,-138.36
16969,-142.0,-138.37
16970,-133.0,-138.32
16971,-144.0,-138.34
16972,-139.0,-138.31
16973,-144.0,-138.41
16974,-109.0,-138.1
16975,-134.0,-138.04
16976,-143.0,-138.05
16977,-138.0,-138.07
16978,-142.0,-138.14
16979,-109.0,-137.89
16980,-135.0,-137.91
16981,-145.0,-137.92
16982,-144.0,-138.03
16983,-134.0,-138.03
16984,-143.0,-138.05
16985,-141.0,-138.04
16986,-144.0,-138.07
16987,-136.0,-138.02
16988,-137.0,-137.98
16989,-139.0,-138.03
16990,-141.0,-138.03
16991,-139.0,-138.07
16992,-141.0,-138.07
16993,-133.0,-137.97
16994,-109.0,-137.64
16995,-140.0,-137.64
16996,-135.0,-137.64
16997,-135.0,-137.58
16998,-146.0,-137.94
16999,-141.0,-137.95
17000,-141.0,-138.01
17001,-143.0,-138.1
17002,-135.0,-138.08
17003,-142.0,-138.4
17004,-142.0,-138.4
17005,-148.0,-138.47
17006,-137.0,-138.4
17007,-133.0,-138.31
17008,-138.0,-138.25
17009,-142.0,-138.25
17010,-142.0,-138.25
17011,-143.0,-138.32
17012,-142.0,-138.35
17013,-146.0,-138.34
17014,-110.0,-138.09
17015,-134.0,-138.04
17016,-145.0,-138.14
17017,-141.0,-138.46
17018,-133.0,-138.38
17019,-140.0,-138.35
17020,-142.0,-138.42
17021,-134.0,-138.34
17022,-141.0,-138.4
17023,-141.0,-138.44
17024,-143.0,-138.46
17025,-139.0,-138.42
17026,-141.0,-138.41
17027,-138.0,-138.36
17028,-142.0,-138.36
17029,-135.0,-138.28
17030,-137.0,-138.24
17031,-109.0,-137.98
17032,-136.0,-137.93
17033,-139.0,-137.91
17034,-142.0,-137.85
17035,-142.0,-137.93
17036,-136.0,-137.93
17037,-145.0,-138.01
17038,-137.0,-137.96
17039,-109.0,-137.62
17040,-136.0,-137.64
17041,-141.0,-137.63
17042,-142.0,-137.7
17043,-135.0,-137.68
17044,-135.0,-137.69
17045,-139.0,-137.67
17046,-136.0,-137.6
17047,-133.0,-137.5
17048,-143.0,-137.51
17049,-114.0,-137.29
17050,-141.0,-137.61
17051,-141.0,-137.66
17052,-142.0,-137.66
17053,-147.0,-137.72
17054,-133.0,-137.67
17055,-140.0,-137.71
17056,-143.0,-137.73
17057,-140.0,-137.7
17058,-141.0,-137.66
17059,-143.0,-137.68
17060,-138.0,-137.64
17061,-140.0,-137.62
17062,-147.0,-137.72
17063,-136.0,-137.68
17064,-140.0,-137.68
17065,-135.0,-137.64
17066,-141.0,-137.62
17067,-143.0,-137.68
17068,-135.0,-137.6
17069,-143.0,-137.61
17070,-119.0,-137.47
17071,-137.0,-137.4
17072,-137.0,-137.38
17073,-138.0,-137.32
17074,-133.0,-137.56
17075,-137.0,-137.59
17076,-142.0,-137.58
17077,-139.0,-137.59
17078,-141.0,-137.58
17079,-140.0,-137.89
17080,-140.0,-137.94
17081,-142.0,-137.91
17082,-141.0,-137.88
17083,-140.0,-137.94
17084,-117.0,-137.68
17085,-140.0,-137.67
17086,-142.0,-137.65
17087,-135.0,-137.64
17088,-109.0,-137.36
17089,-136.0,-137.33
17090,-143.0,-137.35
17091,-141.0,-137.37
17092,-135.0,-137.31
17093,-142.0,-137.4
17094,-139.0,-137.7
17095,-141.0,-137.71
17096,-140.0,-137.76
17097,-144.0,-137.85
17098,-138.0,-137.77
17099,-135.0,-137.71
17100,-146.0,-137.76
17101,-143.0,-137.76
17102,-141.0,-137.82
17103,-134.0,-137.74
17104,-142.0,-137.74
17105,-141.0,-137.67
17106,-141.0,-137.71
17107,-139.0,-137.77
17108,-136.0,-137.75
17109,-109.0,-137.42
17110,-140.0,-137.4
17111,-143.0,-137.4
17112,-110.0,-137.08
17113,-110.0,-136.72
17114,-141.0,-137.03
17115,-136.0,-137.05
17116,-136.0,-136.96
17117,-136.0,-136.91
17118,-138.0,-136.96
17119,-143.0,-136.99
17120,-141.0,-136.98
17121,-133.0,-136.97
17122,-109.0,-136.65
17123,-141.0,-136.65
17124,-143.0,-136.65
17125,-135.0,-136.61
17126,-135.0,-136.55
17127,-138.0,-136.55
17128,-137.0,-136.5
17129,-144.0,-136.59
17130,-142.0,-136.64
17131,-136.0,-136.91
17132,-134.0,-136.89
17133,-140.0,-136.9
17134,-135.0,-136.83
17135,-135.0,-136.76
17136,-139.0,-136.79
17137,-139.0,-136.73
17138,-135.0,-136.71
17139,-139.0,-137.01
17140,-139.0,-137.04
17141,-142.0,-137.05
17142,-109.0,-136.72
17143,-136.0,-136.73
17144,-141.0,-136.79
17145,-139.0,-136.79
17146,-109.0,-136.52
17147,-136.0,-136.55
17148,-134.0,-136.46
17149,-141.0,-136.73
17150,-138.0,-136.7
17151,-139.0,-136.68
17152,-132.0,-136.58
17153,-110.0,-136.21
17154,-141.0,-136.29
17155,-135.0,-136.24
17156,-135.0,-136.16
17157,-139.0,-136.15
17158,-135.0,-136.09
17159,-136.0,-136.02
17160,-143.0,-136.07
17161,-143.0,-136.1
17162,-140.0,-136.03
17163,-142.0,-136.09
17164,-139.0,-136.08
17165,-138.0,-136.11
17166,-139.0,-136.09
17167,-143.0,-136.09
17168,-137.0,-136.11
17169,-136.0,-136.04
17170,-140.0,-136.25
17171,-137.0,-136.25
17172,-143.0,-136.31
17173,-138.0,-136.31
17174,-140.0,-136.38
17175,-140.0,-136.41
17176,-142.0,-136.41
17177,-143.0,-136.45
17178,-140.0,-136.44
17179,-141.0,-136.45
17180,-143.0,-136.48
17181,-142.0,-136.48
17182,-142.0,-136.49
17183,-140.0,-136.49
17184,-141.0,-136.73
17185,-138.0,-136.71
17186,-140.0,-136.69
17187,-135.0,-136.69
17188,-109.0,-136.69
17189,-135.0,-136.68
17190,-141.0,-136.66
17191,-144.0,-136.69
17192,-143.0,-136.77
17193,-137.0,-136.72
17194,-142.0,-136.75
17195,-135.0,-136.69
17196,-135.0,-136.64
17197,-143.0,-136.63
17198,-142.0,-136.67
17199,-109.0,-136.41
17200,-142.0,-136.37
17201,-133.0,-136.27
17202,-137.0,-136.23
17203,-135.0,-136.24
17204,-141.0,-136.23
17205,-111.0,-135.93
17206,-146.0,-135.98
17207,-110.0,-135.69
17208,-142.0,-135.75
17209,-139.0,-136.05
17210,-143.0,-136.08
17211,-143.0,-136.08
17212,-109.0,-136.07
17213,-138.0,-136.35
17214,-136.0,-136.3
17215,-143.0,-136.37
17216,-142.0,-136.43
17217,-143.0,-136.5
17218,-139.0,-136.51
17219,-140.0,-136.48
17220,-137.0,-136.44
17221,-145.0,-136.56
17222,-141.0,-136.88
17223,-134.0,-136.81
17224,-142.0,-136.8
17225,-146.0,-136.91
17226,-145.0,-137.01
17227,-140.0,-137.03
17228,-147.0,-137.13
17229,-143.0,-137.12
17230,-139.0,-137.09
17231,-141.0,-137.14
17232,-142.0,-137.22
17233,-143.0,-137.25
17234,-139.0,-137.29
17235,-143.0,-137.37
17236,-145.0,-137.43
17237,-131.0,-137.35
17238,-142.0,-137.42
17239,-133.0,-137.36
17240,-141.0,-137.38
17241,-142.0,-137.38
17242,-109.0,-137.38
17243,-138.0,-137.4
17244,-147.0,-137.46
17245,-148.0,-137.55
17246,-142.0,-137.88
17247,-141.0,-137.93
17248,-143.0,-138.02
17249,-142.0,-138.03
17250,-142.0,-138.07
17251,-139.0,-138.07
17252,-139.0,-138.14
17253,-133.0,-138.37
17254,-143.0,-138.39
17255,-138.0,-138.42
17256,-138.0,-138.45
17257,-142.0,-138.48
17258,-134.0,-138.47
17259,-143.0,-138.54
17260,-133.0,-138.44
17261,-140.0,-138.41
17262,-143.0,-138.44
17263,-144.0,-138.46
17264,-139.0,-138.46
17265,-142.0,-138.5
17266,-143.0,-138.54
17267,-141.0,-138.52
17268,-143.0,-138.58
17269,-140.0,-138.62
17270,-139.0,-138.61
17271,-138.0,-138.62
17272,-140.0,-138.59
17273,-141.0,-138.62
17274,-142.0,-138.64
17275,-140.0,-138.64
17276,-109.0,-138.31
17277,-142.0,-138.3
17278,-109.0,-137.99
17279,-139.0,-137.97
17280,-141.0,-137.95
17281,-139.0,-137.92
17282,-142.0,-137.92
17283,-140.0,-137.92
17284,-138.0,-137.89
17285,-138.0,-137.89
17286,-136.0,-137.85
17287,-136.0,-137.86
17288,-141.0,-138.18
17289,-139.0,-138.22
17290,-135.0,-138.16
17291,-147.0,-138.19
17292,-134.0,-138.1
17293,-140.0,-138.13
17294,-137.0,-138.08
17295,-142.0,-138.15
17296,-110.0,-137.9
17297,-137.0,-137.84
17298,-134.0,-137.76
17299,-140.0,-138.07
17300,-135.0,-138.0
17301,-142.0,-138.09
17302,-141.0,-138.13
17303,-140.0,-138.18
17304,-140.0,-138.17
17305,-141.0,-138.47
17306,-140.0,-138.41
17307,-109.0,-138.4
17308,-141.0,-138.39
17309,-118.0,-138.18
17310,-141.0,-138.16
17311,-137.0,-138.1
17312,-135.0,-138.36
17313,-136.0,-138.34
17314,-134.0,-138.32
17315,-145.0,-138.34
17316,-135.0,-138.27
17317,-140.0,-138.24
17318,-143.0,-138.28
17319,-110.0,-137.98
17320,-135.0,-137.96
17321,-141.0,-137.92
17322,-138.0,-137.89
17323,-142.0,-137.97
17324,-145.0,-138.0
17325,-140.0,-137.94
17326,-138.0,-137.87
17327,-137.0,-137.84
17328,-140.0,-137.77
17329,-143.0,-137.77
17330,-136.0,-137.74
17331,-143.0,-137.76
17332,-144.0,-137.78
17333,-141.0,-137.76
17334,-142.0,-137.79
17335,-142.0,-137.78
17336,-143.0,-137.76
17337,-142.0,-137.87
17338,-136.0,-137.81
17339,-146.0,-137.94
17340,-136.0,-137.89
17341,-135.0,-137.82
17342,-110.0,-137.83
17343,-139.0,-137.84
17344,-136.0,-137.73
17345,-141.0,-137.66
17346,-146.0,-137.7
17347,-134.0,-137.63
17348,-137.0,-137.57
17349,-141.0,-137.56
17350,-136.0,-137.5
17351,-142.0,-137.53
17352,-143.0,-137.57
17353,-141.0,-137.65
17354,-134.0,-137.56
17355,-142.0,-137.6
17356,-109.0,-137.31
17357,-139.0,-137.28
17358,-141.0,-137.35
17359,-140.0,-137.32
17360,-149.0,-137.48
17361,-143.0,-137.51
17362,-145.0,-137.53
17363,-141.0,-137.5
17364,-137.0,-137.48
17365,-137.0,-137.43
17366,-139.0,-137.39
17367,-141.0,-137.39
17368,-109.0,-137.05
17369,-136.0,-137.01
17370,-141.0,-137.03
17371,-136.0,-137.01
17372,-133.0,-136.94
17373,-141.0,-136.94
17374,-143.0,-136.95
17375,-141.0,-136.96
17376,-138.0,-137.25
17377,-109.0,-136.92
17378,-144.0,-137.27
17379,-139.0,-137.27
17380,-141.0,-137.27
17381,-141.0,-137.29
17382,-137.0,-137.24
17383,-134.0,-137.18
17384,-136.0,-137.16
17385,-136.0,-137.14
17386,-110.0,-136.88
17387,-142.0,-136.94
17388,-144.0,-136.97
17389,-145.0,-137.03
17390,-141.0,-137.09
17391,-146.0,-137.08
17392,-136.0,-137.1
17393,-134.0,-137.04
17394,-135.0,-137.02
17395,-137.0,-136.97
17396,-132.0,-137.19
17397,-140.0,-137.22
17398,-136.0,-137.24
17399,-142.0,-137.26
17400,-143.0,-137.34
17401,-141.0,-137.33
17402,-136.0,-137.28
17403,-133.0,-137.21
17404,-141.0,-137.22
17405,-139.0,-137.2
17406,-136.0,-137.16
17407,-137.0,-137.44
17408,-109.0,-137.12
17409,-142.0,-137.36
17410,-109.0,-137.04
17411,-146.0,-137.13
17412,-142.0,-137.2
17413,-145.0,-137.29
17414,-142.0,-137.37
17415,-141.0,-137.33
17416,-109.0,-137.07
17417,-141.0,-137.08
17418,-138.0,-137.03
17419,-141.0,-137.34
17420,-134.0,-137.33
17421,-143.0,-137.35
17422,-144.0,-137.41
17423,-148.0,-137.47
17424,-136.0,-137.38
17425,-136.0,-137.34
17426,-109.0,-137.05
17427,-145.0,-137.13
17428,-142.0,-137.15
17429,-139.0,-137.11
17430,-141.0,-137.16
17431,-132.0,-137.05
17432,-141.0,-137.02
17433,-139.0,-137.0
17434,-137.0,-136.95
17435,-141.0,-136.94
17436,-136.0,-136.87
17437,-142.0,-136.87
17438,-141.0,-136.92
17439,-133.0,-136.79
17440,-143.0,-136.86
17441,-143.0,-136.94
17442,-147.0,-137.31
17443,-143.0,-137.35
17444,-135.0,-137.34
17445,-143.0,-137.36
17446,-143.0,-137.33
17447,-141.0,-137.4
17448,-141.0,-137.44
17449,-146.0,-137.49
17450,-140.0,-137.53
17451,-136.0,-137.47
17452,-137.0,-137.41
17453,-147.0,-137.47
17454,-141.0,-137.54
17455,-141.0,-137.53
17456,-143.0,-137.87
17457,-137.0,-137.85
17458,-151.0,-137.95
17459,-141.0,-137.96
17460,-141.0,-137.88
17461,-141.0,-137.86
17462,-144.0,-137.85
17463,-138.0,-137.82
17464,-141.0,-137.86
17465,-135.0,-137.84
17466,-143.0,-137.88
17467,-134.0,-137.81
17468,-147.0,-138.19
17469,-141.0,-138.24
17470,-141.0,-138.24
17471,-137.0,-138.25
17472,-144.0,-138.36
17473,-131.0,-138.26
17474,-144.0,-138.27
17475,-141.0,-138.27
17476,-109.0,-137.98
17477,-139.0,-138.28
17478,-142.0,-138.26
17479,-134.0,-138.21
17480,-135.0,-138.15
17481,-133.0,-138.07
17482,-135.0,-138.05
17483,-140.0,-138.11
17484,-144.0,-138.19
17485,-138.0,-138.21
17486,-141.0,-138.52
17487,-141.0,-138.51
17488,-110.0,-138.17
17489,-142.0,-138.14
17490,-138.0,-138.11
17491,-143.0,-138.08
17492,-142.0,-138.14
17493,-143.0,-138.23
17494,-142.0,-138.3
17495,-137.0,-138.3
17496,-141.0,-138.39
17497,-143.0,-138.42
17498,-140.0,-138.46
17499,-140.0,-138.44
17500,-135.0,-138.36
17501,-141.0,-138.36
17502,-147.0,-138.47
17503,-142.0,-138.56
17504,-135.0,-138.5
17505,-141.0,-138.52
17506,-144.0,-138.6
17507,-143.0,-138.66
17508,-143.0,-139.0
17509,-133.0,-138.91
17510,-139.0,-139.21
17511,-139.0,-139.14
17512,-151.0,-139.23
17513,-137.0,-139.15
17514,-135.0,-139.08
17515,-134.0,-139.01
17516,-139.0,-139.31
17517,-142.0,-139.32
17518,-132.0,-139.26
17519,-134.0,-139.19
17520,-131.0,-139.16
17521,-143.0,-139.16
17522,-133.0,-139.05
17523,-140.0,-138.97
17524,-136.0,-138.97
17525,-141.0,-139.02
17526,-145.0,-139.38
17527,-139.0,-139.32
17528,-136.0,-139.26
17529,-141.0,-139.28
17530,-143.0,-139.3
17531,-143.0,-139.41
17532,-110.0,-139.1
17533,-135.0,-139.06
17534,-134.0,-139.03
17535,-142.0,-139.04
17536,-143.0,-139.11
17537,-134.0,-139.03
17538,-140.0,-139.02
17539,-140.0,-139.09
17540,-135.0,-139.01
17541,-139.0,-138.97
17542,-142.0,-138.92
17543,-137.0,-138.86
17544,-109.0,-138.6
17545,-139.0,-138.56
17546,-140.0,-138.53
17547,-134.0,-138.46
17548,-143.0,-138.48
17549,-142.0,-138.44
17550,-143.0,-138.47
17551,-140.0,-138.51
17552,-141.0,-138.55
17553,-142.0,-138.5
17554,-143.0,-138.52
17555,-135.0,-138.46
17556,-137.0,-138.4
17557,-143.0,-138.46
17558,-143.0,-138.38
17559,-135.0,-138.32
17560,-139.0,-138.3
17561,-139.0,-138.28
17562,-141.0,-138.25
17563,-109.0,-137.96
17564,-141.0,-137.96
17565,-141.0,-138.02
17566,-143.0,-138.02
17567,-139.0,-138.07
17568,-143.0,-138.03
17569,-137.0,-137.99
17570,-110.0,-137.68
17571,-135.0,-137.66
17572,-131.0,-137.53
17573,-143.0,-137.65
17574,-132.0,-137.53
17575,-143.0,-137.55
17576,-135.0,-137.81
17577,-143.0,-137.85
17578,-141.0,-137.84
17579,-140.0,-137.9
17580,-141.0,-137.96
17581,-132.0,-137.95
17582,-139.0,-137.99
17583,-142.0,-138.01
17584,-134.0,-137.91
17585,-133.0,-137.86
17586,-139.0,-137.84
17587,-142.0,-137.85
17588,-139.0,-138.14
17589,-144.0,-138.16
17590,-140.0,-138.18
17591,-134.0,-138.09
17592,-144.0,-138.11
17593,-137.0,-138.05
17594,-134.0,-137.97
17595,-141.0,-138.01
17596,-133.0,-137.93
17597,-139.0,-137.89
17598,-139.0,-137.88
17599,-137.0,-137.85
17600,-139.0,-137.89
17601,-109.0,-137.57
17602,-110.0,-137.2
17603,-143.0,-137.21
17604,-142.0,-137.28
17605,-142.0,-137.29
17606,-133.0,-137.18
17607,-139.0,-137.14
17608,-136.0,-137.07
17609,-141.0,-137.15
17610,-141.0,-137.17
17611,-134.0,-137.12
17612,-135.0,-136.96
17613,-138.0,-136.97
17614,-138.0,-137.0
17615,-142.0,-137.08
17616,-134.0,-137.03
17617,-142.0,-137.03
17618,-135.0,-137.06
17619,-145.0,-137.17
17620,-109.0,-136.95
17621,-139.0,-136.91
17622,-140.0,-136.98
17623,-142.0,-137.0
17624,-139.0,-137.03
17625,-138.0,-137.0
17626,-133.0,-136.88
17627,-136.0,-136.85
17628,-138.0,-136.87
17629,-137.0,-136.83
17630,-139.0,-136.79
17631,-135.0,-136.71
17632,-109.0,-136.7
17633,-110.0,-136.45
17634,-135.0,-136.46
17635,-139.0,-136.43
17636,-136.0,-136.36
17637,-109.0,-136.11
17638,-133.0,-136.04
17639,-143.0,-136.07
17640,-134.0,-136.06
17641,-138.0,-136.05
17642,-143.0,-136.06
17643,-141.0,-136.1
17644,-133.0,-136.34
17645,-146.0,-136.41
17646,-141.0,-136.42
17647,-142.0,-136.5
17648,-139.0,-136.46
17649,-138.0,-136.42
17650,-142.0,-136.41
17651,-141.0,-136.42
17652,-136.0,-136.37
17653,-135.0,-136.3
17654,-109.0,-135.96
17655,-144.0,-136.05
17656,-134.0,-136.02
17657,-141.0,-136.0
17658,-137.0,-135.94
17659,-139.0,-135.98
17660,-141.0,-136.0
17661,-135.0,-135.96
17662,-133.0,-135.88
17663,-109.0,-135.88
17664,-136.0,-135.83
17665,-139.0,-135.81
17666,-141.0,-135.79
17667,-141.0,-135.81
17668,-139.0,-135.77
17669,-133.0,-135.73
17670,-135.0,-135.98
17671,-139.0,-136.02
17672,-142.0,-136.13
17673,-143.0,-136.13
17674,-148.0,-136.29
17675,-141.0,-136.27
17676,-144.0,-136.36
17677,-140.0,-136.33
17678,-141.0,-136.33
17679,-136.0,-136.29
17680,-141.0,-136.29
17681,-137.0,-136.34
17682,-134.0,-136.29
17683,-139.0,-136.26
17684,-109.0,-136.01
17685,-142.0,-136.1
17686,-136.0,-136.07
17687,-142.0,-136.07
17688,-142.0,-136.1
17689,-145.0,-136.11
17690,-135.0,-136.06
17691,-143.0,-136.15
17692,-138.0,-136.09
17693,-143.0,-136.15
17694,-138.0,-136.19
17695,-136.0,-136.14
17696,-135.0,-136.16
17697,-138.0,-136.15
17698,-139.0,-136.15
17699,-140.0,-136.18
17700,-141.0,-136.2
17701,-135.0,-136.46
17702,-110.0,-136.46
17703,-142.0,-136.45
17704,-136.0,-136.39
17705,-141.0,-136.38
17706,-135.0,-136.4
17707,-140.0,-136.41
17708,-139.0,-136.44
17709,-133.0,-136.36
17710,-140.0,-136.35
17711,-141.0,-136.42
17712,-141.0,-136.48
17713,-139.0,-136.49
17714,-142.0,-136.53
17715,-134.0,-136.45
17716,-109.0,-136.2
17717,-109.0,-135.87
17718,-144.0,-135.96
17719,-142.0,-135.93
17720,-147.0,-136.31
17721,-146.0,-136.38
17722,-139.0,-136.37
17723,-141.0,-136.36
17724,-141.0,-136.38
17725,-141.0,-136.41
17726,-142.0,-136.5
17727,-143.0,-136.57
17728,-139.0,-136.58
17729,-141.0,-136.62
17730,-138.0,-136.61
17731,-137.0,-136.63
17732,-135.0,-136.89
17733,-137.0,-137.16
17734,-137.0,-137.18
17735,-140.0,-137.19
17736,-147.0,-137.3
17737,-141.0,-137.62
17738,-138.0,-137.67
17739,-146.0,-137.7
17740,-143.0,-137.79
17741,-136.0,-137.77
17742,-138.0,-137.72
17743,-143.0,-137.74
17744,-142.0,-137.83
17745,-137.0,-137.74
17746,-138.0,-137.71
17747,-138.0,-137.67
17748,-138.0,-137.66
17749,-110.0,-137.38
17750,-139.0,-137.35
17751,-142.0,-137.36
17752,-109.0,-137.09
17753,-141.0,-137.15
17754,-140.0,-137.46
17755,-137.0,-137.39
17756,-139.0,-137.44
17757,-140.0,-137.43
17758,-140.0,-137.46
17759,-138.0,-137.45
17760,-140.0,-137.44
17761,-138.0,-137.47
17762,-140.0,-137.54
17763,-140.0,-137.85
17764,-140.0,-137.89
17765,-109.0,-137.59
17766,-131.0,-137.49
17767,-110.0,-137.18
17768,-137.0,-137.16
17769,-139.0,-137.22
17770,-137.0,-137.24
17771,-133.0,-137.18
17772,-137.0,-137.13
17773,-138.0,-137.08
17774,-109.0,-136.69
17775,-140.0,-136.68
17776,-140.0,-136.64
17777,-137.0,-136.61
17778,-133.0,-136.53
17779,-139.0,-136.56
17780,-138.0,-136.53
17781,-140.0,-136.56
17782,-138.0,-136.6
17783,-138.0,-136.59
17784,-137.0,-136.87
17785,-139.0,-136.84
17786,-131.0,-136.79
17787,-139.0,-136.76
17788,-142.0,-136.76
17789,-132.0,-136.63
17790,-137.0,-136.65
17791,-133.0,-136.55
17792,-109.0,-136.26
17793,-134.0,-136.17
17794,-139.0,-136.18
17795,-133.0,-136.15
17796,-138.0,-136.18
17797,-140.0,-136.2
17798,-137.0,-136.18
17799,-133.0,-136.11
17800,-141.0,-136.11
17801,-134.0,-136.1
17802,-110.0,-136.1
17803,-140.0,-136.08
17804,-134.0,-136.06
17805,-142.0,-136.07
17806,-137.0,-136.09
17807,-131.0,-136.0
17808,-109.0,-135.7
17809,-137.0,-135.74
17810,-109.0,-135.43
17811,-134.0,-135.36
17812,-132.0,-135.27
17813,-138.0,-135.26
17814,-136.0,-135.2
17815,-135.0,-135.21
17816,-133.0,-135.45
17817,-136.0,-135.72
17818,-133.0,-135.61
17819,-142.0,-135.61
17820,-137.0,-135.51
17821,-137.0,-135.42
17822,-140.0,-135.43
17823,-138.0,-135.4
17824,-137.0,-135.36
17825,-140.0,-135.35
17826,-136.0,-135.29
17827,-132.0,-135.18
17828,-140.0,-135.19
17829,-133.0,-135.11
17830,-138.0,-135.11
17831,-139.0,-135.13
17832,-140.0,-135.18
17833,-139.0,-135.2
17834,-134.0,-135.17
17835,-138.0,-135.15
17836,-109.0,-134.77
17837,-139.0,-134.75
17838,-146.0,-134.83
17839,-134.0,-134.71
17840,-138.0,-134.66
17841,-137.0,-134.67
17842,-139.0,-134.68
17843,-137.0,-134.62
17844,-137.0,-134.57
17845,-145.0,-134.65
17846,-110.0,-134.37
17847,-131.0,-134.3
17848,-139.0,-134.31
17849,-138.0,-134.59
17850,-139.0,-134.59
17851,-141.0,-134.58
17852,-133.0,-134.82
17853,-109.0,-134.5
17854,-137.0,-134.47
17855,-138.0,-134.48
17856,-132.0,-134.41
17857,-131.0,-134.32
17858,-139.0,-134.31
17859,-139.0,-134.32
17860,-133.0,-134.25
17861,-113.0,-134.0
17862,-138.0,-133.98
17863,-140.0,-133.98
17864,-137.0,-133.95
17865,-139.0,-134.25
17866,-135.0,-134.29
17867,-139.0,-134.58
17868,-137.0,-134.58
17869,-138.0,-134.57
17870,-137.0,-134.57
17871,-139.0,-134.63
17872,-138.0,-134.64
17873,-110.0,-134.36
17874,-142.0,-134.69
17875,-138.0,-134.67
17876,-139.0,-134.66
17877,-109.0,-134.38
17878,-139.0,-134.44
17879,-134.0,-134.39
17880,-139.0,-134.4
17881,-137.0,-134.37
17882,-139.0,-134.38
17883,-141.0,-134.41
17884,-133.0,-134.37
17885,-135.0,-134.33
17886,-141.0,-134.43
17887,-140.0,-134.44
17888,-136.0,-134.38
17889,-138.0,-134.44
17890,-136.0,-134.43
17891,-133.0,-134.43
17892,-137.0,-134.71
17893,-131.0,-134.68
17894,-138.0,-134.67
17895,-135.0,-134.69
17896,-140.0,-134.71
17897,-140.0,-134.71
17898,-137.0,-134.71
17899,-136.0,-134.74
17900,-134.0,-134.67
17901,-133.0,-134.66
17902,-138.0,-134.94
17903,-137.0,-134.91
17904,-139.0,-134.96
17905,-132.0,-134.86
17906,-141.0,-134.9
17907,-137.0,-134.96
17908,-133.0,-135.2
17909,-140.0,-135.23
17910,-142.0,-135.56
17911,-138.0,-135.6
17912,-110.0,-135.38
17913,-137.0,-135.37
17914,-133.0,-135.34
17915,-138.0,-135.37
17916,-138.0,-135.42
17917,-109.0,-135.15
17918,-140.0,-135.22
17919,-138.0,-135.18
17920,-135.0,-135.16
17921,-136.0,-135.15
17922,-136.0,-135.11
17923,-131.0,-135.04
17924,-135.0,-135.02
17925,-135.0,-134.97
17926,-138.0,-134.99
17927,-136.0,-135.03
17928,-140.0,-135.03
17929,-132.0,-135.02
17930,-131.0,-134.95
17931,-109.0,-134.65
17932,-133.0,-134.58
17933,-131.0,-134.5
17934,-139.0,-134.55
17935,-137.0,-134.54
17936,-139.0,-134.84
17937,-136.0,-134.81
17938,-132.0,-134.67
17939,-139.0,-134.72
17940,-131.0,-134.65
17941,-140.0,-134.68
17942,-137.0,-134.66
17943,-140.0,-134.69
17944,-135.0,-134.67
17945,-133.0,-134.55
17946,-109.0,-134.54
17947,-137.0,-134.6
17948,-139.0,-134.6
17949,-135.0,-134.57
17950,-134.0,-134.52
17951,-135.0,-134.46
17952,-136.0,-134.49
17953,-133.0,-134.73
17954,-145.0,-134.81
17955,-139.0,-134.82
17956,-139.0,-134.89
17957,-138.0,-134.96
17958,-140.0,-134.97
17959,-133.0,-134.91
17960,-141.0,-134.99
17961,-131.0,-135.17
17962,-139.0,-135.18
17963,-139.0,-135.17
17964,-137.0,-135.17
17965,-138.0,-135.16
17966,-137.0,-135.18
17967,-132.0,-135.11
17968,-134.0,-135.08
17969,-137.0,-135.07
17970,-137.0,-135.07
17971,-132.0,-135.0
17972,-134.0,-134.96
17973,-138.0,-135.24
17974,-137.0,-135.19
17975,-137.0,-135.18
17976,-133.0,-135.12
17977,-140.0,-135.43
17978,-140.0,-135.44
17979,-133.0,-135.43
17980,-141.0,-135.45
17981,-109.0,-135.17
17982,-110.0,-134.88
17983,-139.0,-134.86
17984,-141.0,-134.94
17985,-137.0,-134.96
17986,-138.0,-134.93
17987,-144.0,-134.97
17988,-135.0,-134.96
17989,-137.0,-134.95
17990,-139.0,-134.98
17991,-139.0,-135.04
17992,-137.0,-135.04
17993,-110.0,-134.83
17994,-133.0,-134.78
17995,-140.0,-134.83
17996,-109.0,-134.52
17997,-132.0,-134.44
17998,-140.0,-134.47
17999,-139.0,-134.5
18000,-135.0,-134.51
18001,-133.0,-134.51
18002,-139.0,-134.52
18003,-139.0,-134.54
18004,-138.0,-134.53
18005,-133.0,-134.54
18006,-140.0,-134.53
18007,-143.0,-134.59
18008,-140.0,-134.66
18009,-132.0,-134.58
18010,-137.0,-134.53
18011,-140.0,-134.55
18012,-135.0,-134.8
18013,-138.0,-134.81
18014,-132.0,-134.8
18015,-133.0,-134.75
18016,-144.0,-134.81
18017,-137.0,-135.09
18018,-138.0,-135.07
18019,-134.0,-135.03
18020,-140.0,-135.08
18021,-139.0,-135.11
18022,-132.0,-135.07
18023,-139.0,-135.15
18024,-109.0,-134.89
18025,-137.0,-134.91
18026,-140.0,-134.93
18027,-110.0,-134.67
18028,-132.0,-134.59
18029,-137.0,-134.64
18030,-138.0,-134.71
18031,-137.0,-134.99
18032,-134.0,-135.0
18033,-131.0,-135.0
18034,-139.0,-135.0
18035,-132.0,-134.95
18036,-132.0,-134.88
18037,-138.0,-134.9
18038,-140.0,-134.98
18039,-137.0,-134.96
18040,-137.0,-135.02
18041,-136.0,-134.98
18042,-140.0,-135.01
18043,-145.0,-135.06
18044,-138.0,-135.09
18045,-140.0,-135.16
18046,-139.0,-135.46
18047,-146.0,-135.55
18048,-137.0,-135.53
18049,-132.0,-135.5
18050,-141.0,-135.57
18051,-135.0,-135.57
18052,-138.0,-135.59
18053,-139.0,-135.65
18054,-137.0,-135.57
18055,-143.0,-135.61
18056,-139.0,-135.61
18057,-140.0,-135.63
18058,-137.0,-135.6
18059,-137.0,-135.64
18060,-133.0,-135.56
18061,-131.0,-135.56
18062,-135.0,-135.52
18063,-137.0,-135.5
18064,-137.0,-135.5
18065,-132.0,-135.44
18066,-136.0,-135.43
18067,-138.0,-135.49
18068,-110.0,-135.25
18069,-139.0,-135.27
18070,-136.0,-135.26
18071,-141.0,-135.35
18072,-109.0,-135.1
18073,-134.0,-135.06
18074,-138.0,-135.07
18075,-139.0,-135.09
18076,-144.0,-135.2
18077,-133.0,-135.13
18078,-133.0,-135.06
18079,-136.0,-135.09
18080,-134.0,-135.02
18081,-141.0,-135.34
18082,-139.0,-135.63
18083,-137.0,-135.61
18084,-140.0,-135.6
18085,-145.0,-135.68
18086,-134.0,-135.64
18087,-139.0,-135.59
18088,-136.0,-135.6
18089,-140.0,-135.63
18090,-134.0,-135.58
18091,-139.0,-135.58
18092,-140.0,-135.61
18093,-139.0,-135.9
18094,-133.0,-135.9
18095,-111.0,-135.61
18096,-138.0,-135.9
18097,-139.0,-135.97
18098,-134.0,-135.91
18099,-138.0,-135.9
18100,-138.0,-135.93
18101,-134.0,-135.94
18102,-133.0,-135.88
18103,-139.0,-135.88
18104,-137.0,-135.87
18105,-133.0,-135.87
18106,-139.0,-135.86
18107,-135.0,-135.78
18108,-134.0,-135.72
18109,-134.0,-135.74
18110,-133.0,-135.7
18111,-137.0,-135.67
18112,-136.0,-135.68
18113,-138.0,-135.68
18114,-133.0,-135.69
18115,-136.0,-135.72
18116,-135.0,-135.63
18117,-132.0,-135.58
18118,-140.0,-135.6
18119,-138.0,-135.64
18120,-140.0,-135.64
18121,-139.0,-135.64
18122,-135.0,-135.67
18123,-138.0,-135.66
18124,-133.0,-135.9
18125,-138.0,-135.91
18126,-110.0,-135.61
18127,-136.0,-135.87
18128,-138.0,-135.93
18129,-139.0,-135.95
18130,-133.0,-135.9
18131,-135.0,-135.88
18132,-131.0,-135.85
18133,-143.0,-135.97
18134,-139.0,-135.97
18135,-135.0,-136.0
18136,-138.0,-136.06
18137,-139.0,-136.07
18138,-133.0,-136.0
18139,-136.0,-135.99
18140,-132.0,-135.94
18141,-134.0,-135.92
18142,-110.0,-135.62
18143,-132.0,-135.49
18144,-109.0,-135.2
18145,-144.0,-135.24
18146,-138.0,-135.23
18147,-133.0,-135.1
18148,-137.0,-135.1
18149,-137.0,-135.15
18150,-141.0,-135.15
18151,-134.0,-135.14
18152,-138.0,-135.14
18153,-135.0,-135.1
18154,-109.0,-134.82
18155,-139.0,-134.78
18156,-145.0,-134.84
18157,-131.0,-134.75
18158,-132.0,-134.7
18159,-136.0,-134.69
18160,-148.0,-134.84
18161,-140.0,-134.93
18162,-108.0,-134.66
18163,-138.0,-134.67
18164,-136.0,-134.66
18165,-137.0,-134.71
18166,-137.0,-134.72
18167,-137.0,-134.71
18168,-132.0,-134.93
18169,-135.0,-134.89
18170,-138.0,-134.91
18171,-132.0,-134.82
18172,-109.0,-134.82
18173,-134.0,-134.82
18174,-140.0,-134.84
18175,-135.0,-134.8
18176,-109.0,-134.45
18177,-137.0,-134.49
18178,-140.0,-134.56
18179,-133.0,-134.53
18180,-138.0,-134.57
18181,-138.0,-134.54
18182,-135.0,-134.5
18183,-140.0,-134.53
18184,-109.0,-134.22
18185,-133.0,-134.1
18186,-141.0,-134.17
18187,-137.0,-134.15
18188,-137.0,-134.16
18189,-133.0,-134.09
18190,-139.0,-134.14
18191,-138.0,-134.13
18192,-140.0,-134.13
18193,-108.0,-133.82
18194,-139.0,-133.88
18195,-140.0,-134.17
18196,-136.0,-134.15
18197,-109.0,-133.85
18198,-132.0,-133.83
18199,-135.0,-133.8
18200,-132.0,-133.74
18201,-139.0,-133.79
18202,-135.0,-133.81
18203,-139.0,-133.81
18204,-136.0,-133.8
18205,-110.0,-133.57
18206,-141.0,-133.59
18207,-133.0,-133.57
18208,-138.0,-133.61
18209,-142.0,-133.69
18210,-111.0,-133.47
18211,-137.0,-133.47
18212,-138.0,-133.49
18213,-139.0,-133.5
18214,-140.0,-133.57
18215,-142.0,-133.63
18216,-135.0,-133.63
18217,-138.0,-133.69
18218,-142.0,-133.71
18219,-138.0,-133.71
18220,-141.0,-133.72
18221,-138.0,-133.71
18222,-138.0,-133.74
18223,-139.0,-133.75
18224,-141.0,-133.83
18225,-139.0,-133.84
18226,-140.0,-134.14
18227,-138.0,-134.16
18228,-142.0,-134.2
18229,-138.0,-134.19
18230,-133.0,-134.19
18231,-140.0,-134.24
18232,-138.0,-134.31
18233,-138.0,-134.26
18234,-133.0,-134.2
18235,-140.0,-134.25
18236,-136.0,-134.23
18237,-136.0,-134.2
18238,-140.0,-134.27
18239,-141.0,-134.32
18240,-140.0,-134.4
18241,-112.0,-134.18
18242,-132.0,-134.4
18243,-137.0,-134.45
18244,-138.0,-134.74
18245,-139.0,-134.69
18246,-110.0,-134.41
18247,-137.0,-134.45
18248,-140.0,-134.48
18249,-137.0,-134.48
18250,-142.0,-134.49
18251,-139.0,-134.54
18252,-139.0,-134.55
18253,-139.0,-134.59
18254,-135.0,-134.85
18255,-137.0,-134.83
18256,-135.0,-134.73
18257,-136.0,-134.78
18258,-134.0,-134.8
18259,-133.0,-134.77
18260,-141.0,-134.7
18261,-140.0,-134.7
18262,-130.0,-134.92
18263,-131.0,-134.85
18264,-138.0,-134.87
18265,-142.0,-134.92
18266,-134.0,-134.89
18267,-137.0,-134.89
18268,-138.0,-134.95
18269,-136.0,-134.96
18270,-140.0,-134.98
18271,-147.0,-135.13
18272,-135.0,-135.39
18273,-132.0,-135.37
18274,-138.0,-135.35
18275,-135.0,-135.35
18276,-133.0,-135.59
18277,-134.0,-135.56
18278,-138.0,-135.54
18279,-138.0,-135.59
18280,-138.0,-135.59
18281,-132.0,-135.53
18282,-133.0,-135.51
18283,-112.0,-135.23
18284,-140.0,-135.54
18285,-142.0,-135.63
18286,-134.0,-135.56
18287,-141.0,-135.6
18288,-135.0,-135.58
18289,-140.0,-135.65
18290,-138.0,-135.64
18291,-141.0,-135.67
18292,-144.0,-135.71
18293,-139.0,-136.02
18294,-141.0,-136.04
18295,-137.0,-136.01
18296,-110.0,-135.75
18297,-138.0,-136.04
18298,-139.0,-136.11
18299,-137.0,-136.13
18300,-138.0,-136.19
18301,-139.0,-136.19
18302,-134.0,-136.18
18303,-138.0,-136.17
18304,-139.0,-136.2
18305,-141.0,-136.51
18306,-142.0,-136.52
18307,-141.0,-136.6
18308,-140.0,-136.62
18309,-138.0,-136.58
18310,-138.0,-136.85
18311,-140.0,-136.88
18312,-138.0,-136.88
18313,-142.0,-136.91
18314,-137.0,-136.88
18315,-136.0,-136.82
18316,-139.0,-136.86
18317,-141.0,-136.89
18318,-140.0,-136.87
18319,-140.0,-136.89
18320,-137.0,-136.85
18321,-109.0,-136.56
18322,-139.0,-136.57
18323,-138.0,-136.56
18324,-139.0,-136.54
18325,-140.0,-136.55
18326,-133.0,-136.48
18327,-138.0,-136.48
18328,-142.0,-136.48
18329,-133.0,-136.43
18330,-139.0,-136.49
18331,-133.0,-136.42
18332,-140.0,-136.44
18333,-135.0,-136.41
18334,-139.0,-136.47
18335,-134.0,-136.41
18336,-135.0,-136.4
18337,-139.0,-136.43
18338,-132.0,-136.35
18339,-140.0,-136.34
18340,-135.0,-136.29
18341,-135.0,-136.52
18342,-138.0,-136.58
18343,-142.0,-136.63
18344,-137.0,-136.62
18345,-137.0,-136.6
18346,-138.0,-136.88
18347,-140.0,-136.91
18348,-133.0,-136.84
18349,-110.0,-136.57
18350,-137.0,-136.52
18351,-139.0,-136.52
18352,-139.0,-136.52
18353,-137.0,-136.5
18354,-139.0,-136.54
18355,-139.0,-136.56
18356,-133.0,-136.54
18357,-141.0,-136.59
18358,-132.0,-136.57
18359,-141.0,-136.65
18360,-140.0,-136.64
18361,-140.0,-136.64
18362,-141.0,-136.75
18363,-142.0,-136.86
18364,-140.0,-136.88
18365,-139.0,-136.85
18366,-139.0,-136.9
18367,-110.0,-136.63
18368,-138.0,-136.63
18369,-139.0,-136.66
18370,-111.0,-136.37
18371,-142.0,-136.32
18372,-110.0,-136.07
18373,-139.0,-136.14
18374,-138.0,-136.14
18375,-136.0,-136.15
18376,-110.0,-135.92
18377,-133.0,-135.91
18378,-134.0,-135.87
18379,-141.0,-135.9
18380,-142.0,-135.94
18381,-143.0,-136.05
18382,-135.0,-136.07
18383,-134.0,-136.29
18384,-141.0,-136.3
18385,-139.0,-136.27
18386,-140.0,-136.33
18387,-139.0,-136.31
18388,-111.0,-136.07
18389,-139.0,-136.06
18390,-112.0,-135.8
18391,-111.0,-135.5
18392,-112.0,-135.18
18393,-135.0,-135.14
18394,-141.0,-135.14
18395,-139.0,-135.16
18396,-112.0,-135.18
18397,-134.0,-135.14
18398,-142.0,-135.17
18399,-140.0,-135.2
18400,-139.0,-135.21
18401,-141.0,-135.23
18402,-140.0,-135.29
18403,-140.0,-135.31
18404,-140.0,-135.32
18405,-137.0,-135.28
18406,-139.0,-135.25
18407,-133.0,-135.17
18408,-136.0,-135.13
18409,-142.0,-135.17
18410,-139.0,-135.18
18411,-134.0,-135.12
18412,-142.0,-135.16
18413,-139.0,-135.13
18414,-138.0,-135.14
18415,-142.0,-135.2
18416,-140.0,-135.21
18417,-118.0,-134.98
18418,-111.0,-134.69
18419,-139.0,-134.68
18420,-135.0,-134.66
18421,-139.0,-134.96
18422,-140.0,-134.97
18423,-133.0,-134.92
18424,-134.0,-134.87
18425,-138.0,-134.85
18426,-136.0,-134.88
18427,-133.0,-134.83
18428,-141.0,-134.82
18429,-142.0,-134.91
18430,-133.0,-134.85
18431,-139.0,-134.91
18432,-143.0,-134.94
18433,-137.0,-134.96
18434,-135.0,-134.92
18435,-135.0,-134.93
18436,-142.0,-135.0
18437,-142.0,-135.03
18438,-139.0,-135.1
18439,-140.0,-135.1
18440,-111.0,-134.86
18441,-111.0,-134.62
18442,-111.0,-134.35
18443,-143.0,-134.36
18444,-134.0,-134.33
18445,-141.0,-134.37
18446,-110.0,-134.09
18447,-139.0,-134.08
18448,-138.0,-134.13
18449,-134.0,-134.37
18450,-120.0,-134.2
18451,-137.0,-134.18
18452,-138.0,-134.17
18453,-140.0,-134.2
18454,-140.0,-134.21
18455,-141.0,-134.23
18456,-135.0,-134.25
18457,-139.0,-134.23
18458,-142.0,-134.33
18459,-139.0,-134.31
18460,-134.0,-134.25
18461,-111.0,-133.96
18462,-134.0,-133.89
18463,-141.0,-133.88
18464,-140.0,-133.88
18465,-140.0,-133.89
18466,-138.0,-133.88
18467,-139.0,-134.17
18468,-135.0,-134.14
18469,-141.0,-134.16
18470,-136.0,-134.41
18471,-134.0,-134.33
18472,-142.0,-134.65
18473,-148.0,-134.74
18474,-136.0,-134.72
18475,-135.0,-134.71
18476,-141.0,-135.02
18477,-140.0,-135.09
18478,-145.0,-135.2
18479,-138.0,-135.17
18480,-143.0,-135.18
18481,-140.0,-135.15
18482,-139.0,-135.19
18483,-145.0,-135.3
18484,-142.0,-135.31
18485,-141.0,-135.33
18486,-113.0,-135.06
18487,-113.0,-134.8
18488,-137.0,-135.06
18489,-134.0,-135.01
18490,-147.0,-135.36
18491,-137.0,-135.62
18492,-112.0,-135.62
18493,-139.0,-135.66
18494,-138.0,-135.63
18495,-142.0,-135.66
18496,-146.0,-136.0
18497,-141.0,-136.07
18498,-139.0,-136.04
18499,-145.0,-136.09
18500,-132.0,-136.02
18501,-138.0,-135.99
18502,-132.0,-135.91
18503,-110.0,-135.61
18504,-133.0,-135.54
18505,-142.0,-135.59
18506,-134.0,-135.54
18507,-142.0,-135.63
18508,-137.0,-135.64
18509,-136.0,-135.58
18510,-137.0,-135.56
18511,-146.0,-135.68
18512,-136.0,-135.62
18513,-137.0,-135.6
18514,-137.0,-135.59
18515,-138.0,-135.55
18516,-133.0,-135.48
18517,-140.0,-135.7
18518,-145.0,-136.04
18519,-134.0,-135.99
18520,-112.0,-135.76
18521,-142.0,-135.79
18522,-141.0,-135.8
18523,-112.0,-135.59
18524,-141.0,-135.66
18525,-112.0,-135.4
18526,-140.0,-135.44
18527,-143.0,-135.54
18528,-112.0,-135.25
18529,-137.0,-135.2
18530,-142.0,-135.29
18531,-141.0,-135.31
18532,-140.0,-135.28
18533,-140.0,-135.31
18534,-138.0,-135.34
18535,-134.0,-135.33
18536,-140.0,-135.31
18537,-142.0,-135.31
18538,-141.0,-135.33
18539,-134.0,-135.27
18540,-149.0,-135.65
18541,-138.0,-135.92
18542,-143.0,-136.24
18543,-140.0,-136.21
18544,-136.0,-136.23
18545,-143.0,-136.25
18546,-135.0,-136.5
18547,-135.0,-136.46
18548,-139.0,-136.47
18549,-141.0,-136.54
18550,-111.0,-136.45
18551,-137.0,-136.45
18552,-142.0,-136.49
18553,-112.0,-136.21
18554,-113.0,-135.94
18555,-144.0,-135.97
18556,-135.0,-135.97
18557,-136.0,-135.94
18558,-146.0,-135.98
18559,-142.0,-136.01
18560,-135.0,-136.02
18561,-135.0,-136.26
18562,-144.0,-136.36
18563,-134.0,-136.29
18564,-139.0,-136.28
18565,-142.0,-136.3
18566,-135.0,-136.27
18567,-143.0,-136.31
18568,-142.0,-136.38
18569,-143.0,-136.4
18570,-143.0,-136.47
18571,-137.0,-136.5
18572,-114.0,-136.22
18573,-137.0,-136.11
18574,-135.0,-136.1
18575,-112.0,-135.87
18576,-143.0,-135.89
18577,-140.0,-135.89
18578,-133.0,-135.77
18579,-136.0,-135.75
18580,-142.0,-135.74
18581,-144.0,-135.78
18582,-142.0,-135.81
18583,-141.0,-135.77
18584,-139.0,-135.74
18585,-139.0,-135.72
18586,-143.0,-136.02
18587,-134.0,-136.23
18588,-140.0,-136.26
18589,-110.0,-136.02
18590,-111.0,-135.66
18591,-110.0,-135.39
18592,-144.0,-135.71
18593,-139.0,-135.71
18594,-137.0,-135.7
18595,-144.0,-135.72
18596,-143.0,-135.69
18597,-134.0,-135.62
18598,-110.0,-135.33
18599,-112.0,-135.0
18600,-140.0,-135.08
18601,-111.0,-134.81
18602,-134.0,-134.83
18603,-147.0,-135.2
18604,-145.0,-135.32
18605,-136.0,-135.26
18606,-142.0,-135.34
18607,-112.0,-135.04
18608,-111.0,-134.78
18609,-144.0,-134.86
18610,-139.0,-134.88
18611,-140.0,-134.82
18612,-140.0,-134.86
18613,-142.0,-134.91
18614,-142.0,-134.96
18615,-135.0,-134.93
18616,-134.0,-134.94
18617,-133.0,-134.87
18618,-134.0,-134.76
18619,-138.0,-134.8
18620,-143.0,-135.11
18621,-141.0,-135.1
18622,-136.0,-135.05
18623,-141.0,-135.34
18624,-144.0,-135.37
18625,-139.0,-135.64
18626,-140.0,-135.64
18627,-141.0,-135.62
18628,-141.0,-135.91
18629,-135.0,-135.89
18630,-143.0,-135.9
18631,-148.0,-135.97
18632,-142.0,-135.99
18633,-141.0,-136.0
18634,-138.0,-136.0
18635,-141.0,-136.07
18636,-140.0,-136.07
18637,-140.0,-136.05
18638,-137.0,-136.01
18639,-145.0,-136.12
18640,-143.0,-136.06
18641,-141.0,-136.09
18642,-142.0,-136.08
18643,-140.0,-136.08
18644,-140.0,-136.12
18645,-142.0,-136.11
18646,-140.0,-136.16
18647,-138.0,-136.19
18648,-143.0,-136.23
18649,-143.0,-136.25
18650,-144.0,-136.58
18651,-136.0,-136.57
18652,-112.0,-136.27
18653,-141.0,-136.56
18654,-139.0,-136.82
18655,-112.0,-136.5
18656,-144.0,-136.59
18657,-138.0,-136.61
18658,-141.0,-136.56
18659,-144.0,-136.58
18660,-137.0,-136.6
18661,-139.0,-136.64
18662,-140.0,-136.6
18663,-147.0,-136.73
18664,-142.0,-136.76
18665,-137.0,-136.71
18666,-141.0,-136.77
18667,-137.0,-136.71
18668,-144.0,-136.73
18669,-142.0,-136.72
18670,-141.0,-136.7
18671,-135.0,-136.68
18672,-140.0,-136.94
18673,-115.0,-136.72
18674,-140.0,-136.77
18675,-141.0,-137.06
18676,-145.0,-137.08
18677,-137.0,-137.05
18678,-144.0,-137.16
18679,-140.0,-137.2
18680,-142.0,-137.2
18681,-139.0,-137.15
18682,-142.0,-137.15
18683,-138.0,-137.12
18684,-145.0,-137.18
18685,-142.0,-137.21
18686,-113.0,-136.91
18687,-144.0,-137.01
18688,-138.0,-136.99
18689,-143.0,-137.32
18690,-138.0,-137.59
18691,-137.0,-137.86
18692,-141.0,-137.83
18693,-141.0,-137.85
18694,-140.0,-137.88
18695,-135.0,-137.79
18696,-142.0,-137.78
18697,-141.0,-137.85
18698,-144.0,-138.19
18699,-148.0,-138.55
18700,-146.0,-138.61
18701,-138.0,-138.88
18702,-149.0,-139.03
18703,-138.0,-138.94
18704,-143.0,-138.92
18705,-144.0,-139.0
18706,-151.0,-139.09
18707,-145.0,-139.42
18708,-138.0,-139.69
18709,-144.0,-139.69
18710,-153.0,-139.83
18711,-144.0,-139.87
18712,-138.0,-139.85
18713,-142.0,-139.85
18714,-145.0,-139.88
18715,-138.0,-139.91
18716,-140.0,-139.97
18717,-141.0,-140.05
18718,-144.0,-140.15
18719,-143.0,-140.2
18720,-143.0,-140.2
18721,-138.0,-140.17
18722,-141.0,-140.22
18723,-117.0,-139.98
18724,-143.0,-139.97
18725,-141.0,-139.99
18726,-146.0,-140.05
18727,-137.0,-140.01
18728,-138.0,-139.98
18729,-141.0,-140.04
18730,-143.0,-140.04
18731,-149.0,-140.05
18732,-142.0,-140.05
18733,-146.0,-140.1
18734,-115.0,-139.87
18735,-142.0,-139.88
18736,-149.0,-139.97
18737,-141.0,-139.98
18738,-145.0,-140.06
18739,-142.0,-140.03
18740,-138.0,-139.98
18741,-137.0,-139.94
18742,-146.0,-139.98
18743,-114.0,-139.72
18744,-147.0,-139.79
18745,-145.0,-139.82
18746,-142.0,-139.84
18747,-139.0,-139.85
18748,-141.0,-139.83
18749,-144.0,-139.84
18750,-139.0,-139.79
18751,-143.0,-139.86
18752,-142.0,-140.16
18753,-140.0,-140.15
18754,-136.0,-140.12
18755,-135.0,-140.35
18756,-140.0,-140.31
18757,-142.0,-140.35
18758,-142.0,-140.36
18759,-144.0,-140.36
18760,-142.0,-140.41
18761,-142.0,-140.44
18762,-135.0,-140.39
18763,-114.0,-140.06
18764,-135.0,-139.99
18765,-142.0,-140.04
18766,-146.0,-140.09
18767,-143.0,-140.15
18768,-139.0,-140.1
18769,-138.0,-140.06
18770,-110.0,-139.75
18771,-141.0,-139.81
18772,-137.0,-139.78
18773,-138.0,-140.01
18774,-140.0,-140.01
18775,-141.0,-140.01
18776,-138.0,-139.94
18777,-141.0,-139.98
18778,-136.0,-139.9
18779,-112.0,-139.62
18780,-138.0,-139.58
18781,-139.0,-139.58
18782,-141.0,-139.57
18783,-137.0,-139.56
18784,-141.0,-139.52
18785,-141.0,-139.51
18786,-141.0,-139.79
18787,-142.0,-139.77
18788,-139.0,-139.78
18789,-135.0,-139.7
18790,-142.0,-139.74
18791,-143.0,-139.8
18792,-138.0,-139.77
18793,-139.0,-139.75
18794,-139.0,-139.74
18795,-136.0,-139.75
18796,-116.0,-139.49
18797,-151.0,-139.59
18798,-114.0,-139.29
18799,-144.0,-139.25
18800,-135.0,-139.14
18801,-143.0,-139.19
18802,-142.0,-139.12
18803,-140.0,-139.14
18804,-117.0,-138.88
18805,-143.0,-138.87
18806,-138.0,-138.74
18807,-136.0,-138.65
18808,-117.0,-138.44
18809,-137.0,-138.37
18810,-141.0,-138.25
18811,-113.0,-137.94
18812,-137.0,-137.93
18813,-141.0,-137.92
18814,-141.0,-137.88
18815,-135.0,-137.85
18816,-139.0,-137.84
18817,-141.0,-137.84
18818,-141.0,-137.81
18819,-113.0,-137.51
18820,-140.0,-137.48
18821,-136.0,-137.46
18822,-139.0,-137.44
18823,-137.0,-137.64
18824,-139.0,-137.6
18825,-139.0,-137.58
18826,-149.0,-137.61
18827,-143.0,-137.67
18828,-144.0,-137.73
18829,-146.0,-137.78
18830,-140.0,-137.75
18831,-140.0,-137.66
18832,-139.0,-137.63
18833,-137.0,-137.54
18834,-136.0,-137.75
18835,-137.0,-137.7
18836,-139.0,-137.6
18837,-139.0,-137.58
18838,-148.0,-137.61
18839,-151.0,-137.7
18840,-140.0,-137.72
18841,-118.0,-137.53
18842,-143.0,-137.5
18843,-140.0,-137.76
18844,-140.0,-137.69
18845,-139.0,-137.63
18846,-138.0,-137.59
18847,-141.0,-137.61
18848,-139.0,-137.59
18849,-135.0,-137.5
18850,-137.0,-137.48
18851,-137.0,-137.42
18852,-138.0,-137.38
18853,-141.0,-137.39
18854,-141.0,-137.44
18855,-112.0,-137.21
18856,-137.0,-137.18
18857,-136.0,-137.12
18858,-140.0,-137.1
18859,-116.0,-136.82
18860,-140.0,-136.8
18861,-140.0,-136.78
18862,-138.0,-136.81
18863,-140.0,-137.07
18864,-139.0,-137.11
18865,-140.0,-137.09
18866,-140.0,-137.03
18867,-134.0,-136.94
18868,-141.0,-136.96
18869,-115.0,-136.73
18870,-138.0,-137.01
18871,-140.0,-137.0
18872,-139.0,-137.02
18873,-136.0,-137.0
18874,-139.0,-136.99
18875,-111.0,-136.69
18876,-114.0,-136.45
18877,-138.0,-136.42
18878,-141.0,-136.47
18879,-142.0,-136.77
18880,-137.0,-136.76
18881,-149.0,-136.86
18882,-141.0,-136.86
18883,-145.0,-136.94
18884,-149.0,-137.02
18885,-147.0,-137.08
18886,-138.0,-137.05
18887,-140.0,-137.03
18888,-137.0,-137.01
18889,-144.0,-137.1
18890,-139.0,-137.07
18891,-141.0,-137.05
18892,-142.0,-137.09
18893,-138.0,-137.08
18894,-143.0,-137.12
18895,-147.0,-137.23
18896,-141.0,-137.48
18897,-148.0,-137.45
18898,-139.0,-137.7
18899,-141.0,-137.67
18900,-134.0,-137.66
18901,-146.0,-137.69
18902,-146.0,-137.73
18903,-146.0,-137.79
18904,-137.0,-137.99
18905,-142.0,-137.98
18906,-141.0,-138.01
18907,-117.0,-137.82
18908,-140.0,-138.05
18909,-142.0,-138.1
18910,-138.0,-138.07
18911,-149.0,-138.43
18912,-140.0,-138.46
18913,-146.0,-138.51
18914,-138.0,-138.48
18915,-117.0,-138.3
18916,-141.0,-138.32
18917,-139.0,-138.3
18918,-115.0,-138.04
18919,-143.0,-138.34
18920,-145.0,-138.39
18921,-142.0,-138.45
18922,-141.0,-138.47
18923,-141.0,-138.51
18924,-141.0,-138.53
18925,-144.0,-138.58
18926,-146.0,-138.55
18927,-141.0,-138.53
18928,-145.0,-138.54
18929,-132.0,-138.4
18930,-142.0,-138.42
18931,-152.0,-138.54
18932,-117.0,-138.32
18933,-158.0,-138.53
18934,-144.0,-138.61
18935,-140.0,-138.64
18936,-140.0,-138.65
18937,-145.0,-138.71
18938,-138.0,-138.61
18939,-144.0,-138.54
18940,-142.0,-138.56
18941,-148.0,-138.86
18942,-141.0,-138.84
18943,-146.0,-138.9
18944,-150.0,-139.0
18945,-148.0,-139.09
18946,-138.0,-139.09
18947,-145.0,-139.13
18948,-138.0,-139.12
18949,-144.0,-139.21
18950,-144.0,-139.28
18951,-137.0,-139.28
18952,-145.0,-139.35
18953,-150.0,-139.44
18954,-144.0,-139.47
18955,-148.0,-139.83
18956,-139.0,-139.85
18957,-141.0,-139.9
18958,-112.0,-139.62
18959,-140.0,-139.86
18960,-134.0,-139.8
18961,-140.0,-139.8
18962,-148.0,-139.9
18963,-150.0,-140.0
18964,-141.0,-140.02
18965,-116.0,-139.78
18966,-140.0,-139.78
18967,-142.0,-139.86
18968,-145.0,-139.9
18969,-140.0,-140.15
18970,-142.0,-140.19
18971,-144.0,-140.23
18972,-136.0,-140.2
18973,-145.0,-140.29
18974,-138.0,-140.28
18975,-144.0,-140.61
18976,-149.0,-140.96
18977,-137.0,-140.95
18978,-146.0,-141.0
18979,-143.0,-141.01
18980,-142.0,-141.06
18981,-143.0,-141.0
18982,-118.0,-140.77
18983,-140.0,-140.72
18984,-139.0,-140.62
18985,-193.0,-141.08
18986,-143.0,-141.13
18987,-145.0,-141.18
18988,-137.0,-141.18
18989,-138.0,-141.12
18990,-144.0,-141.17
18991,-139.0,-141.15
18992,-139.0,-141.12
18993,-159.0,-141.33
18994,-147.0,-141.37
18995,-136.0,-141.26
18996,-148.0,-141.33
18997,-145.0,-141.3
18998,-137.0,-141.28
18999,-140.0,-141.27
19000,-139.0,-141.32
19001,-140.0,-141.26
19002,-116.0,-140.96
19003,-142.0,-140.92
19004,-137.0,-140.92
19005,-154.0,-141.04
19006,-140.0,-141.03
19007,-200.0,-141.86
19008,-200.0,-142.46
19009,-142.0,-142.46
19010,-142.0,-142.5
19011,-147.0,-142.48
19012,-131.0,-142.39
19013,-143.0,-142.36
19014,-145.0,-142.43
19015,-145.0,-142.71
19016,-158.0,-142.88
19017,-200.0,-143.49
19018,-145.0,-143.79
19019,-200.0,-144.36
19020,-200.0,-144.91
19021,-200.0,-145.49
19022,-141.0,-145.49
19023,-200.0,-146.08
19024,-144.0,-146.11
19025,-200.0,-146.67
19026,-153.0,-146.74
19027,-147.0,-146.8
19028,-150.0,-146.85
19029,-200.0,-147.53
19030,-200.0,-148.11
19031,-147.0,-148.06
19032,-145.0,-148.34
19033,-200.0,-148.76
19034,-153.0,-148.85
19035,-124.0,-148.69
19036,-200.0,-149.29
19037,-200.0,-149.84
19038,-200.0,-150.46
19039,-135.0,-150.37
19040,-141.0,-150.36
19041,-146.0,-150.34
19042,-139.0,-150.32
19043,-137.0,-150.23
19044,-143.0,-150.16
19045,-140.0,-150.08
19046,-144.0,-150.14
19047,-120.0,-149.89
19048,-141.0,-149.92
19049,-146.0,-149.94
19050,-149.0,-149.99
19051,-142.0,-150.04
19052,-149.0,-150.08
19053,-147.0,-150.05
19054,-146.0,-150.07
19055,-151.0,-150.1
19056,-139.0,-150.1
19057,-147.0,-150.16
19058,-146.0,-150.5
19059,-145.0,-150.55
19060,-200.0,-151.21
19061,-143.0,-151.24
19062,-141.0,-151.17
19063,-143.0,-151.1
19064,-146.0,-151.15
19065,-140.0,-151.39
19066,-143.0,-151.42
19067,-152.0,-151.52
19068,-149.0,-151.56
19069,-142.0,-151.58
19070,-119.0,-151.35
19071,-144.0,-151.35
19072,-143.0,-151.42
19073,-146.0,-151.43
19074,-141.0,-151.46
19075,-200.0,-152.02
19076,-144.0,-151.97
19077,-141.0,-152.01
19078,-152.0,-152.07
19079,-141.0,-152.05
19080,-151.0,-152.14
19081,-142.0,-152.13
19082,-155.0,-152.5
19083,-146.0,-152.56
19084,-144.0,-152.61
19085,-148.0,-152.16
19086,-117.0,-151.9
19087,-140.0,-151.85
19088,-141.0,-151.89
19089,-144.0,-151.95
19090,-140.0,-151.91
19091,-140.0,-151.92
19092,-140.0,-151.93
19093,-146.0,-151.8
19094,-147.0,-151.8
19095,-147.0,-151.91
19096,-121.0,-151.64
19097,-150.0,-151.69
19098,-146.0,-151.78
19099,-141.0,-151.79
19100,-148.0,-151.88
19101,-147.0,-151.95
19102,-142.0,-152.21
19103,-143.0,-152.22
19104,-146.0,-152.31
19105,-147.0,-152.24
19106,-145.0,-152.29
19107,-148.0,-151.77
19108,-145.0,-151.22
19109,-122.0,-151.02
19110,-146.0,-151.06
19111,-148.0,-151.07
19112,-147.0,-151.23
19113,-148.0,-151.28
19114,-151.0,-151.34
19115,-143.0,-151.32
19116,-149.0,-151.23
19117,-148.0,-150.71
19118,-145.0,-150.71
19119,-147.0,-150.18
19120,-149.0,-149.67
19121,-148.0,-149.15
19122,-147.0,-149.21
19123,-123.0,-148.44
19124,-149.0,-148.49
19125,-148.0,-147.97
19126,-155.0,-147.99
19127,-144.0,-147.96
19128,-149.0,-147.95
19129,-141.0,-147.36
19130,-151.0,-146.87
19131,-147.0,-146.87
19132,-154.0,-146.96
19133,-144.0,-146.4
19134,-156.0,-146.43
19135,-150.0,-146.69
19136,-152.0,-146.21
19137,-149.0,-145.7
19138,-147.0,-145.17
19139,-140.0,-145.22
19140,-148.0,-145.29
19141,-145.0,-145.28
19142,-149.0,-145.38
19143,-148.0,-145.49
19144,-151.0,-145.57
19145,-147.0,-145.64
19146,-146.0,-145.66
19147,-148.0,-145.94
19148,-144.0,-145.97
19149,-143.0,-145.94
19150,-151.0,-145.96
19151,-146.0,-146.0
19152,-142.0,-145.93
19153,-147.0,-145.93
19154,-122.0,-145.69
19155,-151.0,-145.69
19156,-126.0,-145.56
19157,-147.0,-145.56
19158,-147.0,-145.57
19159,-146.0,-145.58
19160,-142.0,-145.0
19161,-147.0,-145.04
19162,-147.0,-145.1
19163,-147.0,-145.14
19164,-151.0,-145.19
19165,-124.0,-145.03
19166,-122.0,-144.82
19167,-147.0,-144.77
19168,-151.0,-144.79
19169,-144.0,-144.81
19170,-146.0,-145.08
19171,-146.0,-145.1
19172,-148.0,-145.15
19173,-148.0,-145.17
19174,-148.0,-145.24
19175,-150.0,-144.74
19176,-143.0,-144.73
19177,-141.0,-144.73
19178,-150.0,-144.71
19179,-146.0,-144.76
19180,-146.0,-144.71
19181,-146.0,-144.75
19182,-144.0,-144.64
19183,-144.0,-144.62
19184,-145.0,-144.63
19185,-148.0,-144.63
19186,-145.0,-144.91
19187,-142.0,-144.93
19188,-144.0,-144.96
19189,-148.0,-145.0
19190,-147.0,-145.07
19191,-142.0,-145.09
19192,-142.0,-145.11
19193,-141.0,-145.06
19194,-150.0,-145.09
19195,-121.0,-144.83
19196,-147.0,-145.09
19197,-148.0,-145.07
19198,-120.0,-144.81
19199,-148.0,-144.88
19200,-144.0,-144.84
19201,-154.0,-144.91
19202,-157.0,-145.06
19203,-156.0,-145.19
19204,-144.0,-145.17
19205,-140.0,-145.1
19206,-151.0,-145.16
19207,-145.0,-145.13
19208,-148.0,-145.16
19209,-142.0,-145.36
19210,-145.0,-145.35
19211,-119.0,-145.06
19212,-144.0,-145.03
19213,-148.0,-145.03
19214,-160.0,-145.12
19215,-144.0,-145.13
19216,-147.0,-145.11
19217,-122.0,-144.85
19218,-148.0,-144.88
19219,-148.0,-144.89
19220,-149.0,-144.89
19221,-142.0,-144.83
19222,-142.0,-144.78
19223,-143.0,-144.98
19224,-148.0,-144.97
19225,-146.0,-144.95
19226,-144.0,-144.84
19227,-141.0,-144.81
19228,-146.0,-144.78
19229,-144.0,-144.81
19230,-142.0,-144.72
19231,-144.0,-144.69
19232,-144.0,-144.59
19233,-152.0,-144.67
19234,-152.0,-144.63
19235,-152.0,-144.65
19236,-153.0,-144.66
19237,-147.0,-144.64
19238,-151.0,-144.68
19239,-145.0,-144.73
19240,-147.0,-144.72
19241,-122.0,-144.49
19242,-146.0,-144.46
19243,-146.0,-144.44
19244,-146.0,-144.39
19245,-148.0,-144.4
19246,-150.0,-144.44
19247,-144.0,-144.4
19248,-145.0,-144.41
19249,-147.0,-144.45
19250,-146.0,-144.4
19251,-151.0,-144.45
19252,-149.0,-144.52
19253,-121.0,-144.26
19254,-150.0,-144.54
19255,-156.0,-144.59
19256,-143.0,-144.76
19257,-149.0,-144.78
19258,-143.0,-144.74
19259,-153.0,-144.81
19260,-146.0,-144.85
19261,-148.0,-144.86
19262,-122.0,-144.61
19263,-150.0,-144.64
19264,-150.0,-144.63
19265,-144.0,-144.83
19266,-157.0,-145.18
19267,-145.0,-145.16
19268,-161.0,-145.26
19269,-146.0,-145.28
19270,-150.0,-145.32
19271,-147.0,-145.33
19272,-147.0,-145.32
19273,-151.0,-145.35
19274,-150.0,-145.37
19275,-149.0,-145.36
19276,-148.0,-145.41
19277,-143.0,-145.43
19278,-145.0,-145.38
19279,-155.0,-145.47
19280,-151.0,-145.52
19281,-152.0,-145.58
19282,-151.0,-145.65
19283,-148.0,-145.69
19284,-145.0,-145.69
19285,-147.0,-145.68
19286,-153.0,-145.76
19287,-152.0,-145.86
19288,-146.0,-145.88
19289,-121.0,-145.61
19290,-154.0,-145.68
19291,-153.0,-145.79
19292,-150.0,-145.87
19293,-149.0,-145.95
19294,-144.0,-145.89
19295,-146.0,-146.14
19296,-143.0,-146.1
19297,-145.0,-146.07
19298,-148.0,-146.35
19299,-142.0,-146.29
19300,-147.0,-146.32
19301,-148.0,-146.26
19302,-144.0,-146.13
19303,-143.0,-146.0
19304,-148.0,-146.04
19305,-148.0,-146.12
19306,-149.0,-146.1
19307,-144.0,-146.09
19308,-143.0,-146.04
19309,-149.0,-146.11
19310,-151.0,-146.17
19311,-120.0,-146.18
19312,-119.0,-145.93
19313,-146.0,-145.91
19314,-147.0,-145.78
19315,-144.0,-145.78
19316,-142.0,-145.73
19317,-145.0,-145.96
19318,-142.0,-145.9
19319,-146.0,-145.88
19320,-149.0,-145.88
19321,-149.0,-145.95
19322,-149.0,-146.02
19323,-144.0,-146.03
19324,-148.0,-146.03
19325,-200.0,-146.57
19326,-143.0,-146.56
19327,-147.0,-146.62
19328,-145.0,-146.61
19329,-149.0,-146.66
19330,-144.0,-146.68
19331,-153.0,-146.77
19332,-200.0,-147.33
19333,-153.0,-147.34
19334,-142.0,-147.24
19335,-186.0,-147.58
19336,-144.0,-147.49
19337,-141.0,-147.43
19338,-151.0,-147.43
19339,-144.0,-147.42
19340,-141.0,-147.36
19341,-148.0,-147.62
19342,-144.0,-147.6
19343,-144.0,-147.58
19344,-144.0,-147.56
19345,-144.0,-147.52
19346,-156.0,-147.58
19347,-148.0,-147.62
19348,-146.0,-147.63
19349,-150.0,-147.66
19350,-147.0,-147.67
19351,-152.0,-147.68
19352,-145.0,-147.64
19353,-144.0,-147.87
19354,-147.0,-147.84
19355,-154.0,-147.82
19356,-149.0,-147.88
19357,-142.0,-147.81
19358,-147.0,-147.85
19359,-143.0,-147.75
19360,-143.0,-147.72
19361,-148.0,-147.72
19362,-146.0,-147.96
19363,-146.0,-147.92
19364,-147.0,-147.89
19365,-147.0,-147.92
19366,-154.0,-147.89
19367,-147.0,-147.91
19368,-149.0,-147.79
19369,-151.0,-147.84
19370,-151.0,-147.85
19371,-148.0,-147.86
19372,-142.0,-147.81
19373,-149.0,-147.79
19374,-154.0,-147.83
19375,-158.0,-147.92
19376,-141.0,-147.85
19377,-149.0,-147.91
19378,-143.0,-147.89
19379,-191.0,-148.25
19380,-200.0,-148.74
19381,-150.0,-148.72
19382,-147.0,-148.68
19383,-149.0,-148.69
19384,-150.0,-148.74
19385,-148.0,-148.75
19386,-142.0,-148.64
19387,-122.0,-148.34
19388,-143.0,-148.31
19389,-143.0,-148.53
19390,-144.0,-148.43
19391,-154.0,-148.44
19392,-146.0,-148.4
19393,-143.0,-148.34
19394,-143.0,-148.33
19395,-149.0,-148.36
19396,-151.0,-148.44
19397,-146.0,-148.45
19398,-148.0,-148.45
19399,-200.0,-149.03
19400,-144.0,-149.0
19401,-148.0,-149.0
19402,-143.0,-148.99
19403,-150.0,-149.06
19404,-141.0,-148.99
19405,-122.0,-148.73
19406,-143.0,-148.67
19407,-190.0,-149.13
19408,-142.0,-149.12
19409,-154.0,-149.17
19410,-200.0,-149.66
19411,-149.0,-149.95
19412,-155.0,-150.31
19413,-150.0,-150.35
19414,-146.0,-150.34
19415,-145.0,-150.35
19416,-153.0,-150.46
19417,-147.0,-150.48
19418,-148.0,-150.54
19419,-151.0,-150.59
19420,-147.0,-150.57
19421,-150.0,-150.58
19422,-145.0,-150.54
19423,-147.0,-150.57
19424,-125.0,-150.34
19425,-124.0,-149.58
19426,-156.0,-149.71
19427,-120.0,-149.44
19428,-145.0,-149.44
19429,-200.0,-149.95
19430,-151.0,-150.02
19431,-145.0,-149.94
19432,-149.0,-149.43
19433,-146.0,-149.36
19434,-145.0,-149.39
19435,-200.0,-149.53
19436,-144.0,-149.53
19437,-148.0,-149.6
19438,-146.0,-149.55
19439,-150.0,-149.61
19440,-158.0,-149.78
19441,-146.0,-149.76
19442,-200.0,-150.32
19443,-121.0,-150.09
19444,-149.0,-150.14
19445,-152.0,-150.22
19446,-157.0,-150.23
19447,-161.0,-150.36
19448,-151.0,-150.41
19449,-151.0,-150.42
19450,-149.0,-150.44
19451,-150.0,-150.42
19452,-146.0,-150.43
19453,-148.0,-150.47
19454,-121.0,-150.21
19455,-159.0,-150.26
19456,-143.0,-150.2
19457,-145.0,-150.23
19458,-150.0,-150.26
19459,-143.0,-150.26
19460,-151.0,-150.34
19461,-154.0,-150.4
19462,-154.0,-150.48
19463,-160.0,-150.62
19464,-148.0,-150.63
19465,-155.0,-150.71
19466,-156.0,-150.73
19467,-122.0,-150.48
19468,-151.0,-150.5
19469,-148.0,-150.47
19470,-151.0,-150.47
19471,-150.0,-150.49
19472,-151.0,-150.58
19473,-149.0,-150.58
19474,-150.0,-150.54
19475,-150.0,-150.46
19476,-152.0,-150.57
19477,-122.0,-150.3
19478,-148.0,-150.35
19479,-151.0,-149.95
19480,-147.0,-149.42
19481,-145.0,-149.37
19482,-145.0,-149.35
19483,-142.0,-149.28
19484,-148.0,-149.26
19485,-147.0,-149.25
19486,-145.0,-149.28
19487,-143.0,-149.49
19488,-143.0,-149.49
19489,-147.0,-149.53
19490,-142.0,-149.51
19491,-142.0,-149.39
19492,-141.0,-149.34
19493,-144.0,-149.35
19494,-147.0,-149.39
19495,-145.0,-149.35
19496,-120.0,-149.04
19497,-119.0,-148.77
19498,-145.0,-148.74
19499,-145.0,-148.19
19500,-143.0,-148.18
19501,-143.0,-148.13
19502,-145.0,-148.15
19503,-150.0,-148.15
19504,-155.0,-148.29
19505,-147.0,-148.54
19506,-154.0,-148.65
19507,-149.0,-148.24
19508,-143.0,-148.25
19509,-120.0,-147.91
19510,-147.0,-147.38
19511,-147.0,-147.36
19512,-145.0,-147.26
19513,-145.0,-147.21
19514,-146.0,-147.21
19515,-155.0,-147.31
19516,-145.0,-147.23
19517,-150.0,-147.26
19518,-150.0,-147.28
19519,-143.0,-147.2
19520,-143.0,-147.16
19521,-147.0,-147.13
19522,-147.0,-147.15
19523,-148.0,-147.16
19524,-140.0,-147.31
19525,-146.0,-147.53
19526,-153.0,-147.5
19527,-119.0,-147.49
19528,-145.0,-147.49
19529,-151.0,-147.0
19530,-142.0,-146.91
19531,-147.0,-146.93
19532,-119.0,-146.63
19533,-152.0,-146.69
19534,-150.0,-146.74
19535,-150.0,-146.24
19536,-143.0,-146.23
19537,-146.0,-146.21
19538,-143.0,-146.18
19539,-146.0,-146.14
19540,-144.0,-146.0
19541,-147.0,-146.01
19542,-146.0,-145.47
19543,-143.0,-145.69
19544,-140.0,-145.6
19545,-146.0,-145.54
19546,-144.0,-145.41
19547,-153.0,-145.33
19548,-143.0,-145.25
19549,-144.0,-145.18
19550,-151.0,-145.2
19551,-147.0,-145.17
19552,-141.0,-145.12
19553,-200.0,-145.64
19554,-154.0,-145.97
19555,-144.0,-145.82
19556,-145.0,-145.84
19557,-145.0,-145.84
19558,-149.0,-145.83
19559,-118.0,-145.58
19560,-145.0,-145.52
19561,-151.0,-145.49
19562,-145.0,-145.4
19563,-145.0,-145.25
19564,-146.0,-145.23
19565,-143.0,-145.11
19566,-146.0,-145.01
19567,-141.0,-145.2
19568,-145.0,-145.14
19569,-145.0,-145.11
19570,-139.0,-144.99
19571,-148.0,-144.97
19572,-145.0,-144.91
19573,-142.0,-144.84
19574,-144.0,-144.78
19575,-147.0,-144.75
19576,-147.0,-144.7
19577,-145.0,-144.93
19578,-151.0,-144.96
19579,-145.0,-144.9
19580,-145.0,-144.88
19581,-144.0,-144.87
19582,-150.0,-144.92
19583,-150.0,-145.0
19584,-151.0,-145.03
19585,-158.0,-145.14
19586,-149.0,-145.18
19587,-145.0,-145.2
19588,-123.0,-145.0
19589,-148.0,-145.01
19590,-148.0,-145.07
19591,-147.0,-145.12
19592,-146.0,-145.17
19593,-150.0,-145.23
19594,-147.0,-145.23
19595,-151.0,-145.29
19596,-125.0,-145.34
19597,-145.0,-145.6
19598,-148.0,-145.63
19599,-200.0,-146.18
19600,-200.0,-146.75
19601,-149.0,-146.81
19602,-186.0,-147.22
19603,-200.0,-147.72
19604,-144.0,-147.61
19605,-195.0,-148.09
19606,-126.0,-147.81
19607,-146.0,-147.78
19608,-200.0,-148.35
19609,-200.0,-149.15
19610,-146.0,-149.14
19611,-200.0,-149.67
19612,-145.0,-149.67
19613,-200.0,-150.22
19614,-200.0,-150.76
19615,-200.0,-151.21
19616,-152.0,-151.28
19617,-200.0,-151.78
19618,-200.0,-152.28
19619,-200.0,-152.85
19620,-200.0,-153.42
19621,-200.0,-153.95
19622,-200.0,-154.48
19623,-200.0,-155.0
19624,-147.0,-155.07
19625,-200.0,-155.61
19626,-146.0,-155.54
19627,-200.0,-156.35
19628,-200.0,-156.9
19629,-200.0,-157.39
19630,-155.0,-157.52
19631,-200.0,-158.05
19632,-152.0,-158.38
19633,-158.0,-158.44
19634,-151.0,-158.45
19635,-155.0,-158.5
19636,-147.0,-158.54
19637,-150.0,-158.58
19638,-153.0,-158.68
19639,-151.0,-158.73
19640,-198.0,-159.27
19641,-200.0,-159.8
19642,-200.0,-160.34
19643,-154.0,-160.45
19644,-150.0,-160.55
19645,-154.0,-160.63
19646,-145.0,-160.64
19647,-157.0,-160.68
19648,-140.0,-160.65
19649,-154.0,-160.75
19650,-145.0,-160.69
19651,-153.0,-160.75
19652,-181.0,-161.15
19653,-151.0,-160.66
19654,-150.0,-160.62
19655,-150.0,-160.68
19656,-150.0,-160.73
19657,-150.0,-160.78
19658,-156.0,-160.85
19659,-156.0,-161.23
19660,-146.0,-161.24
19661,-152.0,-161.25
19662,-156.0,-161.36
19663,-154.0,-161.45
19664,-200.0,-161.99
19665,-149.0,-162.05
19666,-200.0,-162.59
19667,-153.0,-162.71
19668,-154.0,-162.8
19669,-152.0,-162.87
19670,-146.0,-162.94
19671,-149.0,-162.95
19672,-148.0,-162.98
19673,-152.0,-163.08
19674,-149.0,-163.13
19675,-144.0,-163.1
19676,-153.0,-163.16
19677,-154.0,-163.25
19678,-193.0,-163.67
19679,-144.0,-163.66
19680,-149.0,-163.7
19681,-145.0,-163.71
19682,-150.0,-163.71
19683,-151.0,-163.72
19684,-158.0,-163.79
19685,-151.0,-163.72
19686,-148.0,-163.71
19687,-147.0,-163.73
19688,-150.0,-164.0
19689,-145.0,-163.97
19690,-143.0,-163.92
19691,-151.0,-163.96
19692,-154.0,-164.04
19693,-148.0,-164.02
19694,-149.0,-164.04
19695,-122.0,-163.75
19696,-147.0,-163.97
19697,-146.0,-163.98
19698,-146.0,-163.96
19699,-200.0,-163.96
19700,-154.0,-163.5
19701,-152.0,-163.53
19702,-152.0,-163.19
19703,-143.0,-162.62
19704,-150.0,-162.68
19705,-144.0,-162.17
19706,-148.0,-162.39
19707,-200.0,-162.93
19708,-195.0,-162.88
19709,-146.0,-162.34
19710,-146.0,-162.34
19711,-146.0,-161.8
19712,-147.0,-161.82
19713,-152.0,-161.34
19714,-152.0,-160.86
19715,-149.0,-160.35
19716,-157.0,-160.4
19717,-119.0,-159.59
19718,-157.0,-159.16
19719,-149.0,-158.65
19720,-152.0,-158.17
19721,-146.0,-157.63
19722,-144.0,-157.07
19723,-149.0,-156.56
19724,-127.0,-156.36
19725,-150.0,-155.86
19726,-152.0,-155.92
19727,-151.0,-155.43
19728,-146.0,-154.89
19729,-127.0,-154.16
19730,-160.0,-154.21
19731,-154.0,-153.75
19732,-155.0,-153.78
19733,-150.0,-153.7
19734,-153.0,-153.72
19735,-142.0,-153.59
19736,-151.0,-153.63
19737,-150.0,-153.63
19738,-147.0,-153.57
19739,-153.0,-153.59
19740,-146.0,-153.07
19741,-147.0,-152.54
19742,-148.0,-152.02
19743,-149.0,-151.97
19744,-123.0,-151.7
19745,-161.0,-151.77
19746,-147.0,-151.79
19747,-152.0,-151.74
19748,-160.0,-151.94
19749,-143.0,-151.83
19750,-153.0,-151.91
19751,-149.0,-151.87
19752,-156.0,-151.62
19753,-153.0,-151.64
19754,-147.0,-151.61
19755,-152.0,-151.63
19756,-153.0,-151.66
19757,-142.0,-151.58
19758,-157.0,-151.59
19759,-125.0,-151.28
19760,-187.0,-151.69
19761,-152.0,-151.69
19762,-153.0,-151.66
19763,-153.0,-151.65
19764,-162.0,-151.27
19765,-152.0,-151.3
19766,-148.0,-150.78
19767,-154.0,-150.79
19768,-160.0,-150.85
19769,-143.0,-150.76
19770,-148.0,-150.78
19771,-158.0,-150.87
19772,-145.0,-150.84
19773,-148.0,-150.8
19774,-149.0,-150.8
19775,-156.0,-150.92
19776,-122.0,-150.61
19777,-155.0,-150.62
19778,-146.0,-150.15
19779,-150.0,-150.21
19780,-151.0,-150.23
19781,-147.0,-150.25
19782,-200.0,-150.75
19783,-155.0,-150.79
19784,-148.0,-150.69
19785,-143.0,-150.61
19786,-155.0,-150.68
19787,-200.0,-151.21
19788,-200.0,-151.71
19789,-146.0,-151.72
19790,-157.0,-151.86
19791,-145.0,-151.8
19792,-146.0,-151.72
19793,-141.0,-151.65
19794,-200.0,-152.16
19795,-147.0,-152.41
19796,-200.0,-152.94
19797,-161.0,-153.09
19798,-161.0,-153.24
19799,-200.0,-153.24
19800,-200.0,-153.7
19801,-200.0,-154.18
19802,-200.0,-154.66
19803,-200.0,-155.23
19804,-145.0,-155.18
19805,-155.0,-155.29
19806,-145.0,-155.26
19807,-148.0,-154.74
19808,-200.0,-154.79
19809,-154.0,-154.87
19810,-153.0,-154.94
19811,-200.0,-155.48
19812,-147.0,-155.48
19813,-157.0,-155.53
19814,-146.0,-155.47
19815,-150.0,-155.48
19816,-200.0,-155.91
19817,-200.0,-156.72
19818,-200.0,-157.15
19819,-200.0,-157.66
19820,-200.0,-158.14
19821,-200.0,-158.68
19822,-200.0,-159.24
19823,-200.0,-159.75
19824,-200.0,-160.48
19825,-200.0,-160.98
19826,-200.0,-161.46
19827,-200.0,-161.95
19828,-200.0,-162.49
19829,-158.0,-162.8
19830,-187.0,-163.07
19831,-200.0,-163.53
19832,-146.0,-163.44
19833,-153.0,-163.47
19834,-200.0,-163.94
19835,-200.0,-164.52
19836,-150.0,-164.51
19837,-200.0,-165.01
19838,-200.0,-165.54
19839,-200.0,-166.01
19840,-200.0,-166.55
19841,-142.0,-166.5
19842,-155.0,-166.57
19843,-200.0,-167.08
19844,-145.0,-167.3
19845,-200.0,-167.69
19846,-151.0,-167.73
19847,-155.0,-167.76
19848,-157.0,-167.73
19849,-181.0,-168.11
19850,-200.0,-168.58
19851,-160.0,-168.69
19852,-155.0,-168.68
19853,-151.0,-168.66
19854,-145.0,-168.64
19855,-161.0,-168.73
19856,-151.0,-168.71
19857,-149.0,-168.78
19858,-154.0,-168.75
19859,-159.0,-169.09
19860,-200.0,-169.22
19861,-200.0,-169.7
19862,-148.0,-169.65
19863,-154.0,-169.66
19864,-147.0,-169.51
19865,-200.0,-169.99
19866,-148.0,-169.99
19867,-200.0,-170.45
19868,-200.0,-170.85
19869,-153.0,-170.95
19870,-178.0,-171.25
19871,-152.0,-171.19
19872,-149.0,-171.23
19873,-150.0,-171.25
19874,-147.0,-171.23
19875,-154.0,-171.21
19876,-155.0,-171.54
19877,-156.0,-171.55
19878,-153.0,-171.62
19879,-154.0,-171.66
19880,-162.0,-171.77
19881,-154.0,-171.84
19882,-144.0,-171.28
19883,-153.0,-171.26
19884,-153.0,-171.31
19885,-151.0,-171.39
19886,-152.0,-171.36
19887,-145.0,-170.81
19888,-158.0,-170.39
19889,-149.0,-170.42
19890,-154.0,-170.39
19891,-147.0,-170.41
19892,-150.0,-170.45
19893,-149.0,-170.53
19894,-152.0,-170.05
19895,-153.0,-170.11
19896,-179.0,-169.9
19897,-157.0,-169.86
19898,-200.0,-170.25
19899,-150.0,-169.75
19900,-183.0,-169.58
19901,-154.0,-169.12
19902,-200.0,-169.12
19903,-200.0,-169.12
19904,-147.0,-169.14
19905,-149.0,-169.08
19906,-147.0,-169.1
19907,-155.0,-169.17
19908,-153.0,-168.7
19909,-200.0,-169.16
19910,-200.0,-169.63
19911,-149.0,-169.12
19912,-149.0,-169.14
19913,-200.0,-169.57
19914,-200.0,-170.11
19915,-150.0,-170.11
19916,-200.0,-170.11
19917,-156.0,-169.67
19918,-151.0,-169.18
19919,-200.0,-169.18
19920,-200.0,-169.18
19921,-200.0,-169.18
19922,-156.0,-168.74
19923,-200.0,-168.74
19924,-200.0,-168.74
19925,-200.0,-168.74
19926,-150.0,-168.24
19927,-200.0,-168.24
19928,-152.0,-167.76
19929,-147.0,-167.65
19930,-149.0,-167.27
19931,-145.0,-166.72
19932,-148.0,-166.74
19933,-145.0,-166.66
19934,-148.0,-166.14
19935,-153.0,-165.67
19936,-147.0,-165.64
19937,-152.0,-165.16
19938,-147.0,-164.63
19939,-143.0,-164.06
19940,-150.0,-163.56
19941,-159.0,-163.73
19942,-150.0,-163.68
19943,-151.0,-163.19
19944,-179.0,-163.53
19945,-150.0,-163.03
19946,-152.0,-163.04
19947,-149.0,-162.98
19948,-151.0,-162.92
19949,-150.0,-162.61
19950,-147.0,-162.08
19951,-146.0,-161.94
19952,-159.0,-161.98
19953,-200.0,-162.47
19954,-150.0,-162.52
19955,-157.0,-162.48
19956,-159.0,-162.56
19957,-155.0,-162.62
19958,-149.0,-162.57
19959,-157.0,-162.55
19960,-159.0,-162.14
19961,-149.0,-161.63
19962,-149.0,-161.64
19963,-151.0,-161.61
19964,-154.0,-161.68
19965,-143.0,-161.11
19966,-169.0,-161.32
19967,-145.0,-160.77
19968,-200.0,-160.77
19969,-175.0,-160.99
19970,-178.0,-160.99
19971,-143.0,-160.9
19972,-145.0,-160.86
19973,-200.0,-161.36
19974,-149.0,-161.38
19975,-147.0,-161.31
19976,-175.0,-161.51
19977,-145.0,-161.4
19978,-200.0,-161.87
19979,-200.0,-162.33
19980,-148.0,-162.19
19981,-199.0,-162.64
19982,-144.0,-162.64
19983,-148.0,-162.59
19984,-145.0,-162.51
19985,-200.0,-163.0
19986,-200.0,-163.48
19987,-200.0,-164.03
19988,-122.0,-163.67
19989,-138.0,-163.56
19990,-164.0,-163.66
19991,-140.0,-163.59
19992,-200.0,-164.09
19993,-154.0,-164.14
19994,-149.0,-164.11
19995,-148.0,-164.06
19996,-148.0,-163.75
19997,-153.0,-163.71
19998,-147.0,-163.18
19999,-158.0,-163.26
20000,-147.0,-162.9
